{"type":"FeatureCollection","crs":{"type":"name","properties":{"name":"urn:ogc:def:crs:OGC:1.3:CRS84"}},"features":[{"type":"Feature","geometry":{"type":"Point","coordinates":[50.0918061998,53.1909438852]},"properties":{"name":"Здание женской гимназии (дом Поплавского), 1902 г. арх. Щербачев А.А.  Здание, в котором находилась женская гимназия Н.А.Хардиной","description":"Регистрационный номер в реестре: 651410034530006 Приказ МКРФ №2333 от 23.12.2014<br\/>Вид объекта: памятник градостроительства и архитектуры<br\/>Категория: Федерального значения<br\/>Время создания объекта: 1902 г.<br\/>Адрес: ул. Куйбышева, 125<br\/>Документ принятия на охрану: Указ Президента РФ от 20.02.1995 г. № 176  Р.ОИ от 06.05.87 г. № 165 (истор)<br\/>Границы территории: Постановление Правительства Самарской области от 05.05.2012 г. № 243 Приложения постановление правительства Самарской области от 11 декабря 2014 г. № 775<br\/>Зона Охраны: Постановление Правительства Самарской области от 05.05.2012 г. № 243 Приложения постановление правительства Самарской области от 11 декабря 2014 г. № 775","votes":0,"styleName":"okn_point_federal"},"id":9383785},{"type":"Feature","geometry":{"type":"Point","coordinates":[50.0799830976,53.1822886589]},"properties":{"name":"Здание женской гимназии, XIX в.   дополнительное наименование Дом, в котором помещалась женская гимназия, в ней в 1889-1893 гг. училась М.И. Ульянова","description":"Регистрационный номер в реестре: 651410034520006 Приказ МКРФ №2333 от 23.12.2014<br\/>Вид объекта: памятник градостроительства и архитектуры<br\/>Категория: Федерального значения<br\/>Время создания объекта: XIX в.<br\/>Адрес: ул. Комсомольская, 16\/ул. А. Толстого, 38<br\/>Документ принятия на охрану: Указ Президента РФ от 20.02.1995 г. № 176   РОИ № 617 от 19.11.1966г<br\/>Границы территории: Постановление Правительства Самарской области от 05.05.2012 г. № 243 Приложения постановление правительства Самарской области от 11 декабря 2014 г. № 775<br\/>Зона Охраны: Постановление Правительства Самарской области от 05.05.2012 г. № 243 Приложения постановление правительства Самарской области от 11 декабря 2014 г. № 775","votes":0,"styleName":"okn_point_federal"},"id":9383786},{"type":"Feature","geometry":{"type":"Point","coordinates":[50.0821860691,53.1843967097]},"properties":{"name":"Особняк Сурошникова, 1907 г. арх. Щербачев А.А. ","description":"Регистрационный номер в реестре: 651410034510006 Приказ МКРФ №2333 от 23.12.2014<br\/>Вид объекта: памятник градостроительства и архитектуры<br\/>Категория: Федерального значения<br\/>Время создания объекта: 1907 г.<br\/>Адрес: ул. Пионерская, 22 <br\/>Документ принятия на охрану: Указ Президента РФ от 20.02.1995 г. № 176<br\/>Границы территории: Приказ УГООКН 29 от 06.04.2016<br\/>Зона Охраны: Постановление Правительства Самарской области от 22.04.2012 г. № 188 ОБЪЕДИНЕННАЯ","votes":0,"styleName":"okn_point_federal"},"id":9383787},{"type":"Feature","geometry":{"type":"Point","coordinates":[50.081962714,53.1839220463]},"properties":{"name":"Особняк Неронова, 1840 г.","description":"Регистрационный номер в реестре: 651410034500006 Приказ МКРФ №2333 от 23.12.2014  631811316720006<br\/>Вид объекта: памятник градостроительства и архитектуры<br\/>Категория: Федерального значения<br\/>Время создания объекта: 1840 г.<br\/>Адрес: ул. Пионерская, 19 <br\/>Документ принятия на охрану: Указ Президента РФ от 20.02.1995 г. № 176<br\/>Границы территории: Приказ УГООКН 29 от 06.04.2016<br\/>Зона Охраны: Постановление Правительства Самарской области от 22.04.2012 г. № 188 ОБЪЕДИНЕННАЯ","votes":0,"styleName":"okn_point_federal"},"id":9383788},{"type":"Feature","geometry":{"type":"Point","coordinates":[50.0931836338,53.193403697]},"properties":{"name":"Особняк Клодта, 1898 г., арх. Щербачев А.А. ","description":"Регистрационный номер в реестре: 651410034490006 Приказ МКРФ №2333 от 23.12.2014  631811316630006<br\/>Вид объекта: памятник градостроительства и архитектуры<br\/>Категория: Федерального значения<br\/>Время создания объекта: 1898 г.<br\/>Адрес: ул. Куйбышева, 139<br\/>Документ принятия на охрану: Указ Президента РФ от 20.02.1995 г. № 176<br\/>Границы территории: Постановление Правительства Самарской области от 05.05.2012 г. № 243 Приложения постановление правительства Самарской области от 11 декабря 2014 г. № 775<br\/>Зона Охраны: Постановление Правительства Самарской области от 05.05.2012 г. № 243 Приложения постановление правительства Самарской области от 11 декабря 2014 г. № 775","votes":0,"styleName":"okn_point_federal"},"id":9383789},{"type":"Feature","geometry":{"type":"Point","coordinates":[50.089400423,53.1874484927]},"properties":{"name":"Здание Самарской публичной библиотеки, где в 1889-1893 гг. работал Ленин Владимир Ильич. Дом Санина ","description":"Регистрационный номер в реестре: 651410034470006 Приказ МКРФ №2333 от 23.12.2014<br\/>Вид объекта: памятник истории<br\/>Категория: Федерального значения<br\/>Время создания объекта: 1872 г.\u2013 дата создания 1889 \u2013 1893 гг. \u2013<br\/>Адрес: ул. Куйбышева, 95<br\/>Документ принятия на охрану: Постановление Сов. Мин. РСФСР от 04.12.74 г.  № 624;  Р.ОИ от 19.11.66 г.№ 617  Р.ОИ от 06.05.87 г.№ 165<br\/>Границы территории: Постановление Правительства Самарской области от 05.05.2012 г. № 243 Приложения постановление правительства Самарской области от 11 декабря 2014 г. № 775<br\/>Зона Охраны: Постановление Правительства Самарской области от 05.05.2012 г. № 243 Приложения постановление правительства Самарской области от 11 декабря 2014 г. № 775","votes":0,"styleName":"okn_point_federal"},"id":9383790},{"type":"Feature","geometry":{"type":"Point","coordinates":[50.0907701424,53.1910368903]},"properties":{"name":"Здание коммерческого клуба, 2-я пол XIX в.  уточненное наименование Здание бывшего Коммерческого клуба, в котором в январе 1890 года В.И.Ленин встречался с передовой, революционно настроенной молодежью","description":"Регистрационный номер в реестре: 651410034460006 Приказ МКРФ №2333 от 23.12.2014<br\/>Вид объекта: памятник градостроительства и архитектуры  памятник истории<br\/>Категория: Федерального значения<br\/>Время создания объекта: вторая половина XIX в.  1860-1870 гг.  1890г.<br\/>Адрес: ул. Куйбышева, 104<br\/>Документ принятия на охрану: Указ Президента РФ от 20.02.1995 г. № 176  Р.ОИ от 06.05.87 г. № 165  Р.ОИ от 15.05.1981г. № 22<br\/>Границы территории: Постановление Правительства Самарской области от 05.05.2012 г. № 243 Приложения постановление правительства Самарской области от 11 декабря 2014 г. № 775<br\/>Зона Охраны: Постановление Правительства Самарской области от 05.05.2012 г. № 243 Приложения постановление правительства Самарской области от 11 декабря 2014 г. № 775","votes":0,"styleName":"okn_point_federal"},"id":9383791},{"type":"Feature","geometry":{"type":"Point","coordinates":[50.0982066875,53.1965956862]},"properties":{"name":"Дом губернатора («Белый дом»), XIX в.","description":"Регистрационный номер в реестре: 651410034450006 Приказ МКРФ №2333 от 23.12.2014<br\/>Вид объекта: памятник градостроительства и архитектуры<br\/>Категория: Федерального значения<br\/>Время создания объекта: XIX век<br\/>Адрес: ул. Фрунзе, 167  <br\/>Документ принятия на охрану: Указ Президента РФ от 20.02.1995 г. № 176<br\/>Границы территории: Постановление Правительства Самарской области от 05.05.2012 г. № 243 Приложения постановление правительства Самарской области от 11 декабря 2014 г. № 775<br\/>Зона Охраны: Постановление Правительства Самарской области от 05.05.2012 г. № 243 Приложения постановление правительства Самарской области от 11 декабря 2014 г. № 775","votes":0,"styleName":"okn_point_federal"},"id":9383792},{"type":"Feature","geometry":{"type":"Point","coordinates":[50.2104773527,53.213418334]},"properties":{"name":"Комплекс дачи Головкина, нач. ХХ в., арх.Головкин К.П.  уточненное наименование Дача Головкина (ансамбль): дом жилой, скульптуры слонов (2 шт)","description":"Регистрационный номер в реестре: 651410024410006 Приказ МКРФ №2333 от 23.12.2014<br\/>Вид объекта: ансамбль градостроительства и архитектуры.<br\/>Категория: Федерального значения<br\/>Время создания объекта: начало ХХ в.<br\/>Адрес: Советской Армии ул., 126   <br\/>Документ принятия на охрану: Указ Президента РФ от 20.02.1995 г. № 176 <br\/>Границы территории: Постановление Правительства Самарской области от 20.12.2012 №784<br\/>Зона Охраны: постановление Правительства Самарской области от 25.05.2018 №287","votes":0,"styleName":"okn_point_federal"},"id":9383793},{"type":"Feature","geometry":{"type":"Point","coordinates":[50.0949140737,53.1957379147]},"properties":{"name":"Особняк Наумова, 1902г. арх. Щербачев А.А.   Дом, в котором в 1917-1918гг. работал ревком под председательством Куйбышева Валериана Владимировича","description":"Регистрационный номер в реестре: 651410024290006 Приказ МКРФ №2333 от 23.12.2014<br\/>Вид объекта: памятник градостроительства и архитектуры  памятник истории<br\/>Категория: Федерального значения<br\/>Время создания объекта: 1902г.  <br\/>Адрес: ул. Куйбышева, 151  <br\/>Документ принятия на охрану: Указ Президента РФ от 20.02.1995 г. № 176  Постановление Сов. Министров РСФСР  от 30.08.1960г. № 1327 <br\/>Границы территории: Постановление Правительства Самарской области от 05.05.2012 г. № 243 Приложения постановление правительства Самарской области от 11 декабря 2014 г. № 775<br\/>Зона Охраны: Постановление Правительства Самарской области от 05.05.2012 г. № 243 Приложения постановление правительства Самарской области от 11 декабря 2014 г. № 775","votes":0,"styleName":"okn_point_federal"},"id":9383794},{"type":"Feature","geometry":{"type":"Point","coordinates":[50.0967822824,53.1934652979]},"properties":{"name":" Польский костел. 1906 г., арх. Богданович Ф.О. ","description":"Регистрационный номер в реестре: 651410023910006 Приказ МКРФ №2333 от 23.12.2014<br\/>Вид объекта: ансамбль градостроительства и архитектуры<br\/>Категория: Федерального значения<br\/>Время создания объекта: 1906 г.<br\/>Адрес: Фрунзе ул., 157<br\/>Документ принятия на охрану: Указ Президента РФ от 20.02.1995 г. № 176<br\/>Границы территории: Постановление Правительства Самарской области от 05.05.2012 г. № 243 Приложения постановление правительства Самарской области от 11 декабря 2014 г. № 775<br\/>Зона Охраны: Постановление Правительства Самарской области от 05.05.2012 г. № 243 Приложения постановление правительства Самарской области от 11 декабря 2014 г. № 775","votes":0,"styleName":"okn_point_federal"},"id":9383795},{"type":"Feature","geometry":{"type":"Point","coordinates":[50.0905949649,53.1892953286]},"properties":{"name":"Здание гостиницы «Гранд-Отель», 1909 г., арх. Квятковский","description":"Регистрационный номер в реестре: 651410023900006 Приказ МКРФ №2333 от 23.12.2014  631811316710006<br\/>Вид объекта: памятник градостроительства и архитектуры<br\/>Категория: Федерального значения<br\/>Время создания объекта: 1909 г.<br\/>Адрес: ул. Куйбышева, 111<br\/>Документ принятия на охрану: Указ Президента РФ от 20.02.1995 г. № 176<br\/>Границы территории: Постановление Правительства Самарской области от 05.05.2012 г. № 243 Приложения постановление правительства Самарской области от 11 декабря 2014 г. № 775<br\/>Зона Охраны: Постановление Правительства Самарской области от 05.05.2012 г. № 243 Приложения постановление правительства Самарской области от 11 декабря 2014 г. № 775","votes":0,"styleName":"okn_point_federal"},"id":9383796},{"type":"Feature","geometry":{"type":"Point","coordinates":[50.0969018637,53.196901877]},"properties":{"name":"Памятник В.И. Чапаеву","description":"Регистрационный номер в реестре: 651410023890006 Приказ МКРФ №2333 от 23.12.2014<br\/>Вид объекта: памятник искусства скульптор . Манизер М.Г. , арх.  И.Г. Лангбард, бронза<br\/>Категория: Федерального значения<br\/>Время создания объекта: 1932 г.<br\/>Адрес: Площадь имени Чапаева<br\/>Документ принятия на охрану: Постанов. Сов.Мин. РСФСР от  30.08.60 г. № 1327\/№1\/<br\/>Границы территории: Постановление Правительства Самарской области от 05.05.2012 г. № 243 Приложения постановление правительства Самарской области от 11 декабря 2014 г. № 775<br\/>Зона Охраны: Постановление Правительства Самарской области от 05.05.2012 г. № 243 Приложения постановление правительства Самарской области от 11 декабря 2014 г. № 775","resource":"","image":"","audio":"","video":"","votes":0,"reestrId":"","styleName":"okn_point_federal"},"id":9383797},{"type":"Feature","geometry":{"type":"Point","coordinates":[50.0785147383,53.1851705047]},"properties":{"name":"Дом, в котором жил Ленин Владимир Ильич в 1889-1890гг.  Дом Пономарева-Каткова  уточненное наименование Дом Пономарева-Каткова, в котором находилась 2-я квартира семьи Ульяновых","description":"Регистрационный номер в реестре: 651410023880006 Приказ МКРФ №2333 от 23.12.2014<br\/>Вид объекта: памятник истории <br\/>Категория: Федерального значения<br\/>Время создания объекта: 1889-1890 гг.  1840 \u2013е г. <br\/>Адрес: ул. Пионерская, 6<br\/>Документ принятия на охрану: Постанов. Сов.Мин. РСФСР от  30.08.60 г. № 1327\/№1\/  Р.ОИ от 06.05.87 г. № 165 (архитектуры)  Р.ОИ от 19.11.66 г. № 617<br\/>Границы территории: Постановление Правительства Самарской области от 05.05.2012 г. № 243 Приложения постановление правительства Самарской области от 11 декабря 2014 г. № 775<br\/>Зона Охраны: Постановление Правительства Самарской области от 05.05.2012 г. № 243 Приложения постановление правительства Самарской области от 11 декабря 2014 г. № 775","votes":0,"styleName":"okn_point_federal"},"id":9383798},{"type":"Feature","geometry":{"type":"Point","coordinates":[50.0779271635,53.1777123521]},"properties":{"name":"Особняк Субботина-Шихобалова. 1878 - 1879 гг., арх. Шретер В.А., Де-Рошфор","description":"Регистрационный номер в реестре: 651410023860006 Приказ МКРФ №2333 от 23.12.2014<br\/>Вид объекта: памятник градостроительства и архитектуры<br\/>Категория: Федерального значения<br\/>Время создания объекта: 1878-1879 гг.<br\/>Адрес: А.Толстого ул., 15<br\/>Документ принятия на охрану: Указ Президента РФ от 20.02.1995 г. № 176<br\/>Границы территории: Постановление Правительства Самарской области от 05.05.2012 г. № 243 Приложения постановление правительства Самарской области от 11 декабря 2014 г. № 775<br\/>Зона Охраны: Постановление Правительства Самарской области от 05.05.2012 г. № 243 Приложения постановление правительства Самарской области от 11 декабря 2014 г. № 775","votes":0,"styleName":"okn_point_federal"},"id":9383799},{"type":"Feature","geometry":{"type":"Point","coordinates":[50.0948064952,53.1950810497]},"properties":{"name":"Здание пивного бара  фон Вокано, 1903 г.","description":"Регистрационный номер в реестре: 651410023850006 Приказ МКРФ №2333 от 23.12.2014<br\/>Вид объекта: памятник градостроительства и архитектуры<br\/>Категория: Федерального значения<br\/>Время создания объекта: 1903 г.<br\/>Адрес: ул. Красноармейская, 4<br\/>Документ принятия на охрану: Указ Президента РФ от 20.02.1995 г. № 176<br\/>Границы территории: Постановление Правительства Самарской области от 05.05.2012 г. № 243 Приложения постановление правительства Самарской области от 11 декабря 2014 г. № 775<br\/>Зона Охраны: Постановление Правительства Самарской области от 05.05.2012 г. № 243 Приложения постановление правительства Самарской области от 11 декабря 2014 г. № 775","votes":0,"styleName":"okn_point_federal"},"id":9383800},{"type":"Feature","geometry":{"type":"Point","coordinates":[50.108146186,53.1890802369]},"properties":{"name":"Покровский собор, 1861г. ","description":"Регистрационный номер в реестре: 651410023840006 Приказ МКРФ №2333 от 23.12.2014<br\/>Вид объекта: ансамбль градостроительства и архитектуры<br\/>Категория: Федерального значения<br\/>Время создания объекта: 1861г.<br\/>Адрес: ул. Ленинская, 77 <br\/>Документ принятия на охрану: Указ Президента РФ от 20.02.1995 г. № 176<br\/>Границы территории: Постановление Правительства Самарской области от 26.08.2014 г. № 519 <br\/>Зона Охраны: Постановление Правительства Самарской области от 26.08.2014 г. № 519 ","votes":0,"styleName":"okn_point_federal"},"id":9383801},{"type":"Feature","geometry":{"type":"Point","coordinates":[50.0937282281,53.1842231721]},"properties":{"name":"Дом Неклюдиной, 2-я пол. XIX в.  Дом, в котором в 1918 г. помещался клуб коммунистов и в июне 1918г. был штаб обороны г.Самары","description":"Регистрационный номер в реестре: 651410023830006 Приказ МКРФ №2333 от 23.12.2014<br\/>Вид объекта: памятник градостроительства и архитектуры<br\/>Категория: Федерального значения<br\/>Время создания объекта: 2-я пол. XIX в. 1900 г. 1918 г.<br\/>Адрес: ул. Венцека, 48<br\/>Документ принятия на охрану: Указ Президента РФ от 20.02.1995 г. № 176  Р.ОИ от 19.11.66 г. № 617  Р.ОИ от 06.05.87 г. № 165<br\/>Границы территории: Постановление Правительства Самарской области от 05.05.2012 г. № 243 Приложения постановление правительства Самарской области от 11 декабря 2014 г. № 775<br\/>Зона Охраны: Постановление Правительства Самарской области от 05.05.2012 г. № 243 Приложения постановление правительства Самарской области от 11 декабря 2014 г. № 775","votes":0,"styleName":"okn_point_federal"},"id":9383802},{"type":"Feature","geometry":{"type":"Point","coordinates":[50.0965425124,53.1829824832]},"properties":{"name":"Дом, в котором в 1922-1924 гг. датский писатель-коммунист Мартин Андерсен Нексе содержал детский дом для 65 детей-сирот","description":"Регистрационный номер в реестре: 651410023820006 Приказ МКРФ №2333 от 23.12.2014<br\/>Вид объекта: памятник истории<br\/>Категория: Федерального значения<br\/>Время создания объекта: 1922-1924гг.<br\/>Адрес: ул. Галактионовская, 21 <br\/>Документ принятия на охрану: Постановление Сов. Министров РСФСР от 04.12.1974 г. № 624<br\/>Границы территории: Постановление Правительства Самарской области от 05.05.2012 г. № 243 Приложения постановление правительства Самарской области от 11 декабря 2014 г. № 775<br\/>Зона Охраны: Постановление Правительства Самарской области от 05.05.2012 г. № 243 Приложения постановление правительства Самарской области от 11 декабря 2014 г. № 775","votes":0,"styleName":"okn_point_federal"},"id":9383803},{"type":"Feature","geometry":{"type":"Point","coordinates":[50.1074804121,53.1893900742]},"properties":{"name":"Пушкинский народный дом, 1903г., арх. Ф.П.Засухин  Бывший Пушкинский народный дом \u2013 центр революционного движения в г.Самаре в 1905г., ныне  клуб им. Революции 1905 г. ","description":"Регистрационный номер в реестре: 651410023810006 Приказ МКРФ №2333 от 23.12.2014<br\/>Вид объекта: памятник градостроительства и архитектуры  памятник истории<br\/>Категория: Федерального значения<br\/>Время создания объекта: 1903г.<br\/>Адрес: ул. Л.Толстого, 64  уточненный адрес:  ул. Ленинская, 118-120\/ул. Льва Толстого, 94  <br\/>Документ принятия на охрану: Указ Президента РФ от 20.02.1995 г. № 176  Р.ОИ от 19.11.66 г. № 617<br\/>Границы территории: Постановление Правительства Самарской области от 26.08.2014 г. № 519<br\/>Зона Охраны: Постановление Правительства Самарской области от 26.08.2014 г. № 519","votes":0,"styleName":"okn_point_federal"},"id":9383804},{"type":"Feature","geometry":{"type":"Point","coordinates":[50.1108848493,53.193109056]},"properties":{"name":"Дом, в котором жил В.И. Ленин в 1890-1893 гг. В доме \u2013 мемориальный музей В.И.Ленина  уточненное наименование Дом купца Рытикова, в котором жил В.И. Ленин в 1890-1893 гг. В доме \u2013 мемориальный музей В.И.Ленина ","description":"Регистрационный номер в реестре: 651410023800006 Приказ МКРФ №2333 от 23.12.2014<br\/>Вид объекта: памятник истории<br\/>Категория: Федерального значения<br\/>Время создания объекта: 1890-1893 гг.<br\/>Адрес: ул. Ворошилова, 135    ул. Ленинская, 131-135\/ул.Рабочая, 37 <br\/>Документ принятия на охрану: Постанов. Сов. Мин. РСФСР от 30.08.60 г. № 1327 (№ 1) Р.ОИ от 19.11.66 г. № 617<br\/>Границы территории: Постановление Правительства Самарской области от 26.08.2014 г. № 519 <br\/>Зона Охраны: Постановление Правительства Самарской области от 26.08.2014 г. № 519 ","votes":0,"styleName":"okn_point_federal"},"id":9383805},{"type":"Feature","geometry":{"type":"Point","coordinates":[50.0818809973,53.1883710207]},"properties":{"name":"Здание управления Средневолжского речного пароходства, 1936 - 1937 гг., арх. Ушаков А.И.","description":"Регистрационный номер в реестре: 651410023590006 Приказ МКРФ №2333 от 23.12.2014<br\/>Вид объекта: памятник градостроительства и архитектуры<br\/>Категория: Федерального значения<br\/>Время создания объекта: 1936 - 1937 гг.<br\/>Адрес: ул. Горького, 105<br\/>Документ принятия на охрану: Указ Президента РФ от 20.02.1995 г. № 176<br\/>Границы территории: Постановление Правительства Самарской области от 05.05.2012 г. № 243 Приложения постановление правительства Самарской области от 11 декабря 2014 г. № 775<br\/>Зона Охраны: Постановление Правительства Самарской области от 05.05.2012 г. № 243 Приложения постановление правительства Самарской области от 11 декабря 2014 г. № 775","votes":0,"styleName":"okn_point_federal"},"id":9383806},{"type":"Feature","geometry":{"type":"Point","coordinates":[50.0874960538,53.1898245704]},"properties":{"name":"Дом, в котором жил в 1895 году Горький Алексей Максимович. В доме \u2013 мемориальный музей А.М.Горького","description":"Регистрационный номер в реестре: 651410023570006 Приказ МКРФ №2333 от 23.12.2014<br\/>Вид объекта: памятник истории<br\/>Категория: Федерального значения<br\/>Время создания объекта: 1895 г.<br\/>Адрес: ул. Степана Разина, 126<br\/>Документ принятия на охрану: Постанов. Сов.Мин. РСФСР  от 30.08.60  г. № 1327 (№1)  <br\/>Границы территории: Постановление Правительства Самарской области от 05.05.2012 г. № 243 Приложения постановление правительства Самарской области от 11 декабря 2014 г. № 775<br\/>Зона Охраны: Постановление Правительства Самарской области от 05.05.2012 г. № 243 Приложения постановление правительства Самарской области от 11 декабря 2014 г. № 775","votes":0,"styleName":"okn_point_federal"},"id":9383807},{"type":"Feature","geometry":{"type":"Point","coordinates":[50.081304016,53.1840005704]},"properties":{"name":"Особняк  Путилова, 1853г., арх. Мейснер А.И.","description":"Регистрационный номер в реестре: 651410023560006 Приказ МКРФ №2333 от 23.12.2014<br\/>Вид объекта: памятник градостроительства и архитектуры<br\/>Категория: Федерального значения<br\/>Время создания объекта: 1853г.<br\/>Адрес: А.Толстого, ул. 50 <br\/>Документ принятия на охрану: Указ Президента РФ от 20.02.1995 г. № 176<br\/>Границы территории: Приказ УГООКН 29 от 06.04.2016<br\/>Зона Охраны: Постановление Правительства Самарской области от 22.04.2016 г. № 188 ОБЪЕДИНЕННАЯ","votes":0,"styleName":"okn_point_federal"},"id":9383808},{"type":"Feature","geometry":{"type":"Point","coordinates":[50.0897910958,53.1894471869]},"properties":{"name":"Здание Волжско-Камского коммерческого банка. 1913 - 1915 гг., арх. Якунин В.И.   Дополнительное наименование - Здание, в котором выступали М.А. Нексе и В.В. Маяковский","description":"Регистрационный номер в реестре: 651410023540006 Приказ МКРФ №2333 от 23.12.2014<br\/>Вид объекта: памятник градостроительства и архитектуры,  памятник истории<br\/>Категория: Федерального значения<br\/>Время создания объекта: 1913-1915 гг.<br\/>Адрес: ул. Куйбышева, 92<br\/>Документ принятия на охрану: Указ Президента РФ от 20.02.1995 г. № 176  РКОИ от 06.05.1987 № 165 РКОИ от 19.11.1966 № 617<br\/>Границы территории: Постановление Правительства Самарской области от 05.05.2012 г. № 243 Приложения постановление правительства Самарской области от 11 декабря 2014 г. № 775<br\/>Зона Охраны: Постановление Правительства Самарской области от 05.05.2012 г. № 243 Приложения постановление правительства Самарской области от 11 декабря 2014 г. № 775","votes":0,"styleName":"okn_point_federal"},"id":9383809},{"type":"Feature","geometry":{"type":"Point","coordinates":[50.0949452679,53.1960529538]},"properties":{"name":"Здание Крестьянского и Дворянского банков, 1912 г. арх. Фон-Гоген А.И.","description":"Регистрационный номер в реестре: 631811316620006<br\/>Вид объекта: памятник градостроительства и архитектуры<br\/>Категория: Федерального значения<br\/>Время создания объекта: 1912 г.<br\/>Адрес: ул. Куйбышева, 153<br\/>Документ принятия на охрану: Указ Президента РФ от 20.02.1995 г. № 176<br\/>Границы территории: Постановление Правительства Самарской области от 05.05.2012 г. № 243 Приложения постановление правительства Самарской области от 11 декабря 2014 г. № 775<br\/>Зона Охраны: Постановление Правительства Самарской области от 05.05.2012 г. № 243 Приложения постановление правительства Самарской области от 11 декабря 2014 г. № 775","votes":0,"styleName":"okn_point_federal"},"id":9383810},{"type":"Feature","geometry":{"type":"Point","coordinates":[50.0910217098,53.1898648807]},"properties":{"name":"Комплекс Кирхи, 1865-1875 гг., арх. Еремеев Н.Н.  дополнительное наименование Дом, в котором в 1937-1950гг. находился Куйбышевский областной союз художников, активными деятелями которого были художники И.Ф.Борисов, Г.Н.Подбельский, А.И.Волков и скульптор В.П.Акимов","description":"Регистрационный номер в реестре: 631521022470006<br\/>Вид объекта: ансамбль истории<br\/>Категория: Федерального значения<br\/>Время создания объекта: 1865-1875 гг.<br\/>Адрес: ул. Куйбышева, 117<br\/>Документ принятия на охрану: Указ Президента РФ от 20.02.1995 г. № 176<br\/>Границы территории: Постановление Правительства Самарской области от 05.05.2012 г. № 243 Приложения постановление правительства Самарской области от 11 декабря 2014 г. № 775<br\/>Зона Охраны: Постановление Правительства Самарской области от 05.05.2012 г. № 243 Приложения постановление правительства Самарской области от 11 декабря 2014 г. № 775","votes":0,"styleName":"okn_point_federal"},"id":9383811},{"type":"Feature","geometry":{"type":"Point","coordinates":[50.0873902443,53.1840306611]},"properties":{"name":"Дом, где в квартире члена группы русских якобинцев-бланкистов М.П. Голубевой-Ясеневой в 1891-1893 гг.  Ленин. Владимир Ильич неоднократно бывал","description":"Регистрационный номер в реестре: 631510308160006<br\/>Вид объекта: памятник истории<br\/>Категория: Федерального значения<br\/>Время создания объекта: 1891-1893 гг.<br\/>Адрес: ул. Куйбышева, 65<br\/>Документ принятия на охрану: Постанов. Сов.Мин. РСФСР 04.12.74 г. № 624  <br\/>Границы территории: Постановление Правительства Самарской области от 05.05.2012 г. № 243 Приложения постановление правительства Самарской области от 11 декабря 2014 г. № 775<br\/>Зона Охраны: Постановление Правительства Самарской области от 05.05.2012 г. № 243 Приложения постановление правительства Самарской области от 11 декабря 2014 г. № 775","votes":0,"styleName":"okn_point_federal"},"id":9383812},{"type":"Feature","geometry":{"type":"Point","coordinates":[50.0972858091,53.1975174044]},"properties":{"name":"Здание городского театра. 1888 г., арх. Чичагов М.Н. ","description":"Регистрационный номер в реестре: 631510247710006<br\/>Вид объекта: памятник градостроительства и архитектуры<br\/>Категория: Федерального значения<br\/>Время создания объекта: 1888 г.<br\/>Адрес: Чапаева пл.  <br\/>Документ принятия на охрану: Указ Президента РФ от 20.02.1995 г. № 176<br\/>Границы территории: Постановление Правительства Самарской области от 05.05.2012 г. № 243 Приложения постановление правительства Самарской области от 11 декабря 2014 г. № 775<br\/>Зона Охраны: Постановление Правительства Самарской области от 05.05.2012 г. № 243 Приложения постановление правительства Самарской области от 11 декабря 2014 г. № 775","resource":"","image":"","audio":"","video":"","votes":0,"reestrId":"","styleName":"okn_point_federal"},"id":9383813},{"type":"Feature","geometry":{"type":"Point","coordinates":[50.0899199659,53.1847002701]},"properties":{"name":"Дом, где в квартире присяжного поверенного А. Н. Хардина в 1892-1893 гг. Ленин Владимир Ильич неоднократно бывал. ","description":"Регистрационный номер в реестре: 631510239680006<br\/>Вид объекта: памятник истории <br\/>Категория: Федерального значения<br\/>Время создания объекта: 1892-1893 гг<br\/>Адрес: ул. Венцека, 45<br\/>Документ принятия на охрану: Р.ОИ от 19.11.1966г. № 617  Р.ОИ от 5.11.69 г. № 749, Постановление Сов. Министров РСФСР от 04.12.1974 г. № 624<br\/>Границы территории: Постановление Правительства Самарской области от 05.05.2012 г. № 243 Приложения постановление правительства Самарской области от 11 декабря 2014 г. № 775<br\/>Зона Охраны: Постановление Правительства Самарской области от 05.05.2012 г. № 243 Приложения постановление правительства Самарской области от 11 декабря 2014 г. № 775","votes":0,"styleName":"okn_point_federal"},"id":9383814},{"type":"Feature","geometry":{"type":"Point","coordinates":[50.1207034726,53.1879441607]},"properties":{"name":"Здание управления Самаро-Златоустовской железной дороги, 1927г., арх. Щербачев А.А.","description":"Регистрационный номер в реестре: 631510238990006<br\/>Вид объекта: памятник градостроительства и архитектуры<br\/>Категория: Федерального значения<br\/>Время создания объекта: 1927г.<br\/>Адрес: Комсомольская пл.   уточненный адрес: площадь Комсомольская, 2\/3 <br\/>Документ принятия на охрану: Указ Президента РФ от 20.02.1995 г. № 176<br\/>Границы территории: Постановление Правительства Самарской области от 05.05.2012 г. № 243 Приложения постановление правительства Самарской области от 11 декабря 2014 г. № 775<br\/>Зона Охраны: Постановление Правительства Самарской области от 05.05.2012 г. № 243 Приложения постановление правительства Самарской области от 11 декабря 2014 г. № 775","votes":0,"styleName":"okn_point_federal"},"id":9383815},{"type":"Feature","geometry":{"type":"Point","coordinates":[50.0995253134,53.1869043041]},"properties":{"name":"Дом, где в квартире заведующего статистическим бюро Самарской земской управы народника  И.М. Красноперова Ленин Владимир Ильич неоднократно бывал   Дом Коробова, Чаковского","description":"Регистрационный номер в реестре: 631510238640006<br\/>Вид объекта: памятник истории<br\/>Категория: Федерального значения <br\/>Время создания объекта:    1891-1893гг.    около 1890г.<br\/>Адрес: ул. Галактионовская, 39<br\/>Документ принятия на охрану: Постановление Сов. Министров РСФСР от 04.12.1974 г. № 624  Р.ОИ от 06.05.87 г. № 165 (архитектуры)<br\/>Границы территории: Постановление Правительства Самарской области от 05.05.2012 г. № 243 Приложения постановление правительства Самарской области от 11 декабря 2014 г. № 775<br\/>Зона Охраны: Постановление Правительства Самарской области от 05.05.2012 г. № 243 Приложения постановление правительства Самарской области от 11 декабря 2014 г. № 775","votes":0,"styleName":"okn_point_federal"},"id":9383816},{"type":"Feature","geometry":{"type":"Point","coordinates":[50.1012952064,53.1901357228]},"properties":{"name":"Дом Земцова, 2-я пол XIX в.  Дом, в котором в 1906г. помещались редакция и типография газеты Самарского комитета РСДРП «Самарская Лука»","description":"Регистрационный номер в реестре: 631510236800006<br\/>Вид объекта: памятник градостроительства и архитектуры<br\/>Категория: Федерального значения<br\/>Время создания объекта: 1906г.<br\/>Адрес: ул. Галактионовская, 69<br\/>Документ принятия на охрану: Указ Президента РФ от 20.02.1995 г. № 176  Р.ОИ от 19.11.66 г. № 617 (истор)<br\/>Границы территории: Постановление Правительства Самарской области от 05.05.2012 г. № 243 Приложения постановление правительства Самарской области от 11 декабря 2014 г. № 775<br\/>Зона Охраны: Постановление Правительства Самарской области от 05.05.2012 г. № 243 Приложения постановление правительства Самарской области от 11 декабря 2014 г. № 775","votes":0,"styleName":"okn_point_federal"},"id":9383817},{"type":"Feature","geometry":{"type":"Point","coordinates":[50.1106775759,53.191247331]},"properties":{"name":"Доходный дом Челышева, 1899 г., арх. Щербачев А.А. ","description":"Регистрационный номер в реестре: 631510236610006<br\/>Вид объекта: памятник градостроительства и архитектуры<br\/>Категория: Федерального значения<br\/>Время создания объекта: 1899 г.<br\/>Адрес: ул. Красноармейская, 60<br\/>Документ принятия на охрану: Указ Президента РФ от 20.02.1995 г. № 176<br\/>Границы территории: Постановление Правительства Самарской области от 05.05.2012 г. № 243 Приложения постановление правительства Самарской области от 11 декабря 2014 г. № 775<br\/>Зона Охраны: Постановление Правительства Самарской области от 05.05.2012 г. № 243 Приложения постановление правительства Самарской области от 11 декабря 2014 г. № 775","votes":0,"styleName":"okn_point_federal"},"id":9383818},{"type":"Feature","geometry":{"type":"Point","coordinates":[50.0926126636,53.1840359567]},"properties":{"name":"Особняк Шихобаловых, 1890-е годы, арх. Щербачев А.А. ","description":"Регистрационный номер в реестре: 631510236490006<br\/>Вид объекта: памятник градостроительства и архитектуры<br\/>Категория: Федерального значения<br\/>Время создания объекта: 1890-е годы<br\/>Адрес: ул. Венцека, 55<br\/>Документ принятия на охрану: Указ Президента РФ от 20.02.1995 г. № 176  РОИ от 19.11.1966 № 617<br\/>Границы территории: Постановление Правительства Самарской области от 05.05.2012 г. № 243 Приложения постановление правительства Самарской области от 11 декабря 2014 г. № 775<br\/>Зона Охраны: Постановление Правительства Самарской области от 05.05.2012 г. № 243 Приложения постановление правительства Самарской области от 11 декабря 2014 г. № 775","votes":0,"styleName":"okn_point_federal"},"id":9383819},{"type":"Feature","geometry":{"type":"Point","coordinates":[50.1486144203,53.2155817044]},"properties":{"name":"Фабрика-кухня завода им.Масленникова, арх.Е.Н.Максимова, 1932г.","description":"Регистрационный номер в реестре: 631510232910005 Приказ МКРФ №420-р от 29.05.2015<br\/>Вид объекта: памятник архитектуры<br\/>Категория: Федерального значения<br\/>Время создания объекта: 1932г.<br\/>Адрес: ул. Ново-Садовая, 149<br\/>Документ принятия на охрану: Постановление Правительства Самарской области № 376 от 08.08.2013 Приказ МК РФ от 28.09.2016  № 2206 (категория \u2013 Федерального значения) Приказ УГООКН  от  03.10.2016 №107 (уточнение сведений, предмет)<br\/>Границы территории: Приказ УГООКН 33 от 06.04.2016<br\/>Зона Охраны: ","votes":0,"styleName":"okn_point_federal"},"id":9383820},{"type":"Feature","geometry":{"type":"Point","coordinates":[50.0937615612,53.1918238912]},"properties":{"name":"Дом, в котором в 1919 г. находился штаб южной группы Восточного фронта под командованием Фрунзе Михаила Васильевича   уточненное наименование Дом, в котором помещалась губернская земская управа, в которой в 1902г. работала Мария Ильинична Ульянова, будучи высланной под гласный надзор полиции","description":"Регистрационный номер в реестре: 631410237390006 Приказ МКРФ №889-р от 01.07.2015<br\/>Вид объекта: памятник истории     памятник архитектуры<br\/>Категория: Федерального значения<br\/>Время создания объекта: 1898<br\/>Адрес: ул. Фрунзе, 116 <br\/>Документ принятия на охрану: Постанов. Сов.Мин. РСФСР от  30.08.60  г.  № 1327 (№1)    Р.ОИ 06.05.87 г.  № 165 Р.ОИ от 25.11.1969 № 749<br\/>Границы территории: Постановление Правительства Самарской области от 05.05.2012 г. № 243 Приложения постановление правительства Самарской области от 11 декабря 2014 г. № 775<br\/>Зона Охраны: Постановление Правительства Самарской области от 05.05.2012 г. № 243 Приложения постановление правительства Самарской области от 11 декабря 2014 г. № 775","votes":0,"styleName":"okn_point_federal"},"id":9383821},{"type":"Feature","geometry":{"type":"Point","coordinates":[50.0917593456,53.1911166525]},"properties":{"name":"Дом, где в квартире зубного врача А.А. Кацнельсона в марте 1891 г. состоялось первое публичное выступление Ленина Владимира Ильича против народников","description":"Регистрационный номер в реестре: 63151023336000  631811316740006 <br\/>Вид объекта: памятник истории<br\/>Категория: Федерального значения<br\/>Время создания объекта: 1891г.<br\/>Адрес: ул. Куйбышева, 127<br\/>Документ принятия на охрану: Постановление Сов. Министров РСФСР от 04.12.1974 г.               № 624<br\/>Границы территории: Постановление Правительства Самарской области от 05.05.2012 г. № 243 Приложения постановление правительства Самарской области от 11 декабря 2014 г. № 775<br\/>Зона Охраны: Постановление Правительства Самарской области от 05.05.2012 г. № 243 Приложения постановление правительства Самарской области от 11 декабря 2014 г. № 775","votes":0,"styleName":"okn_point_federal"},"id":9383822},{"type":"Feature","geometry":{"type":"Point","coordinates":[50.0984843187,53.2005731896]},"properties":{"name":"Производственный корпус Жигулевского пивоваренного завода, 1881-1911 гг.  ","description":"Регистрационный номер в реестре: <br\/>Вид объекта: ансамбль строительства и архитектуры<br\/>Категория: Федерального значения<br\/>Время создания объекта: 1881-1911 гг.<br\/>Адрес: Волжский пр, 4  уточненный адрес: Волжский проспект, 4, <br\/>Документ принятия на охрану: Указ Президента РФ от 20.02.1995 г. № 176<br\/>Границы территории: Постановление Правительства Самарской области от 4.06.2014 г. № 375<br\/>Зона Охраны: Постановление Правительства Самарской области от 4.06.2014 г. № 375","votes":0,"styleName":"okn_point_federal"},"id":9383823},{"type":"Feature","geometry":{"type":"Point","coordinates":[50.0962960155,53.1942306938]},"properties":{"name":"Усадьба Курлиной, 1903 г., арх. Зеленко А.У.","description":"Регистрационный номер в реестре: <br\/>Вид объекта: ансамбль строительства и архитектуры<br\/>Категория: Федерального значения<br\/>Время создания объекта: 1903 г.<br\/>Адрес: Фрунзе ул., 159 <br\/>Документ принятия на охрану: Указ Президента РФ от 20.02.1995 г. № 176<br\/>Границы территории: Постановление Правительства Самарской области от 05.05.2012 г. № 243 Приложения постановление правительства Самарской области от 11 декабря 2014 г. № 775<br\/>Зона Охраны: Постановление Правительства Самарской области от 05.05.2012 г. № 243 Приложения постановление правительства Самарской области от 11 декабря 2014 г. № 775","votes":0,"styleName":"okn_point_federal"},"id":9383824},{"type":"Feature","geometry":{"type":"Point","coordinates":[50.0860829578,53.186143492]},"properties":{"name":"Дом, где в квартире-мастерской художника Ф.Е. Бурова Ленин Владимир Ильич неоднократно бывал  Дом Жильцова","description":"Регистрационный номер в реестре: <br\/>Вид объекта: памятник истории<br\/>Категория: Федерального значения<br\/>Время создания объекта: 1864-1895 гг.<br\/>Адрес: ул. Венцека, 28<br\/>Документ принятия на охрану: Постановление Сов. Министров РСФСР от 04.12.1974 г. № 624  Р.ОИ от 06.05.87 г. №165<br\/>Границы территории: Постановление Правительства Самарской области от 05.05.2012 г. № 243 Приложения постановление правительства Самарской области от 11 декабря 2014 г. № 775<br\/>Зона Охраны: Постановление Правительства Самарской области от 05.05.2012 г. № 243 Приложения постановление правительства Самарской области от 11 декабря 2014 г. № 775","votes":0,"styleName":"okn_point_federal"},"id":9383825},{"type":"Feature","geometry":{"type":"Point","coordinates":[50.0953042958,53.1963751151]},"properties":{"name":"Здание общественного собрания, 1914 г. арх. Вернер Д.А.","description":"Регистрационный номер в реестре: <br\/>Вид объекта: памятник градостроительства и архитектуры<br\/>Категория: Федерального значения<br\/>Время создания объекта: 1914 г.<br\/>Адрес: ул. Куйбышева, 155 <br\/>Документ принятия на охрану: Указ Президента РФ от 20.02.1995 г. № 176<br\/>Границы территории: Постановление Правительства Самарской области от 05.05.2012 г. № 243 Приложения постановление правительства Самарской области от 11 декабря 2014 г. № 775<br\/>Зона Охраны: Постановление Правительства Самарской области от 05.05.2012 г. № 243 Приложения постановление правительства Самарской области от 11 декабря 2014 г. № 775","votes":0,"styleName":"okn_point_federal"},"id":9383826},{"type":"Feature","geometry":{"type":"Point","coordinates":[50.0860536204,53.1854880674]},"properties":{"name":"Здание бывшего Окружного суда, в котором в  1892-1893 гг. Ленин Владимир Ильич работал помощником присяжного поверенного   Окружной суд  Здание Окружного суда, в котором в 1892-1893 гг. Ленин Владимир Ильич работал помощником присяжного поверенного","description":"Регистрационный номер в реестре: <br\/>Вид объекта: памятник истории<br\/>Категория: Федерального значения<br\/>Время создания объекта:     1903 гг.    1892-1893<br\/>Адрес: Куйбышева ул., 60<br\/>Документ принятия на охрану: Р.ОИ 19.11.66 г.  № 617 (истории)  Р.ОИ от 06.05.87 г. № 165 (архитектуры)  Постанов. Сов.Мин. РСФСР 04.12.74 г. № 624<br\/>Границы территории: Постановление Правительства Самарской области от 05.05.2012 г. № 243 Приложения постановление правительства Самарской области от 11 декабря 2014 г. № 775<br\/>Зона Охраны: Постановление Правительства Самарской области от 05.05.2012 г. № 243 Приложения постановление правительства Самарской области от 11 декабря 2014 г. № 775","votes":0,"styleName":"okn_point_federal"},"id":9383827},{"type":"Feature","geometry":{"type":"Point","coordinates":[50.0876351868,53.1855912383]},"properties":{"name":"Памятник В.И. Ленину","description":"Регистрационный номер в реестре: 651410023870006 Приказ МКРФ №2333 от 23.12.2014<br\/>Вид объекта: памятник искусства арх. Манизер М.Г.<br\/>Категория: Федерального значения<br\/>Время создания объекта: 1925 г.<br\/>Адрес: Площадь Революции<br\/>Документ принятия на охрану: Пост. Сов.Мин. РСФСР  от 30.08.60 г. № 1327\/№1\/<br\/>Границы территории: Постановление Правительства Самарской области от 05.05.2012 г. № 243 Приложения постановление правительства Самарской области от 11 декабря 2014 г. № 775<br\/>Зона Охраны: Постановление Правительства Самарской области от 05.05.2012 г. № 243 Приложения постановление правительства Самарской области от 11 декабря 2014 г. № 775","resource":"","image":"","audio":"","video":"","votes":0,"reestrId":"","styleName":"okn_point_federal"},"id":9383919},{"type":"Feature","geometry":{"type":"Point","coordinates":[50.079472346,53.1814380786]},"properties":{"name":"Дом Субботиной-Мартинсон, 1900-1909 гг.  Уточненное наименование: Дом Субботина-Маркинсона","description":"Регистрационный номер в реестре: 631510235780006<br\/>Вид объекта: памятник градостроительства и архитектуры<br\/>Категория: Федерального значения<br\/>Время создания объекта: 1900-1909 гг.<br\/>Адрес: А. Толстого, ул. 30<br\/>Документ принятия на охрану: Указ Президента РФ от 20.02.1995 г. № 176<br\/>Границы территории: Приказ УГООКН 5 от 18.01.2017<br\/>Зона Охраны: Постановление Правительства Самарской области от 02.03.2017 г. № 130 ОБЪЕДИНЕННАЯ","resource":"","image":"","audio":"","video":"","votes":0,"reestrId":"","styleName":"okn_point_federal"},"id":9383920},{"type":"Feature","geometry":{"type":"Point","coordinates":[50.1606057694,53.1913526003]},"properties":{"name":"Могила Щорса Николая Александровича (1895-1919)","description":"Регистрационный номер в реестре: <br\/>Вид объекта: памятник истории<br\/>Категория: Федерального значения<br\/>Время создания объекта: 1895-1919гг.<br\/>Адрес: городское кладбище <br\/>Документ принятия на охрану: Постанов. Сов.Мин. РСФСР 30.08.60  г. № 1327 (№1)<br\/>Границы территории: Постановление Правительства Самарской области от 05.05.2012 г. № 243 Приложения постановление правительства Самарской области от 11 декабря 2014 г. № 775<br\/>Зона Охраны: Постановление Правительства Самарской области от 05.05.2012 г. № 243 Приложения постановление правительства Самарской области от 11 декабря 2014 г. № 775","resource":"","image":"","audio":"","video":"","votes":0,"reestrId":"","styleName":"okn_point_federal"},"id":9383921},{"type":"Feature","geometry":{"type":"Point","coordinates":[50.0913915678,53.1907584393]},"properties":{"name":"Дом Васильева","description":"Регистрационный номер в реестре: 651410023580006 Приказ МКРФ №2333 от 23.12.2014<br\/>Вид объекта: памятник архитектуры<br\/>Категория: Регионального значения<br\/>Время создания объекта: 1880-1890 гг.<br\/>Адрес: ул. Куйбышева, 123<br\/>Документ принятия на охрану: Р.ОИ от 06.05.87 г. № 165<br\/>Границы территории: Приказ УГООКН 129 от 02.12.2016 г<br\/>Зона Охраны: ","votes":0,"styleName":"okn_point_regional"},"id":9386439},{"type":"Feature","geometry":{"type":"Point","coordinates":[50.0898126709,53.1883556144]},"properties":{"name":"Кинотеатр «Художественный».  Дом, где в квартире зубного врача А.А. Канцельсона  1891 - 1892 гг. бывал В.И. Ленин. Дом Хреновой (памятное место)","description":"Регистрационный номер в реестре: 631711292150005<br\/>Вид объекта: Памятник архитектуры  памятник истории  <br\/>Категория: Регионального значения<br\/>Время создания объекта: 1907 г.    1891-1892 гг., <br\/>Адрес: ул. Куйбышева, 103<br\/>Документ принятия на охрану: Р.ОИ от 19.11.66 г., № 617   Р.ОИ от 08.06.88 г. № 238<br\/>Границы территории: Приказ министерства культуры Самарской области от 6.06.2012 г. № 8 <br\/>Зона Охраны: Приказ министерства культуры Самарской области от 6.06.2012 г. № 8 ","votes":0,"styleName":"okn_point_regional"},"id":9386440},{"type":"Feature","geometry":{"type":"Point","coordinates":[50.1228689962,53.1986514197]},"properties":{"name":"Техникум","description":"Регистрационный номер в реестре: 631711292110005<br\/>Вид объекта: Памятник архитектуры<br\/>Категория: Регионального значения <br\/>Время создания объекта: 1952-1958 гг.<br\/>Адрес: ул. Арцыбушевская, 143, литера К, <br\/>Документ принятия на охрану: Приказ Управления УГООКН от 27.02.2017 №21<br\/>Границы территории: Приказ Управления УГООКН от 27.02.2017 №21<br\/>Зона Охраны: ","votes":0,"styleName":"okn_point_regional"},"id":9386441},{"type":"Feature","geometry":{"type":"Point","coordinates":[50.1262937877,53.2006438344]},"properties":{"name":"Усадьба К.Н. Сигачева","description":"Регистрационный номер в реестре: 631711292090005<br\/>Вид объекта: Памятник архитектуры<br\/>Категория: Регионального значения <br\/>Время создания объекта: 1902 г.<br\/>Адрес: ул. Арцыбушевская, 200, литера А<br\/>Документ принятия на охрану: Приказ Управления УГООКН от 27.02.2017 №21<br\/>Границы территории: Приказ Управления УГООКН от 27.02.2017 №21<br\/>Зона Охраны: ","votes":0,"styleName":"okn_point_regional"},"id":9386442},{"type":"Feature","geometry":{"type":"Point","coordinates":[50.0982066875,53.1965956862]},"properties":{"name":"Бункер Сталина (объект №1).","description":"Регистрационный номер в реестре: 631711292050005<br\/>Вид объекта: памятник истории<br\/>Категория: Регионального значения<br\/>Время создания объекта: февраль-ноябрь 1942 г.<br\/>Адрес: Фрунзе ул., 167 <br\/>Документ принятия на охрану: Пост. Губернатора Сам.обл. от 31.12.97 г. № 393<br\/>Границы территории: Приказ УГООКН 129 от 02.12.2016 г<br\/>Зона Охраны: ","votes":0,"styleName":"okn_point_regional"},"id":9386443},{"type":"Feature","geometry":{"type":"Point","coordinates":[50.104333344,53.1871106754]},"properties":{"name":"Дом, где в квартире народовольцев А.И.и В.Ю. Ливановых  бывал В.И.Ленин (памятное место). (Дом Гордеева)","description":"Регистрационный номер в реестре: 631711291970005<br\/>Вид объекта: Памятник истории<br\/>Категория: Регионального значения<br\/>Время создания объекта: 1892 г.<br\/>Адрес: ул. Некрасовская,  90 (Садовая, 83)<br\/>Документ принятия на охрану: Р.ОИ  от 08.06.88 г. № 238<br\/>Границы территории: Приказ УГООКН 50 от 23.06.2016 <br\/>Зона Охраны: Приказ УГООКН 50 от 23.06.2016 ","votes":0,"styleName":"okn_point_regional"},"id":9386444},{"type":"Feature","geometry":{"type":"Point","coordinates":[50.1104579983,53.1935622627]},"properties":{"name":"Дом жилой ","description":"Регистрационный номер в реестре: 631711291890005<br\/>Вид объекта: памятник истории<br\/>Категория: Регионального значения<br\/>Время создания объекта: 1988г.<br\/>Адрес: ул. Ленинская, 160<br\/>Документ принятия на охрану: Р.ОИ от 29.12.83 г. № 720<br\/>Границы территории: Приказ УГООКН №12 от 23.10.2015<br\/>Зона Охраны: Приказ УГООКН №12 от 23.10.2015","votes":0,"styleName":"okn_point_regional"},"id":9386445},{"type":"Feature","geometry":{"type":"Point","coordinates":[50.1101845245,53.1930419989]},"properties":{"name":"Дом жилой ","description":"Регистрационный номер в реестре: 631711291880005<br\/>Вид объекта: памятник истории<br\/>Категория: Регионального значения<br\/>Время создания объекта: 1988г.<br\/>Адрес: ул. Ленинская, 156<br\/>Документ принятия на охрану: Р.ОИ от 29.12.83 г. № 720<br\/>Границы территории: Приказ УГООКН №12 от 23.10.2015<br\/>Зона Охраны: Приказ УГООКН №12 от 23.10.2015","votes":0,"styleName":"okn_point_regional"},"id":9386446},{"type":"Feature","geometry":{"type":"Point","coordinates":[50.1099210491,53.192668567]},"properties":{"name":"Дом жилой. ","description":"Регистрационный номер в реестре: 631711291870005<br\/>Вид объекта: памятник истории<br\/>Категория: Регионального значения<br\/>Время создания объекта: 1988г.<br\/>Адрес: ул. Ленинская, 150<br\/>Документ принятия на охрану: Р.ОИ от 9.12.83 г. № 720<br\/>Границы территории: Приказ УГООКН №12 от 23.10.2015<br\/>Зона Охраны: Приказ УГООКН №12 от 23.10.2015","votes":0,"styleName":"okn_point_regional"},"id":9386447},{"type":"Feature","geometry":{"type":"Point","coordinates":[50.0847021651,53.1816381309]},"properties":{"name":"Дом Гринберга, Учительский институт.   уточненное наименование Здание С.А. Гринберга. Учительско-педагогический институт","description":"Регистрационный номер в реестре: 631711291800005<br\/>Вид объекта: памятник архитектуры<br\/>Категория: Регионального значения<br\/>Время создания объекта: 1911 г.<br\/>Адрес: ул. Куйбышева, 32<br\/>Документ принятия на охрану: Р.ОИ от 06.05.87 г. №165<br\/>Границы территории: Приказ УГООКН №127 от 02.12.2016<br\/>Зона Охраны: Приказ УГООКН №127 от 02.12.2016","votes":0,"styleName":"okn_point_regional"},"id":9386448},{"type":"Feature","geometry":{"type":"Point","coordinates":[50.1182811949,53.1950171765]},"properties":{"name":"Дом П.Я.Долгушина","description":"Регистрационный номер в реестре: 631711291670005<br\/>Вид объекта: памятник градостроительства и архитектуры<br\/>Категория: Регионального значения<br\/>Время создания объекта: 1901-1902 гг.<br\/>Адрес: ул. Буянова, 66, литера А<br\/>Документ принятия на охрану: Приказ УГООКН  от 11.08.2016 № 86<br\/>Границы территории: Приказ УГООКН 68 от.08.06.2017 \/ Приказ УГООКН 86 от.11.08.2016<br\/>Зона Охраны: ","votes":0,"styleName":"okn_point_regional"},"id":9386449},{"type":"Feature","geometry":{"type":"Point","coordinates":[50.0771272996,53.1797789521]},"properties":{"name":"Дом на усадьбе крестьянки Костромской губернии М.А. Коршуновой","description":"Регистрационный номер в реестре: 631711291650005<br\/>Вид объекта: Памятник архитектуры<br\/>Категория: Регионального значения<br\/>Время создания объекта: до 1890 г. 1907-1917 гг.<br\/>Адрес: ул. Крупской, 5<br\/>Документ принятия на охрану: Приказ УГООКН от 01.02.2016 № 10<br\/>Границы территории: Приказ УГООКН №10 от 06.04.2016 <br\/>Зона Охраны: Приказ УГООКН №10 от 06.04.2016 ","votes":0,"styleName":"okn_point_regional"},"id":9386450},{"type":"Feature","geometry":{"type":"Point","coordinates":[50.1169519248,53.1947383358]},"properties":{"name":"Жилой дом на участке М.Н.Кананешиной","description":"Регистрационный номер в реестре: 631711291480005<br\/>Вид объекта: Памятник архитектуры<br\/>Категория: Регионального значения <br\/>Время создания объекта: нач. ХХ в.<br\/>Адрес: ул. Арцыбушевская, 73, литера А<br\/>Документ принятия на охрану: Приказ Управления УГООКН от 27.02.2017 №21<br\/>Границы территории: Приказ Управления УГООКН от 27.02.2017 №21<br\/>Зона Охраны: ","votes":0,"styleName":"okn_point_regional"},"id":9386451},{"type":"Feature","geometry":{"type":"Point","coordinates":[50.1165168773,53.1948572398]},"properties":{"name":"Жилой дом на участке И.Н.Васькова","description":"Регистрационный номер в реестре: 631711291470005<br\/>Вид объекта: Памятник архитектуры<br\/>Категория: Регионального значения <br\/>Время создания объекта: 1912-1913 гг.<br\/>Адрес: ул. Арцыбушевская, 78, литера А<br\/>Документ принятия на охрану: Приказ Управления УГООКН от 27.02.2017 №21<br\/>Границы территории: Приказ Управления УГООКН от 27.02.2017 №21<br\/>Зона Охраны: ","votes":0,"styleName":"okn_point_regional"},"id":9386452},{"type":"Feature","geometry":{"type":"Point","coordinates":[50.1170044435,53.1963059744]},"properties":{"name":"Дом А.В.Кавского","description":"Регистрационный номер в реестре: 631711291460005<br\/>Вид объекта: Памятник архитектуры<br\/>Категория: Регионального значения <br\/>Время создания объекта: 1903 г.<br\/>Адрес: ул. Арцыбушевская, 102, литера А<br\/>Документ принятия на охрану: Приказ Управления УГООКН от 27.02.2017 №21<br\/>Границы территории: Приказ Управления УГООКН от 27.02.2017 №21<br\/>Зона Охраны: ","votes":0,"styleName":"okn_point_regional"},"id":9386453},{"type":"Feature","geometry":{"type":"Point","coordinates":[50.1248892677,53.2000748629]},"properties":{"name":"Дом на усадьбе личного почетного гражданина А.А. Докина","description":"Регистрационный номер в реестре: 631711291450005<br\/>Вид объекта: Памятник архитектуры<br\/>Категория: Регионального значения <br\/>Время создания объекта: 1900 г.<br\/>Адрес: ул. Арцыбушевская, 182 - 184\/ ул. Чкалова, 88, литера А<br\/>Документ принятия на охрану: Приказ Управления УГООКН от 27.02.2017 №21<br\/>Границы территории: Приказ Управления УГООКН от 27.02.2017 №21<br\/>Зона Охраны: ","votes":0,"styleName":"okn_point_regional"},"id":9386454},{"type":"Feature","geometry":{"type":"Point","coordinates":[50.0973039395,53.189718938]},"properties":{"name":"Дом П.Н.Горина ","description":"Регистрационный номер в реестре: 631711291370005<br\/>Вид объекта: Памятник архитектуры<br\/>Категория: Регионального значения<br\/>Время создания объекта: до 1898 г.<br\/>Адрес: ул. Молодогвардейская, 108, литера А<br\/>Документ принятия на охрану: Приказ УГООКН от 05.07.2017 №90<br\/>Границы территории: Приказ УГООКН от 05.07.2017 №90<br\/>Зона Охраны: ","votes":0,"styleName":"okn_point_regional"},"id":9386455},{"type":"Feature","geometry":{"type":"Point","coordinates":[50.1079647344,53.1935170079]},"properties":{"name":"Дом, в котором  жил видный революционер А.П.Скляренко, на квартире которого собирался первый марксистский кружок, руководимый В.И.Лениным. ","description":"Регистрационный номер в реестре: 631711291260005<br\/>Вид объекта: памятник истории<br\/>Категория: Регионального значения<br\/>Время создания объекта: 1892-1893 гг.<br\/>Адрес: ул. Садовая, 154<br\/>Документ принятия на охрану: Р.ОИ от 19.11.66 г. № 617<br\/>Границы территории: Приказ УГООКН №12 от 23.10.2015<br\/>Зона Охраны: Приказ УГООКН №12 от 23.10.2015","votes":0,"styleName":"okn_point_regional"},"id":9386456},{"type":"Feature","geometry":{"type":"Point","coordinates":[50.1102535208,53.1923201591]},"properties":{"name":"Дом жилой ","description":"Регистрационный номер в реестре: 631711291250005<br\/>Вид объекта: памятник истории<br\/>Категория: Регионального значения<br\/>Время создания объекта: 1988г.<br\/>Адрес: ул. Ленинская, 123 <br\/>Документ принятия на охрану: Р.ОИ от 29.12.83 г. № 720<br\/>Границы территории: Приказ УГООКН №12 от 23.10.2015<br\/>Зона Охраны: Приказ УГООКН №12 от 23.10.2015","votes":0,"styleName":"okn_point_regional"},"id":9386457},{"type":"Feature","geometry":{"type":"Point","coordinates":[50.0900959314,53.1908768774]},"properties":{"name":"В этом здании 26 марта 1921 г. открылся I-й  общегубернский съезд пролетарских писателей    Дом Новокрещенова В.П.  Удельное ведомство. ","description":"Регистрационный номер в реестре: 631711291050005<br\/>Вид объекта: памятное место\/ памятник истории  ансамбль архитектуры<br\/>Категория: Регионального значения<br\/>Время создания объекта: 26.03.1921г 1898-1902 гг. . <br\/>Адрес: ул. Куйбышева, 102<br\/>Документ принятия на охрану: Р.ОИ от 08.06.88 г. № 238 (истории\/архит)  <br\/>Границы территории: Приказ министерства культуры Самарской области от 6.06.2012 г. № 8 <br\/>Зона Охраны: Приказ министерства культуры Самарской области от 6.06.2012 г. № 8 ","votes":0,"styleName":"okn_point_regional"},"id":9386458},{"type":"Feature","geometry":{"type":"Point","coordinates":[50.08994648,53.1875129684]},"properties":{"name":"Швейная фабрика им. Володарского. Здесь прежде была гостиница «Россия», в которой с 9 по 20 октября 1901г. проживали мать и сестра В.И.Ленина \u2013 М.А. и М.И.Ульяновы  Дом М.В. Афанасьева.   ","description":"Регистрационный номер в реестре: 631711291010005<br\/>Вид объекта: памятник истории и культуры<br\/>Категория: Регионального значения<br\/>Время создания объекта: 1870-1880-е гг. 1999 г.<br\/>Адрес: ул. Ленинградская, 29<br\/>Документ принятия на охрану: Р.ОИ от 19.11.1966 № 617 <br\/>Границы территории: Приказ УГООКН 129 от 02.12.2016 г<br\/>Зона Охраны: ","votes":0,"styleName":"okn_point_regional"},"id":9386459},{"type":"Feature","geometry":{"type":"Point","coordinates":[50.1034174453,53.1869672777]},"properties":{"name":"Дом, в котором была квартира следователя Самарского Окружного суда Г.Л.Тейтеля. В период жизни В.И.Ульянова (Ленина) в Самаре он вместе с членами марксистского кружка бывал в этой квартире и слушал Анненкова о жизни декабристов в Сибири","description":"Регистрационный номер в реестре: 631711290980005<br\/>Вид объекта: памятник истории<br\/>Категория: Регионального значения <br\/>Время создания объекта: <br\/>Адрес: Угол ул. Некрасовской и Садовой, 85\/72 <br\/>Документ принятия на охрану: Р.ОИ от 25.11.1969г. № 749<br\/>Границы территории: Приказ УГООКН №8 от 11.02.2016 <br\/>Зона Охраны: Приказ УГООКН №8 от 11.02.2016 ","votes":0,"styleName":"okn_point_regional"},"id":9386460},{"type":"Feature","geometry":{"type":"Point","coordinates":[50.118632267,53.2007452823]},"properties":{"name":"Дом, в котором помещалось в 1906 - 1912 гг.  Правление потребобщества, являвшееся центром  легальной работы Самарской большевистской   организации в годы реакции  ","description":"Регистрационный номер в реестре: 631711290910005<br\/>Вид объекта: памятник истории и культуры<br\/>Категория: Регионального значения<br\/>Время создания объекта: 1910-1912 гг.<br\/>Адрес: ул. Маяковского, 42<br\/>Документ принятия на охрану: Р.ОИ от 19.11.66 г. № 617<br\/>Границы территории: Приказ УГООКН от 30.03.2018 № 28<br\/>Зона Охраны: Приказ УГООКН от 30.03.2018 № 28","votes":0,"styleName":"okn_point_regional"},"id":9386461},{"type":"Feature","geometry":{"type":"Point","coordinates":[50.0995621984,53.1928938115]},"properties":{"name":"Дом Филатова ","description":"Регистрационный номер в реестре: 631711290900005<br\/>Вид объекта: памятник архитектуры<br\/>Категория: Регионального значения<br\/>Время создания объекта: 1880-1890 гг.<br\/>Адрес: ул. Молодогвардейская, 150<br\/>Документ принятия на охрану: Р.ОИ от 06.05.87 г. № 165<br\/>Границы территории: Приказ № 23 УГООКН от 03.12.15 <br\/>Зона Охраны: Приказ № 23 УГООКН от 03.12.15 ","votes":0,"styleName":"okn_point_regional"},"id":9386462},{"type":"Feature","geometry":{"type":"Point","coordinates":[50.2653862222,53.2192671363]},"properties":{"name":"Дворец культуры на площади им. Кирова","description":"Регистрационный номер в реестре: 631711290890005<br\/>Вид объекта: памятник архитектуры<br\/>Категория: Регионального значения<br\/>Время создания объекта: 1961<br\/>Адрес: проспект Кирова, 145<br\/>Документ принятия на охрану: Постановление Правительства Самарской области от 31.10.2014 № 674<br\/>Границы территории: <br\/>Зона Охраны: ","votes":0,"styleName":"okn_point_regional"},"id":9386463},{"type":"Feature","geometry":{"type":"Point","coordinates":[50.0937859949,53.1943553094]},"properties":{"name":"Дом промышленности","description":"Регистрационный номер в реестре: 631711290890005<br\/>Вид объекта: памятник архитектуры<br\/>Категория: Регионального значения<br\/>Время создания объекта: 1930-е гг<br\/>Адрес: ул. Куйбышева, 145 <br\/>Документ принятия на охрану: Р.ОИ от 06.05.87 г. № 165<br\/>Границы территории: Приказ министерства культуры Самарской области от 6.06.2012 г. № 8 <br\/>Зона Охраны: Приказ министерства культуры Самарской области от 6.06.2012 г. № 8 ","votes":0,"styleName":"okn_point_regional"},"id":9386464},{"type":"Feature","geometry":{"type":"Point","coordinates":[50.110062259,53.1928559433]},"properties":{"name":"Дом жилой ","description":"Регистрационный номер в реестре: 631711290880005<br\/>Вид объекта: памятник истории<br\/>Категория: Регионального значения<br\/>Время создания объекта: 1988г.<br\/>Адрес: ул. Ленинская, 152б <br\/>Документ принятия на охрану: Р.ОИ от 29.12.83 г. № 720<br\/>Границы территории: Приказ УГООКН №12 от 23.10.2015<br\/>Зона Охраны: Приказ УГООКН №12 от 23.10.2015","votes":0,"styleName":"okn_point_regional"},"id":9386465},{"type":"Feature","geometry":{"type":"Point","coordinates":[50.1100000865,53.1927416999]},"properties":{"name":"Дом жилой ","description":"Регистрационный номер в реестре: 631711290850005<br\/>Вид объекта: памятник истории<br\/>Категория: Регионального значения<br\/>Время создания объекта: 1988г.<br\/>Адрес: ул. Ленинская, 152а<br\/>Документ принятия на охрану: Р.ОИ от 29.12.83 г. № 720<br\/>Границы территории: Приказ УГООКН №12 от 23.10.2015<br\/>Зона Охраны: Приказ УГООКН №12 от 23.10.2015","votes":0,"styleName":"okn_point_regional"},"id":9386466},{"type":"Feature","geometry":{"type":"Point","coordinates":[50.0909006889,53.1873327973]},"properties":{"name":"Здание, где находилась фотография Шарыгина, в которой В.И. Ленин фотографировался в 1891 г., (памятное место) Дом Половодова     дополнительное наименование: Городская усадьба Лекаревых-Конурина-Сапожниковых: жилой дом, флигель, торговые лавки","description":"Регистрационный номер в реестре: 631711290760005<br\/>Вид объекта: памятник истории  <br\/>Категория: Регионального значения<br\/>Время создания объекта: 1891 г.<br\/>Адрес: ул. Ленинградская, 35  <br\/>Документ принятия на охрану: Р.ОИ от 08.06.88 г.  № 238<br\/>Границы территории: Приказ № 23 УГООКН от 03.12.15 <br\/>Зона Охраны: Приказ № 23 УГООКН от 03.12.15 ","votes":0,"styleName":"okn_point_regional"},"id":9386467},{"type":"Feature","geometry":{"type":"Point","coordinates":[50.1070347308,53.1884540174]},"properties":{"name":"Дом, в котором с 6 ноября 1901 по 24 мая 1902 года жили М.А. и М.И. Ульяновы  Уточненное наименование: Дом Урванцева И.В. Здесь с 6 ноября 1901 по 24 мая 1902 года жили М.А. и М.И. Ульяновы","description":"Регистрационный номер в реестре: 631711080460005<br\/>Вид объекта: памятник истории и культуры<br\/>Категория: Регионального значения<br\/>Время создания объекта: 80-е гг. ХIХ в  <br\/>Адрес: ул. Ленинская, 112<br\/>Документ принятия на охрану: Р.ОИ от 19.11.66 г. № 617<br\/>Границы территории: Приказ № 23 УГООКН от 03.12.15 <br\/>Зона Охраны: Приказ № 23 УГООКН от 03.12.15 ","votes":0,"styleName":"okn_point_regional"},"id":9386468},{"type":"Feature","geometry":{"type":"Point","coordinates":[50.0817765849,53.1835551879]},"properties":{"name":"Дом статского советника Н.А.Жемчужникова с воротами и крытой террасой","description":"Регистрационный номер в реестре: 631711080360005<br\/>Вид объекта: Памятник архитектуры<br\/>Категория: Регионального значения <br\/>Время создания объекта: до 1868 г.<br\/>Адрес: ул. Алексея Толстого, 37,  литера А<br\/>Документ принятия на охрану: Приказ Управления УГООКН от 27.02.2017 №21<br\/>Границы территории: Приказ Управления УГООКН от 27.02.2017 №21<br\/>Зона Охраны: ","votes":0,"styleName":"okn_point_regional"},"id":9386469},{"type":"Feature","geometry":{"type":"Point","coordinates":[50.1284574906,53.1982253227]},"properties":{"name":"Епархиальный свечной завод","description":"Регистрационный номер в реестре: 631711080350005<br\/>Вид объекта: Памятник архитектуры<br\/>Категория: Регионального значения <br\/>Время создания объекта: 1904-1905 гг.<br\/>Адрес: ул. Чкалова, 100, литера А<br\/>Документ принятия на охрану: Приказ Управления УГООКН от 27.02.2017 №21<br\/>Границы территории: Приказ Управления УГООКН от 27.02.2017 №21<br\/>Зона Охраны: ","votes":0,"styleName":"okn_point_regional"},"id":9386470},{"type":"Feature","geometry":{"type":"Point","coordinates":[50.1118240627,53.1932345335]},"properties":{"name":"Жилой дом","description":"Регистрационный номер в реестре: 631711080320005<br\/>Вид объекта: памятник истории<br\/>Категория: Регионального значения<br\/>Время создания объекта: 1988г.<br\/>Адрес: ул. Рабочая, 50<br\/>Документ принятия на охрану: Р.ОИ от 29.12.83 г. № 720<br\/>Границы территории: Приказ УГООКН №12 от 23.10.2015<br\/>Зона Охраны: Приказ УГООКН №12 от 23.10.2015","votes":0,"styleName":"okn_point_regional"},"id":9386471},{"type":"Feature","geometry":{"type":"Point","coordinates":[50.1087036053,53.1883350757]},"properties":{"name":"Стадион \u201CДинамо\u201D (ворота и ограда)","description":"Регистрационный номер в реестре: 631711022870005<br\/>Вид объекта: ансамбль архитектуры<br\/>Категория: Регионального значения<br\/>Время создания объекта: 1930 \u2013е гг.<br\/>Адрес: ул. Л. Толстого, 97<br\/>Документ принятия на охрану: Р.ОИ от 06.05.87 г. № 165<br\/>Границы территории: приказ УГООКН 14.02.2018 №19<br\/>Зона Охраны: приказ УГООКН  от 14.02.2018 №19","votes":0,"styleName":"okn_point_regional"},"id":9386472},{"type":"Feature","geometry":{"type":"Point","coordinates":[50.1040857992,53.1976629078]},"properties":{"name":"Политехнический институт.  Русский стиль","description":"Регистрационный номер в реестре: 631711022560005<br\/>Вид объекта: ансамбль архитектуры<br\/>Категория: Регионального значения<br\/>Время создания объекта: 1872г.<br\/>Адрес: ул. Вилоновская, 22<br\/>Документ принятия на охрану: Р.ОИ от 19.11.66 г. № 617<br\/>Границы территории: Приказ министерства культуры Самарской области от 6.06.2012 г. № 8 <br\/>Зона Охраны: Приказ министерства культуры Самарской области от 6.06.2012 г. № 8 ","votes":0,"styleName":"okn_point_regional"},"id":9386473},{"type":"Feature","geometry":{"type":"Point","coordinates":[50.2221388336,53.2362737302]},"properties":{"name":"Загородная дача.","description":"Регистрационный номер в реестре: 631711022520005<br\/>Вид объекта: памятник архитектуры<br\/>Категория: Регионального значения<br\/>Время создания объекта: конец XIX века<br\/>Адрес: ул. Стара Загора, 96 а<br\/>Документ принятия на охрану: Пост. Гл. адм. Сам.обл. от 27.03.92 г. № 77<br\/>Границы территории: Приказ УГООКН №26 от 11.12.15 <br\/>Зона Охраны: Приказ УГООКН №26 от 11.12.15 ","votes":0,"styleName":"okn_point_regional"},"id":9386474},{"type":"Feature","geometry":{"type":"Point","coordinates":[50.0821000773,53.1792809556]},"properties":{"name":"Больница № 17. Арх. Щербачев А.А. Классический стиль  уточненное наименование Хлебная биржа","description":"Регистрационный номер в реестре: 631711022460005<br\/>Вид объекта: памятник архитектуры<br\/>Категория: Регионального значения<br\/>Время создания объекта: 1898 г., 1913-1914 г.<br\/>Адрес: ул. Степана Разина, 3 <br\/>Документ принятия на охрану: Р.ОИ от 19.11.66 г. № 617<br\/>Границы территории: Приказ УГООКН №26 от 11.12.15 <br\/>Зона Охраны: Приказ УГООКН №26 от 11.12.15 ","votes":0,"styleName":"okn_point_regional"},"id":9386475},{"type":"Feature","geometry":{"type":"Point","coordinates":[50.1172275723,53.1967378024]},"properties":{"name":"Дом надворного советника А.В.Кавского","description":"Регистрационный номер в реестре: 631711022370005<br\/>Вид объекта: Памятник архитектуры<br\/>Категория: Регионального значения<br\/>Время создания объекта: конец XIX века - начало XX века<br\/>Адрес: ул. Ульяновская, 75, литера А <br\/>Документ принятия на охрану: Приказ УГООКН от 03.10.2016 № 108<br\/>Границы территории: Приказ УГООКН от 03.10.2016 № 108<br\/>Зона Охраны: ","votes":0,"styleName":"okn_point_regional"},"id":9386476},{"type":"Feature","geometry":{"type":"Point","coordinates":[50.0772334566,53.181663966]},"properties":{"name":"Дом купца Лаптева П.В.","description":"Регистрационный номер в реестре: 631711022360005<br\/>Вид объекта: памятник архитектуры<br\/>Категория: Регионального значения<br\/>Время создания объекта: вторая половина XIX в.<br\/>Адрес: ул. Водников, 32, литера А<br\/>Документ принятия на охрану: Постановление Правительства Сам. обл. от 15.07.2014 г.  № 394<br\/>Границы территории: <br\/>Зона Охраны: ","votes":0,"styleName":"okn_point_regional"},"id":9386477},{"type":"Feature","geometry":{"type":"Point","coordinates":[50.0843135643,53.1813098333]},"properties":{"name":"Дом, где в квартире присяжного поверенного Самарского Окружного суда О.Г.Гиршфельда в 1892г. бывал Ленин (памятное место).  Дом Прагер.","description":"Регистрационный номер в реестре: 631711022020005<br\/>Вид объекта: памятник истории  <br\/>Категория: Регионального значения<br\/>Время создания объекта: 1891-1892 гг.<br\/>Адрес: ул. Куйбышева, 28 (Комсомольская, 34)<br\/>Документ принятия на охрану: Р.ОИ от 02.08.88 г. № 238<br\/>Границы территории: Приказ УГООКН №26 от 11.12.15 <br\/>Зона Охраны: Приказ УГООКН №26 от 11.12.15 ","votes":0,"styleName":"okn_point_regional"},"id":9386478},{"type":"Feature","geometry":{"type":"Point","coordinates":[50.0936953568,53.1915325465]},"properties":{"name":"Дом, в котором жил М.В.Фрунзе в 1919 году. В доме музей Фрунзе","description":"Регистрационный номер в реестре: 631711022010005<br\/>Вид объекта: памятник истории<br\/>Категория: Регионального значения<br\/>Время создания объекта: 1919 г.<br\/>Адрес: ул. Фрунзе, 114  <br\/>Документ принятия на охрану: Р.ОИ от 19.11.66 г. № 617<br\/>Границы территории: Приказ министерства культуры Самарской области от 6.06.2012 г. № 8 <br\/>Зона Охраны: Приказ министерства культуры Самарской области от 6.06.2012 г. № 8 ","votes":0,"styleName":"okn_point_regional"},"id":9386479},{"type":"Feature","geometry":{"type":"Point","coordinates":[50.0933271372,53.1887934817]},"properties":{"name":"Дом Подбельского","description":"Регистрационный номер в реестре: 631711021990005<br\/>Вид объекта: памятник архитектуры<br\/>Категория: Регионального значения<br\/>Время создания объекта: 1880-е<br\/>Адрес: ул. Фрунзе, 111<br\/>Документ принятия на охрану: Р.ОИ от 06.05.87 г. № 165<br\/>Границы территории: Приказ министерства культуры Самарской области от 6.06.2012 г. № 8 <br\/>Зона Охраны: Приказ министерства культуры Самарской области от 6.06.2012 г. № 8 ","votes":0,"styleName":"okn_point_regional"},"id":9386480},{"type":"Feature","geometry":{"type":"Point","coordinates":[50.1059915115,53.1892055363]},"properties":{"name":"Дом художника В.А.Михайлова, в котором в 1906 г. останавливался художник Суриков  Дом Михайлова","description":"Регистрационный номер в реестре: 631711021940005<br\/>Вид объекта: памятник архитектуры и истории<br\/>Категория: Регионального значения<br\/>Время создания объекта: 1906г. 1860 -   70-е гг.<br\/>Адрес: ул. Л.Толстого, 89 <br\/>Документ принятия на охрану: Р.ОИ от 06.05.87 г. № 165 <br\/>Границы территории: Приказ УГООКН 50 от 23.06.2016 <br\/>Зона Охраны: Приказ УГООКН 50 от 23.06.2016 ","resource":"","image":"","audio":"","video":"","votes":0,"reestrId":"","styleName":"okn_point_regional"},"id":9386481},{"type":"Feature","geometry":{"type":"Point","coordinates":[50.1275054657,53.1827073814]},"properties":{"name":"Городское приходское  училище № 36.","description":"Регистрационный номер в реестре: 631710911590005<br\/>Вид объекта: памятник архитектуры<br\/>Категория: Регионального значения<br\/>Время создания объекта: 1911 г.<br\/>Адрес: ул. Неверова, 87<br\/>Документ принятия на охрану: Р.ОИ от 06.05.87 г. № 165<br\/>Границы территории: Приказ № 23 УГООКН от 03.12.15 <br\/>Зона Охраны: Приказ № 23 УГООКН от 03.12.15 ","votes":0,"styleName":"okn_point_regional"},"id":9386482},{"type":"Feature","geometry":{"type":"Point","coordinates":[50.0912947486,53.1867279568]},"properties":{"name":"Дом Сурошникова","description":"Регистрационный номер в реестре: 631710911570005<br\/>Вид объекта: памятник истории и культуры<br\/>Категория: Регионального значения<br\/>Время создания объекта: 1906, 1912 гг.<br\/>Адрес: ул. Фрунзе, 87-89<br\/>Документ принятия на охрану: Р.ОИ от 06.05.87 г. № 165<br\/>Границы территории: Приказ УГООКН 22 от 01.03.2016 <br\/>Зона Охраны: Приказ УГООКН 22 от 01.03.2016 ","votes":0,"styleName":"okn_point_regional"},"id":9386483},{"type":"Feature","geometry":{"type":"Point","coordinates":[50.0998739419,53.1962473739]},"properties":{"name":"Здание Самарского ВХУТЕМАСА, где в 1921 г. работали художники С.Я.  Адливанкин, Н.Н. Попов, Г.Г. Ряжский               ","description":"Регистрационный номер в реестре: 631710884190005<br\/>Вид объекта: памятник истории<br\/>Категория: Регионального значения<br\/>Время создания объекта: 1921 г.<br\/>Адрес: ул. Чапаевская, 186<br\/>Документ принятия на охрану: Р.ОИ от 06.05.87 г. № 165<br\/>Границы территории: Приказ министерства культуры Самарской области от 6.06.2012 г. № 8 <br\/>Зона Охраны: Приказ министерства культуры Самарской области от 6.06.2012 г. № 8 ","votes":0,"styleName":"okn_point_regional"},"id":9386484},{"type":"Feature","geometry":{"type":"Point","coordinates":[50.1061257184,53.185995466]},"properties":{"name":"Физиотерапевтическая больница. Арх. Щербачев А.А. Немецкий модернизированный стиль ","description":"Регистрационный номер в реестре: 631710884180005<br\/>Вид объекта: памятник истории и культуры<br\/>Категория: Регионального значения<br\/>Время создания объекта: 1908г.<br\/>Адрес: ул. Ленинская, 75 <br\/>Документ принятия на охрану: Р.ОИ от 19.11.66 г. № 617<br\/>Границы территории: <br\/>Зона Охраны: ","votes":0,"styleName":"okn_point_regional"},"id":9386485},{"type":"Feature","geometry":{"type":"Point","coordinates":[50.0945653246,53.1835972518]},"properties":{"name":"Винный склад Иванова ","description":"Регистрационный номер в реестре: 631710884170005<br\/>Вид объекта: памятник архитектуры<br\/>Категория: Регионального значения<br\/>Время создания объекта: 1900 г.<br\/>Адрес: ул. Молодогвардейская, 39\/Венцека, 61<br\/>Документ принятия на охрану: Р.ОИ от 06.05.87 г. № 165<br\/>Границы территории: Приказ министерства культуры Самарской области от 6.06.2012 г. № 8 <br\/>Зона Охраны: Приказ министерства культуры Самарской области от 6.06.2012 г. № 8 ","votes":0,"styleName":"okn_point_regional"},"id":9386486},{"type":"Feature","geometry":{"type":"Point","coordinates":[50.0913135521,53.1879520864]},"properties":{"name":"Дом Позерн ","description":"Регистрационный номер в реестре: 631710883740005<br\/>Вид объекта: ансамбль истории и культуры<br\/>Категория: Регионального значения<br\/>Время создания объекта: 1860-1870 гг.<br\/>Адрес: ул. Ленинградская, 40\/  Фрунзе, 92 <br\/>Документ принятия на охрану: Р.ОИ от 06.05.87 г. № 165 <br\/>Границы территории: <br\/>Зона Охраны: ","votes":0,"styleName":"okn_point_regional"},"id":9386487},{"type":"Feature","geometry":{"type":"Point","coordinates":[50.0870052265,53.1840039869]},"properties":{"name":"Жилой дом ","description":"Регистрационный номер в реестре: 631710765580005<br\/>Вид объекта: памятник архитектуры<br\/>Категория: Регионального значения<br\/>Время создания объекта: конец ХIХ в.<br\/>Адрес: ул. Куйбышева, 63<br\/>Документ принятия на охрану: Р.ОИ 06.05.87 г.   № 165<br\/>Границы территории: <br\/>Зона Охраны: ","votes":0,"styleName":"okn_point_regional"},"id":9386488},{"type":"Feature","geometry":{"type":"Point","coordinates":[50.1304384132,53.2108661834]},"properties":{"name":"Монастырские ворота ","description":"Регистрационный номер в реестре: 631710757130005<br\/>Вид объекта: памятник архитектуры<br\/>Категория: Регионального значения<br\/>Время создания объекта: кон. ХIХ в.<br\/>Адрес: ул. Осипенко<br\/>Документ принятия на охрану: Р.ОИ от 06.05.87 г. № 165<br\/>Границы территории: <br\/>Зона Охраны: ","resource":"","image":"","audio":"","video":"","votes":0,"reestrId":"","styleName":"okn_point_regional"},"id":9386489},{"type":"Feature","geometry":{"type":"Point","coordinates":[50.0925592437,53.184661277]},"properties":{"name":"Дом Кузнецова ","description":"Регистрационный номер в реестре: 631710757100005<br\/>Вид объекта: памятник архитектуры<br\/>Категория: Регионального значения<br\/>Время создания объекта: 1856 г.<br\/>Адрес: ул. Чапаевская, 71\/Венцека, 46<br\/>Документ принятия на охрану: Р.ОИ от 06.05.87 г. № 165<br\/>Границы территории: Приказ УГООКН 50 от 23.06.2016 <br\/>Зона Охраны: Приказ УГООКН 50 от 23.06.2016 ","votes":0,"styleName":"okn_point_regional"},"id":9386490},{"type":"Feature","geometry":{"type":"Point","coordinates":[50.095734202,53.1904597153]},"properties":{"name":"Церковь Мариинского детского приюта:  уточненный адрес Домовая церковь Мариинского детского приюта: - храм; - ограда с воротами.","description":"Регистрационный номер в реестре: 631710757030005<br\/>Вид объекта: памятник архитектуры<br\/>Категория: Регионального значения<br\/>Время создания объекта: Конец XIX в.<br\/>Адрес: ул. Чапаевская, 136<br\/>Документ принятия на охрану: Р.ОИ от 06.05.87 г. № 165<br\/>Границы территории: <br\/>Зона Охраны: ","votes":0,"styleName":"okn_point_regional"},"id":9386491},{"type":"Feature","geometry":{"type":"Point","coordinates":[50.0885723092,53.1827748256]},"properties":{"name":"Особняк Благовещенского","description":"Регистрационный номер в реестре: 631710756920005<br\/>Вид объекта: памятник архитектуры<br\/>Категория: Регионального значения<br\/>Время создания объекта: 1903-1917 гг.<br\/>Адрес: ул. Фрунзе, 43\/Пионерская, 58  <br\/>Документ принятия на охрану: Р.ОИ от 06.05.87 г. № 165 <br\/>Границы территории: Приказ УГООКН 22 от 01.03.2016 <br\/>Зона Охраны: Приказ УГООКН 22 от 01.03.2016 ","votes":0,"styleName":"okn_point_regional"},"id":9386492},{"type":"Feature","geometry":{"type":"Point","coordinates":[50.1021537769,53.1839979997]},"properties":{"name":"Хлебзавод № 8. Арх.Клейнерман. Мавританский стиль   уточненное наименование Синагога, 1909г., архитектор З.В.Клейнерман Мавританский стиль ","description":"Регистрационный номер в реестре: 631710756910005<br\/>Вид объекта: памятник архитектуры<br\/>Категория: Регионального значения<br\/>Время создания объекта: 1909 г. <br\/>Адрес: ул. Садовая, 49<br\/>Документ принятия на охрану: Р.ОИ от 19.11.66 г. № 617<br\/>Границы территории: Приказ УГООКН 50 от 23.06.2016 <br\/>Зона Охраны: Приказ УГООКН 50 от 23.06.2016 ","votes":0,"styleName":"okn_point_regional"},"id":9386493},{"type":"Feature","geometry":{"type":"Point","coordinates":[50.1336022154,53.212416875]},"properties":{"name":"Жилой дом","description":"Регистрационный номер в реестре: 631710754530005<br\/>Вид объекта: памятник архитектуры<br\/>Категория: Регионального значения<br\/>Время создания объекта: конец XIX века <br\/>Адрес: ул. Осипенко, 10 а<br\/>Документ принятия на охрану: Постанов. Главы адм-ции Сам. обл. от 27.03.92 г. №77<br\/>Границы территории: <br\/>Зона Охраны: ","votes":0,"styleName":"okn_point_regional"},"id":9386494},{"type":"Feature","geometry":{"type":"Point","coordinates":[50.0929529139,53.1817626636]},"properties":{"name":"Дом О.Е.Кулакова ","description":"Регистрационный номер в реестре: 631710754510005<br\/>Вид объекта: памятник архитектуры<br\/>Категория: Регионального значения<br\/>Время создания объекта: 1906 г.<br\/>Адрес: ул. Молодогвардейская, 29 <br\/>Документ принятия на охрану: Постанов. Губернатора Сам.обл. от 31.12.97 г. № 393<br\/>Границы территории: Приказ № 23 УГООКН от 03.12.15 <br\/>Зона Охраны: Приказ № 23 УГООКН от 03.12.15 ","votes":0,"styleName":"okn_point_regional"},"id":9386495},{"type":"Feature","geometry":{"type":"Point","coordinates":[50.1101050742,53.1929536117]},"properties":{"name":"Дом жилой ","description":"Регистрационный номер в реестре: 631710754480005<br\/>Вид объекта: памятник истории<br\/>Категория: Регионального значения<br\/>Время создания объекта: 1988г.<br\/>Адрес: ул. Ленинская, 154<br\/>Документ принятия на охрану: Р.ОИ от 29.12.83 г. № 720<br\/>Границы территории: Приказ УГООКН №12 от 23.10.2015<br\/>Зона Охраны: Приказ УГООКН №12 от 23.10.2015","votes":0,"styleName":"okn_point_regional"},"id":9386496},{"type":"Feature","geometry":{"type":"Point","coordinates":[50.0910115338,53.1828805135]},"properties":{"name":"Дом, в котором в 1931 - 1934 гг. жил актер Н.К. Симонов ","description":"Регистрационный номер в реестре: 631710754240005<br\/>Вид объекта: памятник истории<br\/>Категория: Регионального значения<br\/>Время создания объекта: 1931 - 1934 гг.<br\/>Адрес: ул. Чапаевская, 51<br\/>Документ принятия на охрану: Р.ОИ от 06.05.87 г. № 165<br\/>Границы территории: Приказ УГООКН 50 от 23.06.2016 <br\/>Зона Охраны: Приказ УГООКН 50 от 23.06.2016 ","votes":0,"styleName":"okn_point_regional"},"id":9386497},{"type":"Feature","geometry":{"type":"Point","coordinates":[50.0943197379,53.1872831786]},"properties":{"name":"Дом Бабердина","description":"Регистрационный номер в реестре: 631710754230005<br\/>Вид объекта: памятник архитектуры<br\/>Категория: Регионального значения<br\/>Время создания объекта: 1880-1890 гг<br\/>Адрес: ул. Чапаевская, 91<br\/>Документ принятия на охрану: Р.ОИ от 06.05.87 г. № 165<br\/>Границы территории: Приказ УГООКН 50 от 23.06.2016 <br\/>Зона Охраны: Приказ УГООКН 50 от 23.06.2016 ","votes":0,"styleName":"okn_point_regional"},"id":9386498},{"type":"Feature","geometry":{"type":"Point","coordinates":[50.0975019106,53.1960637933]},"properties":{"name":"Дом Красной Армии (арх. П.А. Щербачев)","description":"Регистрационный номер в реестре: 631710754220005<br\/>Вид объекта: памятник градостроительства и архитектуры<br\/>Категория: Регионального значения<br\/>Время создания объекта: 1930-1932гг.<br\/>Адрес: ул. Фрунзе, 165<br\/>Документ принятия на охрану: Постановление Правительства Самарской области от 25.11.2014  № 721<br\/>Границы территории: <br\/>Зона Охраны: ","votes":0,"styleName":"okn_point_regional"},"id":9386499},{"type":"Feature","geometry":{"type":"Point","coordinates":[50.0821169089,53.1803957614]},"properties":{"name":"Дом, в котором 15 сентября 1916 г. была проведена Поволжская конференция большевиков","description":"Регистрационный номер в реестре: 631710754210005<br\/>Вид объекта: памятник истории<br\/>Категория: Регионального значения<br\/>Время создания объекта: 15 сентября 1916 г.<br\/>Адрес: ул. Степана Разина, 15<br\/>Документ принятия на охрану: Р.ОИ  от 19.11.66 г. № 617<br\/>Границы территории: Приказ УГООКН 22 от 01.03.2016 <br\/>Зона Охраны: Приказ УГООКН 22 от 01.03.2016 ","votes":0,"styleName":"okn_point_regional"},"id":9386500},{"type":"Feature","geometry":{"type":"Point","coordinates":[50.1098114231,53.1924960197]},"properties":{"name":"Дом жилой ","description":"Регистрационный номер в реестре: 631611292030005<br\/>Вид объекта: памятник истории<br\/>Категория: Регионального значения<br\/>Время создания объекта: 1988г.<br\/>Адрес: ул. Ленинская, 148<br\/>Документ принятия на охрану: Р.ОИ от 29.12.83 г. № 720<br\/>Границы территории: Приказ УГООКН №12 от 23.10.2015<br\/>Зона Охраны: Приказ УГООКН №12 от 23.10.2015","votes":0,"styleName":"okn_point_regional"},"id":9386501},{"type":"Feature","geometry":{"type":"Point","coordinates":[50.1086716584,53.1907771157]},"properties":{"name":"Дом жилой  уточненное наименование Дом П.П. Прончука (Зам. Начальника  ж\/д. станции Самара-Златоуст)","description":"Регистрационный номер в реестре: 631611290860005<br\/>Вид объекта: памятник истории<br\/>Категория: Регионального значения<br\/>Время создания объекта: 1912 г.<br\/>Адрес: ул. Ленинская, 126<br\/>Документ принятия на охрану: Р.ОИ от 29.12.83 г. № 720<br\/>Границы территории: Приказ № 23 УГООКН от 03.12.15 <br\/>Зона Охраны: Приказ № 23 УГООКН от 03.12.15 ","votes":0,"styleName":"okn_point_regional"},"id":9386502},{"type":"Feature","geometry":{"type":"Point","coordinates":[50.098152366,53.1972489786]},"properties":{"name":"Дом Поплавского   уточненное наименование Ансамбль:  1) Дом Поплавского;  2) Ограда с воротами.","description":"Регистрационный номер в реестре: 631611080300005<br\/>Вид объекта: ансамбль архитектуры<br\/>Категория: Регионального значения<br\/>Время создания объекта: 1890-е гг.<br\/>Адрес: ул. Фрунзе, 171<br\/>Документ принятия на охрану: Р.ОИ от 06.05.87 г. № 165 <br\/>Границы территории: Приказ УГООКН 22 от 01.03.2016 <br\/>Зона Охраны: Приказ УГООКН 22 от 01.03.2016 ","votes":0,"styleName":"okn_point_regional"},"id":9386503},{"type":"Feature","geometry":{"type":"Point","coordinates":[50.0855385473,53.1902736819]},"properties":{"name":"Дом жилой на участке отставного фейерверкера Г.Я. Козлова","description":"Регистрационный номер в реестре: 631611022380005<br\/>Вид объекта: памятник градостроительства и архитектуры<br\/>Категория: Регионального значения<br\/>Время создания объекта: 1898-1899 гг.<br\/>Адрес: ул. Льва Толстого, 118, литера А<br\/>Документ принятия на охрану: Постановление Правительства Сам.обл. от 29.12.2014 № 853<br\/>Границы территории: Приказ № 23 УГООКН от 03.12.15 <br\/>Зона Охраны: Приказ № 23 УГООКН от 03.12.15 ","votes":0,"styleName":"okn_point_regional"},"id":9386504},{"type":"Feature","geometry":{"type":"Point","coordinates":[50.0773671553,53.1819054882]},"properties":{"name":"Жилой дом Самарцева Е.П.","description":"Регистрационный номер в реестре: 631611022340005<br\/>Вид объекта: памятник архитектуры<br\/>Категория: Регионального значения<br\/>Время создания объекта: вторая половина XIX в.<br\/>Адрес: ул. Водников, 36 литера А<br\/>Документ принятия на охрану: Постановление Правительства Сам. обл. от 15.07.2014 г. № 394<br\/>Границы территории: <br\/>Зона Охраны: ","votes":0,"styleName":"okn_point_regional"},"id":9386505},{"type":"Feature","geometry":{"type":"Point","coordinates":[50.0773237941,53.1817948193]},"properties":{"name":"Дом мещанина Жукова И.Ф.","description":"Регистрационный номер в реестре: 631610765540005<br\/>Вид объекта: памятник архитектуры<br\/>Категория: Регионального значения<br\/>Время создания объекта: вторая половина XIX в.<br\/>Адрес: ул. Водников, 34, литера А<br\/>Документ принятия на охрану: Постановление Правительства Сам. обл. от 15.07.2014 г.  № 394<br\/>Границы территории: Приказ УГООКН 54 от 25.05.2017<br\/>Зона Охраны: ","votes":0,"styleName":"okn_point_regional"},"id":9386506},{"type":"Feature","geometry":{"type":"Point","coordinates":[50.072995072,53.1699160551]},"properties":{"name":"Торговый дом \u201CМ.Л.Боберман и  сыновья\u201D, где в начале 20 в. была конспиративная квартира самарских искровцев","description":"Регистрационный номер в реестре: 631610641800005<br\/>Вид объекта: памятник истории <br\/>Категория: Регионального значения<br\/>Время создания объекта: 1900 г.<br\/>Адрес: ул. Мельничная, 2<br\/>Документ принятия на охрану: Р.ОИ от 08.06.88 г. № 238<br\/>Границы территории: Приказ УГООКН 126 от 02.12.2016 <br\/>Зона Охраны: Приказ УГООКН 126 от 02.12.2016 ","votes":0,"styleName":"okn_point_regional"},"id":9386507},{"type":"Feature","geometry":{"type":"Point","coordinates":[50.0916574679,53.1868560111]},"properties":{"name":"Гостиница «Центральная». Модерн ","description":"Регистрационный номер в реестре: 631610641470005<br\/>Вид объекта: памятник архитектуры<br\/>Категория: Регионального значения<br\/>Время создания объекта: 1905 г.<br\/>Адрес: ул. Фрунзе, 87, 89  уточненный адрес: ул. Фрунзе, 91\/ Ленинградская, 37<br\/>Документ принятия на охрану: Р.ОИ от 19.11.66 г.№ 617 <br\/>Границы территории: Приказ УГООКН 22 от 01.03.2016 <br\/>Зона Охраны: Приказ УГООКН 22 от 01.03.2016 ","votes":0,"styleName":"okn_point_regional"},"id":9386508},{"type":"Feature","geometry":{"type":"Point","coordinates":[50.0908978766,53.1861775249]},"properties":{"name":"Дом Кудряшова","description":"Регистрационный номер в реестре: 631610641410005<br\/>Вид объекта: памятник архитектуры<br\/>Категория: Регионального значения<br\/>Время создания объекта: 1906-1909 гг.<br\/>Адрес: ул. Фрунзе, 79<br\/>Документ принятия на охрану: Р.ОИ от 06.05.87 г. № 165<br\/>Границы территории: Приказ УГООКН 22 от 01.03.2016 <br\/>Зона Охраны: Приказ УГООКН 22 от 01.03.2016 ","votes":0,"styleName":"okn_point_regional"},"id":9386509},{"type":"Feature","geometry":{"type":"Point","coordinates":[50.0856293468,53.1857819035]},"properties":{"name":"Дом  Дочар ","description":"Регистрационный номер в реестре: 631610641180005<br\/>Вид объекта: памятник архитектуры<br\/>Категория: Регионального значения<br\/>Время создания объекта: 1874 \u2013 1876гг. перестроен в 1881 г.<br\/>Адрес: ул. Ст.Разина, 53\/Венцека, 35<br\/>Документ принятия на охрану: Р.ОИ от 06.05.87 г. № 165<br\/>Границы территории: Приказ УГООКН 129 от 02.12.2016 г<br\/>Зона Охраны: ","votes":0,"styleName":"okn_point_regional"},"id":9386510},{"type":"Feature","geometry":{"type":"Point","coordinates":[50.0866352566,53.1883876012]},"properties":{"name":"Доходный дом  Уточненное наименование: Дом статского советника П.В. Шаманского","description":"Регистрационный номер в реестре: 631610641090005<br\/>Вид объекта: памятник истории и культуры<br\/>Категория: Регионального значения <br\/>Время создания объекта: Начало ХХ века  после 1913 г.<br\/>Адрес: ул. Степана Разина, 108<br\/>Документ принятия на охрану: Р.ОИ от 06.05.87 г. № 165   <br\/>Границы территории: Приказ УГООКН 22 от 01.03.2016 <br\/>Зона Охраны: Приказ УГООКН 22 от 01.03.2016 ","votes":0,"styleName":"okn_point_regional"},"id":9386511},{"type":"Feature","geometry":{"type":"Point","coordinates":[50.0942294396,53.1906168385]},"properties":{"name":"Дом М.Мельниковой.","description":"Регистрационный номер в реестре: 631610640910005<br\/>Вид объекта: памятник архитектуры<br\/>Категория: Регионального значения<br\/>Время создания объекта: 1900 г.<br\/>Адрес: ул. Фрунзе, 131<br\/>Документ принятия на охрану: Р.ОИ от 06.05.87 г. № 165<br\/>Границы территории: Приказ УГООКН 126 от 02.12.2016 <br\/>Зона Охраны: Приказ УГООКН 126 от 02.12.2016 ","votes":0,"styleName":"okn_point_regional"},"id":9386512},{"type":"Feature","geometry":{"type":"Point","coordinates":[50.0950851516,53.1926603923]},"properties":{"name":"Жилой дом    ","description":"Регистрационный номер в реестре: 631610640900005<br\/>Вид объекта: памятник архитектуры<br\/>Категория: Регионального значения<br\/>Время создания объекта: 1900 г.<br\/>Адрес: ул. Фрунзе, 147<br\/>Документ принятия на охрану: Р.ОИ от 06.05.87 г. № 165<br\/>Границы территории: Приказ УГООКН 22 от 01.03.2016 <br\/>Зона Охраны: Приказ УГООКН 22 от 01.03.2016 ","votes":0,"styleName":"okn_point_regional"},"id":9386513},{"type":"Feature","geometry":{"type":"Point","coordinates":[50.0923791629,53.1818933911]},"properties":{"name":"Дом Кирилова.","description":"Регистрационный номер в реестре: 631610640620005<br\/>Вид объекта: памятник архитектуры<br\/>Категория: Регионального значения<br\/>Время создания объекта: 1890-е гг.<br\/>Адрес: ул. Пионерская, 84\/ Молодогвардейская, 34 <br\/>Документ принятия на охрану: Р.ОИ от 06.05.87 г. № 165<br\/>Границы территории: Приказ УГООКН 129 от 02.12.2016 г<br\/>Зона Охраны: ","votes":0,"styleName":"okn_point_regional"},"id":9386514},{"type":"Feature","geometry":{"type":"Point","coordinates":[50.1037104756,53.1872980703]},"properties":{"name":"Дом, в котором в 1916 г.жил В.В.Куйбышев.","description":"Регистрационный номер в реестре: 631610640610005<br\/>Вид объекта: памятник истории <br\/>Категория: Регионального значения<br\/>Время создания объекта: до 1917 г.<br\/>Адрес: ул. Некрасовская, 88  <br\/>Документ принятия на охрану: Р.ОИ от 19.11.66 г. № 617<br\/>Границы территории: Приказ УГООКН 46 от 14.06.2016 <br\/>Зона Охраны: Приказ УГООКН 46 от 14.06.2016 ","votes":0,"styleName":"okn_point_regional"},"id":9386515},{"type":"Feature","geometry":{"type":"Point","coordinates":[50.0984310636,53.1879950269]},"properties":{"name":"Жилой дом. Арх. Вернер. Ампир","description":"Регистрационный номер в реестре: 631610640600005<br\/>Вид объекта: памятник архитектуры<br\/>Категория: Регионального значения<br\/>Время создания объекта: 1911-1913 г.<br\/>Адрес: ул. Некрасовская, 61<br\/>Документ принятия на охрану: Р.ОИ от 19.11.66 г. № 617<br\/>Границы территории: <br\/>Зона Охраны: ","votes":0,"styleName":"okn_point_regional"},"id":9386516},{"type":"Feature","geometry":{"type":"Point","coordinates":[50.0977288319,53.1883218747]},"properties":{"name":"Доходный дом","description":"Регистрационный номер в реестре: 631610640580005<br\/>Вид объекта: памятник архитектуры<br\/>Категория: Регионального значения<br\/>Время создания объекта: Начало XX в.<br\/>Адрес: ул. Некрасова, 57\/Молодогвардейская, 65<br\/>Документ принятия на охрану: Р.ОИ от 06.05.87 г. № 165<br\/>Границы территории: Приказ № 23 УГООКН от 03.12.15 <br\/>Зона Охраны: Приказ № 23 УГООКН от 03.12.15 ","votes":0,"styleName":"okn_point_regional"},"id":9386517},{"type":"Feature","geometry":{"type":"Point","coordinates":[50.1097597581,53.1923926441]},"properties":{"name":"Дом жилой ","description":"Регистрационный номер в реестре: 631610638650005<br\/>Вид объекта: памятник истории<br\/>Категория: Регионального значения<br\/>Время создания объекта: 1988г.<br\/>Адрес: ул. Ленинская, 146<br\/>Документ принятия на охрану: Р.ОИ от 29.12.83 г. № 720<br\/>Границы территории: Приказ УГООКН №12 от 23.10.2015<br\/>Зона Охраны: Приказ УГООКН №12 от 23.10.2015","votes":0,"styleName":"okn_point_regional"},"id":9386518},{"type":"Feature","geometry":{"type":"Point","coordinates":[50.0840690315,53.1845331446]},"properties":{"name":"Дом Юрина","description":"Регистрационный номер в реестре: 631610638630005<br\/>Вид объекта: памятник архитектуры<br\/>Категория: Регионального значения<br\/>Время создания объекта: 1889-1890 гг.<br\/>Адрес: ул. Степана Разина, 52<br\/>Документ принятия на охрану: Р.ОИ от 06.05.87 г. № 165<br\/>Границы территории: Приказ УГООКН 22 от 01.03.2016 <br\/>Зона Охраны: Приказ УГООКН 22 от 01.03.2016 ","votes":0,"styleName":"okn_point_regional"},"id":9386519},{"type":"Feature","geometry":{"type":"Point","coordinates":[50.0851849776,53.1849808078]},"properties":{"name":"Дом Лаптева","description":"Регистрационный номер в реестре: 631610638620005<br\/>Вид объекта: памятник архитектуры<br\/>Категория: Регионального значения<br\/>Время создания объекта: 1840-1890 гг.<br\/>Адрес: ул. Степана Разина, 49<br\/>Документ принятия на охрану: Р.ОИ от 06.05.87 г. № 165<br\/>Границы территории: Приказ УГООКН 129 от 02.12.2016 г<br\/>Зона Охраны: ","votes":0,"styleName":"okn_point_regional"},"id":9386520},{"type":"Feature","geometry":{"type":"Point","coordinates":[50.0852508816,53.1863601044]},"properties":{"name":"Дом Шадрина  уточненное название \u2013  Жилой дом на усадьбе купца 2-ой гильдии Ивана Ивановича Смирнова","description":"Регистрационный номер в реестре: 631610638610005<br\/>Вид объекта: памятник архитектуры<br\/>Категория: Регионального значения<br\/>Время создания объекта: 1880-1890 гг.<br\/>Адрес: ул. Ст.Разина, 84\/Венцека, 26<br\/>Документ принятия на охрану: Р.ОИ от 06.05.87г. № 165<br\/>Границы территории: Приказ УГООКН 129 от 02.12.2016 г<br\/>Зона Охраны: ","votes":0,"styleName":"okn_point_regional"},"id":9386521},{"type":"Feature","geometry":{"type":"Point","coordinates":[50.0850233465,53.185923579]},"properties":{"name":"Дом Сурошникова  Жилой дом на усадьбе Сурошниковых с аркой ворот ","description":"Регистрационный номер в реестре: 631610638600005<br\/>Вид объекта: памятник архитектуры<br\/>Категория: Регионального значения<br\/>Время создания объекта: 1881 \u2013 1898 гг.<br\/>Адрес: ул. Ст.Разина, 82\/Венцека, 33<br\/>Документ принятия на охрану: Р.ОИ от 06.05.87 г. № 165<br\/>Границы территории: Приказ УГООКН 129 от 02.12.2016 г<br\/>Зона Охраны: ","votes":0,"styleName":"okn_point_regional"},"id":9386522},{"type":"Feature","geometry":{"type":"Point","coordinates":[50.0934466426,53.1888852102]},"properties":{"name":"Дом Охтиных   уточненное наименование Особняк купца А.А.Савельева","description":"Регистрационный номер в реестре: 631610638570005<br\/>Вид объекта: памятник архитектуры<br\/>Категория: Регионального значения<br\/>Время создания объекта: 1900 г.<br\/>Адрес: ул. Фрунзе, 113<br\/>Документ принятия на охрану: Р.ОИ от 06.05.87 г. № 165<br\/>Границы территории: Приказ УГООКН 22 от 01.03.2016 <br\/>Зона Охраны: Приказ УГООКН 22 от 01.03.2016 ","votes":0,"styleName":"okn_point_regional"},"id":9386523},{"type":"Feature","geometry":{"type":"Point","coordinates":[50.0853819272,53.1865345905]},"properties":{"name":"Дом Бровкина  уточненное наименование Каменный дом мещан Романов И.Р.и Жейновой В.И. и деревянный надворный флигель мещанки Маркинсон В.Б.","description":"Регистрационный номер в реестре: 631610638550005<br\/>Вид объекта: памятник архитектуры<br\/>Категория: Регионального значения<br\/>Время создания объекта: реконструкция 1900 х<br\/>Адрес: ул. Степана Разина, 86<br\/>Документ принятия на охрану: Р.ОИ от 06.05.87 г. № 165<br\/>Границы территории: Приказ УГООКН 50 от 23.06.2016 <br\/>Зона Охраны: Приказ УГООКН 50 от 23.06.2016 ","votes":0,"styleName":"okn_point_regional"},"id":9386524},{"type":"Feature","geometry":{"type":"Point","coordinates":[50.1072406257,53.1887730057]},"properties":{"name":"Дом Филимонова ","description":"Регистрационный номер в реестре: 631610638540005<br\/>Вид объекта: памятник архитектуры<br\/>Категория: Регионального значения<br\/>Время создания объекта: Начало ХХ в.<br\/>Адрес: ул. Л.Толстого, 97\/Ленинская, 116<br\/>Документ принятия на охрану: Р.ОИ от 06.05.87 г. № 165<br\/>Границы территории: Приказ УГООКН 129 от 02.12.2016 г<br\/>Зона Охраны: ","votes":0,"styleName":"okn_point_regional"},"id":9386525},{"type":"Feature","geometry":{"type":"Point","coordinates":[50.1004848079,53.1926976908]},"properties":{"name":"Дом Плошкина ","description":"Регистрационный номер в реестре: 631610638530005<br\/>Вид объекта: памятник архитектуры<br\/>Категория: Регионального значения<br\/>Время создания объекта: 1890-е гг.<br\/>Адрес: ул. Молодогвардейская, 123<br\/>Документ принятия на охрану: Р.ОИ от 06.05.87 г. № 165<br\/>Границы территории: <br\/>Зона Охраны: ","votes":0,"styleName":"okn_point_regional"},"id":9386526},{"type":"Feature","geometry":{"type":"Point","coordinates":[50.0999065036,53.1926964879]},"properties":{"name":"Жилой дом   уточненное наименование Дом мещанки Демидовой П.М.","description":"Регистрационный номер в реестре: 631610638520005<br\/>Вид объекта: памятник архитектуры<br\/>Категория: Регионального значения<br\/>Время создания объекта: конец ХIХ в.<br\/>Адрес: ул. Молодогвардейская, 148<br\/>Документ принятия на охрану: Р.ОИ от 06.05.87 г. № 165<br\/>Границы территории: Приказ № 23 УГООКН от 03.12.15 <br\/>Зона Охраны: Приказ № 23 УГООКН от 03.12.15 ","votes":0,"styleName":"okn_point_regional"},"id":9386527},{"type":"Feature","geometry":{"type":"Point","coordinates":[50.0947068187,53.18407599]},"properties":{"name":"Дом Санина","description":"Регистрационный номер в реестре: 631610638470005<br\/>Вид объекта: памятник архитектуры<br\/>Категория: Регионального значения<br\/>Время создания объекта: 1870 \u2013 1890 гг.<br\/>Адрес: ул. Венцека, 52\/ Молодогвардейская, 41<br\/>Документ принятия на охрану: Р.ОИ от 06.05.87 г. № 165<br\/>Границы территории: Приказ УГООКН 46 от 14.06.2016 <br\/>Зона Охраны: Приказ УГООКН 46 от 14.06.2016 ","votes":0,"styleName":"okn_point_regional"},"id":9386528},{"type":"Feature","geometry":{"type":"Point","coordinates":[50.0949583485,53.1842647144]},"properties":{"name":"Жилой дом  уточненное наименование Жилой дом на усадьбе купца Головкина И.Г.","description":"Регистрационный номер в реестре: 631610638440005<br\/>Вид объекта: памятник архитектуры<br\/>Категория: Регионального значения<br\/>Время создания объекта: Конец XIX в.<br\/>Адрес: ул. Молодогвардейская, 43<br\/>Документ принятия на охрану: Р.ОИ от 06.05.87 г. № 165<br\/>Границы территории: <br\/>Зона Охраны: ","votes":0,"styleName":"okn_point_regional"},"id":9386529},{"type":"Feature","geometry":{"type":"Point","coordinates":[50.0950837505,53.1845738799]},"properties":{"name":"Дом Головкина.  уточненное наименование Жилой дом на усадьбе купца Головкина И.Г.","description":"Регистрационный номер в реестре: 631610638420005<br\/>Вид объекта: памятник архитектуры<br\/>Категория: Регионального значения<br\/>Время создания объекта: Конец XIX в.<br\/>Адрес: ул. Молодогвардейская, 47<br\/>Документ принятия на охрану: Р.ОИ от 06.05.87 г. № 165<br\/>Границы территории: Приказ № 23 УГООКН от 03.12.15 <br\/>Зона Охраны: Приказ № 23 УГООКН от 03.12.15 ","votes":0,"styleName":"okn_point_regional"},"id":9386530},{"type":"Feature","geometry":{"type":"Point","coordinates":[50.0949944981,53.1858396925]},"properties":{"name":"Дом Пермяковой ","description":"Регистрационный номер в реестре: 631610638370005<br\/>Вид объекта: памятник архитектуры<br\/>Категория: Регионального значения<br\/>Время создания объекта: 1900 г.<br\/>Адрес: ул. Молодогвардейская, 70<br\/>Документ принятия на охрану: Р.ОИ от 06.05.87 г. № 165<br\/>Границы территории: Приказ № 23 УГООКН от 03.12.15 <br\/>Зона Охраны: Приказ № 23 УГООКН от 03.12.15 ","votes":0,"styleName":"okn_point_regional"},"id":9386531},{"type":"Feature","geometry":{"type":"Point","coordinates":[50.0981763486,53.1889699979]},"properties":{"name":"Жилой дом ","description":"Регистрационный номер в реестре: 631610638360005<br\/>Вид объекта: памятник архитектуры<br\/>Категория: Регионального значения<br\/>Время создания объекта: 1910 г.<br\/>Адрес: ул. Молодогвардейская, 69<br\/>Документ принятия на охрану: Р.ОИ от 06.05.87 г. № 165<br\/>Границы территории: Приказ УГООКН 50 от 23.06.2016 <br\/>Зона Охраны: Приказ УГООКН 50 от 23.06.2016 ","votes":0,"styleName":"okn_point_regional"},"id":9386532},{"type":"Feature","geometry":{"type":"Point","coordinates":[50.104548592,53.1922391867]},"properties":{"name":"Дом Левина","description":"Регистрационный номер в реестре: 631610638290005<br\/>Вид объекта: памятник архитектуры<br\/>Категория: Регионального значения<br\/>Время создания объекта: конец ХIХ в.<br\/>Адрес: ул. Красноармейская, 45<br\/>Документ принятия на охрану: Постанов. Главы адм-ции Сам. обл. от 27.03.92 г. № 77<br\/>Границы территории: <br\/>Зона Охраны: ","votes":0,"styleName":"okn_point_regional"},"id":9386533},{"type":"Feature","geometry":{"type":"Point","coordinates":[50.0859889292,53.1836550617]},"properties":{"name":"Дом Первовского  уточненное наименование Дом мещанина Ф.А.Первовского","description":"Регистрационный номер в реестре: 631610638230005<br\/>Вид объекта: памятник архитектуры<br\/>Категория: Регионального значения<br\/>Время создания объекта: 1860-1870 гг. <br\/>Адрес: ул. Куйбышева, 46<br\/>Документ принятия на охрану: Р.ОИ от 06.05.87 г. № 165<br\/>Границы территории: Приказ УГООКН 29 от 06.04.2016 <br\/>Зона Охраны: ","votes":0,"styleName":"okn_point_regional"},"id":9386534},{"type":"Feature","geometry":{"type":"Point","coordinates":[50.0921102888,53.191682406]},"properties":{"name":"Здание бывшего благородного собрания, где работали и бывали видные деятели культуры Самары","description":"Регистрационный номер в реестре: 631610638220005<br\/>Вид объекта: памятник истории<br\/>Категория: Регионального значения<br\/>Время создания объекта: конец ХIХ \u2013 начало ХХ вв.<br\/>Адрес: ул. Куйбышева, 131<br\/>Документ принятия на охрану: Р.ОИ 06.05.87 г.          № 165 <br\/>Границы территории: Приказ УГООКН 46 от 14.06.2016 <br\/>Зона Охраны: Приказ УГООКН 46 от 14.06.2016 ","votes":0,"styleName":"okn_point_regional"},"id":9386535},{"type":"Feature","geometry":{"type":"Point","coordinates":[50.1006888903,53.1893430705]},"properties":{"name":"Особняк Жоголева ","description":"Регистрационный номер в реестре: 631610638190005<br\/>Вид объекта: памятник архитектуры<br\/>Категория: Регионального значения<br\/>Время создания объекта: 1890 г.<br\/>Адрес: ул. Галактионовская, 57<br\/>Документ принятия на охрану: Р.ОИ от 06.05.87 г. № 165<br\/>Границы территории: Приказ УГООКН 46 от 14.06.2016 <br\/>Зона Охраны: Приказ УГООКН 46 от 14.06.2016 ","votes":0,"styleName":"okn_point_regional"},"id":9386536},{"type":"Feature","geometry":{"type":"Point","coordinates":[50.083862455,53.1793314644]},"properties":{"name":"Дом, в котором в 1889г. жили М.Т.Елизаров и А.И.Елизарова-Ульянова, здесь часто бывал В.И.Ленин","description":"Регистрационный номер в реестре: 631610638180005<br\/>Вид объекта: ансамбль истории и культуры  <br\/>Категория: Регионального значения<br\/>Время создания объекта: 1892 г.; 1892-1898 гг.; 1898 г.<br\/>Адрес: ул. Куйбышева, 7 <br\/>Документ принятия на охрану: РОИ от 19.11.1966  № 617 (истор)<br\/>Границы территории: Приказ УГООКН 54 от 25.05.2017<br\/>Зона Охраны: ","votes":0,"styleName":"okn_point_regional"},"id":9386537},{"type":"Feature","geometry":{"type":"Point","coordinates":[50.0873974364,53.1847952706]},"properties":{"name":" Жилой дом   уточненное наименование: Усадьба И.А. Бахарева","description":"Регистрационный номер в реестре: 631610638170005<br\/>Вид объекта: ансамбль архитектуры<br\/>Категория: Регионального значения<br\/>Время создания объекта: 1902 \u2013 1903 г.<br\/>Адрес: ул. Куйбышева, 71<br\/>Документ принятия на охрану: Р.ОИ от 06.05.87 г. № 165<br\/>Границы территории: Приказ УГООКН 129 от 02.12.2016 г<br\/>Зона Охраны: ","votes":0,"styleName":"okn_point_regional"},"id":9386538},{"type":"Feature","geometry":{"type":"Point","coordinates":[50.0900637122,53.1888294585]},"properties":{"name":"Дом Сибирякова","description":"Регистрационный номер в реестре: 6,31610638160005E+29<br\/>Вид объекта: памятник архитектуры<br\/>Категория: Регионального значения<br\/>Время создания объекта: Начало ХХ в.<br\/>Адрес: ул. Куйбышева, 107<br\/>Документ принятия на охрану: Р.ОИ от 06.05.87 г. № 165<br\/>Границы территории: Приказ УГООКН 46 от 14.06.2016 <br\/>Зона Охраны: Приказ УГООКН 46 от 14.06.2016 ","votes":0,"styleName":"okn_point_regional"},"id":9386539},{"type":"Feature","geometry":{"type":"Point","coordinates":[50.0824775898,53.1870440347]},"properties":{"name":"Жилой дом ","description":"Регистрационный номер в реестре: 631610638130005<br\/>Вид объекта: памятник архитектуры<br\/>Категория: Регионального значения<br\/>Время создания объекта: Начало ХХ в.<br\/>Адрес: ул. Венцека, 10<br\/>Документ принятия на охрану: Р.ОИ от 06.05.87 г № 165<br\/>Границы территории: Приказ УГООКН №8 от 11.02.2016 <br\/>Зона Охраны: Приказ УГООКН №8 от 11.02.2016 ","votes":0,"styleName":"okn_point_regional"},"id":9386540},{"type":"Feature","geometry":{"type":"Point","coordinates":[50.083933726,53.1862145037]},"properties":{"name":"Жилой дом ","description":"Регистрационный номер в реестре: 631610638120005<br\/>Вид объекта: памятник архитектуры<br\/>Категория: Регионального значения<br\/>Время создания объекта: Конец ХIХ в.<br\/>Адрес: ул. Венцека, 21<br\/>Документ принятия на охрану: Р.ОИ от 06.05.87 г. № 165<br\/>Границы территории: Приказ УГООКН №8 от 11.02.2016 <br\/>Зона Охраны: Приказ УГООКН №8 от 11.02.2016 ","votes":0,"styleName":"okn_point_regional"},"id":9386541},{"type":"Feature","geometry":{"type":"Point","coordinates":[50.0942347772,53.1924303312]},"properties":{"name":"Здание, в котором с ноября 1917г. по январь 1918г.находились губком партии и редакции газеты \u201CПриволжская правда\u201D.","description":"Регистрационный номер в реестре: 631610638090005<br\/>Вид объекта: памятник истории<br\/>Категория: Регионального значения<br\/>Время создания объекта: ноябрь 1917г. -январь 1918 г..<br\/>Адрес: ул. Л.Толстого, 26<br\/>Документ принятия на охрану: Р.ОИ от 15.05.81 г. № 22<br\/>Границы территории: <br\/>Зона Охраны: ","votes":0,"styleName":"okn_point_regional"},"id":9386542},{"type":"Feature","geometry":{"type":"Point","coordinates":[50.0965581876,53.1921413122]},"properties":{"name":"Жилой дом на усадьбе Б.Н. Позерн","description":"Регистрационный номер в реестре: 631610637860005<br\/>Вид объекта: памятник градостроительства и архитектуры<br\/>Категория: Регионального значения<br\/>Время создания объекта: 1898-1902 гг.<br\/>Адрес: ул. Льва Толстого, 38, литера Е<br\/>Документ принятия на охрану: Постановление Правительства Сам.обл. от 29.12.2014 № 853<br\/>Границы территории: <br\/>Зона Охраны: ","votes":0,"styleName":"okn_point_regional"},"id":9386543},{"type":"Feature","geometry":{"type":"Point","coordinates":[50.1046897329,53.1974984026]},"properties":{"name":"Дом архиерейского подворья ","description":"Регистрационный номер в реестре: 631610637480005<br\/>Вид объекта: памятник архитектуры<br\/>Категория: Регионального значения<br\/>Время создания объекта: начало ХХ века<br\/>Адрес: ул. Галактионовская, 102\/Вилоновская, 24 <br\/>Документ принятия на охрану: Р.ОИ от 06.05.87 г. № 165<br\/>Границы территории: Приказ министерства культуры Самарской области от 02.03 2015 г. № 15 <br\/>Зона Охраны: Приказ министерства культуры Самарской области от 02.03 2015 г. № 15 ","votes":0,"styleName":"okn_point_regional"},"id":9386544},{"type":"Feature","geometry":{"type":"Point","coordinates":[50.0969001946,53.1836401575]},"properties":{"name":"Жилой дом.  ","description":"Регистрационный номер в реестре: 631610637440005<br\/>Вид объекта: памятник архитектуры<br\/>Категория: Регионального значения<br\/>Время создания объекта: начало ХХ века<br\/>Адрес: ул. Галактионовская, 25<br\/>Документ принятия на охрану: Р.ОИ от 06.05.87 г. № 165<br\/>Границы территории: Приказ УГООКН 22 от 01.03.2016 <br\/>Зона Охраны: Приказ УГООКН 22 от 01.03.2016 ","votes":0,"styleName":"okn_point_regional"},"id":9386545},{"type":"Feature","geometry":{"type":"Point","coordinates":[50.0885752835,53.1865168163]},"properties":{"name":"Дом Калачева.   уточненное наименование Дом купеческой семьи Юриных с квартирами и торговыми помещениями, сдававшимися внаем","description":"Регистрационный номер в реестре: 631610637370005<br\/>Вид объекта: памятник архитектуры<br\/>Категория: Регионального значения<br\/>Время создания объекта: 1860 -1870 г.<br\/>Адрес: ул. Куйбышева, 83<br\/>Документ принятия на охрану: Р.ОИ от 06.05.87 г. № 165<br\/>Границы территории: Приказ УГООКН 129 от 02.12.2016 г<br\/>Зона Охраны: ","votes":0,"styleName":"okn_point_regional"},"id":9386546},{"type":"Feature","geometry":{"type":"Point","coordinates":[50.0983900698,53.1974536243]},"properties":{"name":"Дом в котором жил старый народник  Н.С. Долгов. Здесь   В.И.Ульянов (Ленин) часто бывал и познакомился с И.Х. Лалаянцем, сосланным под надзор полиции ","description":"Регистрационный номер в реестре: 631610637330005<br\/>Вид объекта: памятник истории и культуры<br\/>Категория: Регионального значения<br\/>Время создания объекта: 1873г.,  1889-1893гг. 1907-1909 гг.  <br\/>Адрес: ул. Фрунзе, 173 <br\/>Документ принятия на охрану: Р.ОИ 25.11.69 г. № 749  <br\/>Границы территории: Приказ УГООКН №26 от 11.12.15 <br\/>Зона Охраны: Приказ УГООКН №26 от 11.12.15 ","votes":0,"styleName":"okn_point_regional"},"id":9386547},{"type":"Feature","geometry":{"type":"Point","coordinates":[50.0888604325,53.1866075579]},"properties":{"name":"Здание, в котором с 1910 г.  находилось музыкальное училище,   где   работали выдающиеся деятели музыкальной культуры  ","description":"Регистрационный номер в реестре: 631610637230005<br\/>Вид объекта: памятник архитектуры и истории<br\/>Категория: Регионального значения<br\/>Время создания объекта: 1910<br\/>Адрес: ул. Куйбышева, 85<br\/>Документ принятия на охрану: Р.ОИ от 06.05.87 г. № 165<br\/>Границы территории: Приказ УГООКН 129 от 02.12.2016 г<br\/>Зона Охраны: ","votes":0,"styleName":"okn_point_regional"},"id":9386548},{"type":"Feature","geometry":{"type":"Point","coordinates":[50.0888844067,53.1889469984]},"properties":{"name":"Дом, в котором 8 декабря 1918 г. была организована комсомольская организация г. Самары","description":"Регистрационный номер в реестре: 631610637170005<br\/>Вид объекта: памятник истории<br\/>Категория: Регионального значения<br\/>Время создания объекта: 08.12.1918 г.<br\/>Адрес: ул. Куйбышева, 88 <br\/>Документ принятия на охрану: Р.ОИ от 19.11.66 г. № 617<br\/>Границы территории: Приказ УГООКН 129 от 02.12.2016 г<br\/>Зона Охраны: ","votes":0,"styleName":"okn_point_regional"},"id":9386549},{"type":"Feature","geometry":{"type":"Point","coordinates":[50.0889143077,53.1867165076]},"properties":{"name":"Купеческий дом.   уточненное наименование: Дом потомственной почетной гражданки Неклютиной Е.А. с электротехнической конторой Неклютиной А.М.  «Гаражъ», с помещением, сдававшимся в аренду электротеатру «Трiумфъ»","description":"Регистрационный номер в реестре: 631610637010005<br\/>Вид объекта: памятник архитектуры<br\/>Категория: Регионального значения<br\/>Время создания объекта: Конец ХIХ в.<br\/>Адрес: ул. Куйбышева, 87<br\/>Документ принятия на охрану: Постанов. Главы  адм-ции Сам. обл. 27.03.92 г. № 77<br\/>Границы территории: Приказ УГООКН 129 от 02.12.2016 г<br\/>Зона Охраны: ","votes":0,"styleName":"okn_point_regional"},"id":9386550},{"type":"Feature","geometry":{"type":"Point","coordinates":[50.0895253185,53.1876735693]},"properties":{"name":"Промбанк   уточненное наименование Здание промышленного банка  ","description":"Регистрационный номер в реестре: 631610633910005<br\/>Вид объекта: памятник архитектуры<br\/>Категория: Регионального значения<br\/>Время создания объекта: 1940-е гг.<br\/>Адрес: ул. Куйбышева, 97\/ Ленинградская, 27<br\/>Документ принятия на охрану: Р.ОИ от 06.05.87 г. № 165<br\/>Границы территории: Приказ УГООКН 129 от 02.12.2016 г<br\/>Зона Охраны: ","votes":0,"styleName":"okn_point_regional"},"id":9386551},{"type":"Feature","geometry":{"type":"Point","coordinates":[50.1467985275,53.2151263566]},"properties":{"name":"Обелиск «Борцам революции 1917 года»","description":"Регистрационный номер в реестре: 631610633170005<br\/>Вид объекта: памятник истории<br\/>Категория: Регионального значения<br\/>Время создания объекта: 1960г.<br\/>Адрес: Сквер у производственного объединения «Завод имени Масленникова»<br\/>Документ принятия на охрану: Р.ОИ от 15.05.81 г. № 22<br\/>Границы территории: Приказ УГООКН 33 от 06.04.2016<br\/>Зона Охраны: ","resource":"","image":"","audio":"","video":"","votes":0,"reestrId":"","styleName":"okn_point_regional"},"id":9386552},{"type":"Feature","geometry":{"type":"Point","coordinates":[50.1113882248,53.1877118057]},"properties":{"name":"Жилой дом","description":"Регистрационный номер в реестре: 631610632880005<br\/>Вид объекта: памятник архитектуры<br\/>Категория: Регионального значения<br\/>Время создания объекта: 1890 г.<br\/>Адрес: ул. Арцыбушевская, 30 <br\/>Документ принятия на охрану: Р.ОИ  от 06.05.87г №165<br\/>Границы территории: Приказ УГООКН №8 от 11.02.2016 <br\/>Зона Охраны: Приказ УГООКН №8 от 11.02.2016 ","votes":0,"styleName":"okn_point_regional"},"id":9386553},{"type":"Feature","geometry":{"type":"Point","coordinates":[50.093720939,53.1928152312]},"properties":{"name":"Куйбышевский горисполком.  Арх. Шредер. Итальянский ренессанс  уточненное наименование Усадьба потомственного почетного гражданина г. Самары, купца 1-ой гильдии Дунаева Е.Ф. Особняк с помещениями Коммерческого собрания и магазинами","description":"Регистрационный номер в реестре: 631610632870005<br\/>Вид объекта: ансамбль архитектуры<br\/>Категория: Регионального значения<br\/>Время создания объекта: 1909 г.<br\/>Адрес: ул. Куйбышева, 135 <br\/>Документ принятия на охрану: Р.ОИ от 19.11.66 г.№ 617<br\/>Границы территории: Приказ УГООКН 46 от 14.06.2016 <br\/>Зона Охраны: Приказ УГООКН 46 от 14.06.2016 ","votes":0,"styleName":"okn_point_regional"},"id":9386554},{"type":"Feature","geometry":{"type":"Point","coordinates":[50.0891202407,53.187317271]},"properties":{"name":"Управление сберкасс. Арх. Клейнерман. Модернизированный ампир.","description":"Регистрационный номер в реестре: 631511291070005<br\/>Вид объекта: памятник истории и культуры<br\/>Категория: Регионального значения<br\/>Время создания объекта: 1916-1917 г.<br\/>Адрес: ул. Куйбышева, 93<br\/>Документ принятия на охрану: Р.ОИ от 19.11.66 г. № 617 <br\/>Границы территории: Приказ УГООКН 129 от 02.12.2016 г<br\/>Зона Охраны: ","votes":0,"styleName":"okn_point_regional"},"id":9386555},{"type":"Feature","geometry":{"type":"Point","coordinates":[50.0826138876,53.1812784911]},"properties":{"name":"Дом Гурова ","description":"Регистрационный номер в реестре: 631510911580005<br\/>Вид объекта: памятник архитектуры<br\/>Категория: Регионального значения<br\/>Время создания объекта: 1850-е гг.<br\/>Адрес: ул. Ст. Разина, 23\/Комсомольская, 29<br\/>Документ принятия на охрану: Р.ОИ от 06.05.87 г. № 165<br\/>Границы территории: Приказ № 23 УГООКН от 03.12.15 <br\/>Зона Охраны: Приказ № 23 УГООКН от 03.12.15 ","votes":0,"styleName":"okn_point_regional"},"id":9386556},{"type":"Feature","geometry":{"type":"Point","coordinates":[50.1176429668,53.187089577]},"properties":{"name":"Поликлиника Самаро-Златоустовской железной дороги","description":"Регистрационный номер в реестре: 631510321890005<br\/>Вид объекта: памятник градостроительства и архитектуры<br\/>Категория: Регионального значения<br\/>Время создания объекта: 1938 г.<br\/>Адрес: ул. Агибалова, 12, литера А <br\/>Документ принятия на охрану: Постановление Правительства Самарской области от 29.12.2014  № 853<br\/>Границы территории: Приказ УГООКН №12 от 23.10.2015<br\/>Зона Охраны: Приказ УГООКН №12 от 23.10.2015","votes":0,"styleName":"okn_point_regional"},"id":9386557},{"type":"Feature","geometry":{"type":"Point","coordinates":[50.0846177794,53.1896632694]},"properties":{"name":"Дом на усадьбе О.К. Полуэктова","description":"Регистрационный номер в реестре: 631510290160005<br\/>Вид объекта: памятник архитектуры<br\/>Категория: Регионального значения<br\/>Время создания объекта: 1886г.<br\/>Адрес: ул. Алексея Толстого, 116, литера А<br\/>Документ принятия на охрану: Постановление Правительства Самарской области от 25.11.2014  № 721<br\/>Границы территории: <br\/>Зона Охраны: ","votes":0,"styleName":"okn_point_regional"},"id":9386558},{"type":"Feature","geometry":{"type":"Point","coordinates":[50.1188153764,53.1887294543]},"properties":{"name":"Жилой дом Управления Самаро-Златоустовской железной дороги","description":"Регистрационный номер в реестре: 631510286600005<br\/>Вид объекта: памятник градостроительства и архитектуры<br\/>Категория: Регионального значения<br\/>Время создания объекта: 1935 г.<br\/>Адрес: ул. Красноармейская, 117\/ ул. Агибалова, 14, литера А<br\/>Документ принятия на охрану: Постановление Правительства Самарской области от 29.12.2014 № 853<br\/>Границы территории: Приказ № 23 УГООКН от 03.12.15 <br\/>Зона Охраны: Приказ № 23 УГООКН от 03.12.15 ","resource":"","image":"","audio":"","video":"","votes":0,"reestrId":"","styleName":"okn_point_regional"},"id":9386559},{"type":"Feature","geometry":{"type":"Point","coordinates":[50.0859226295,53.1872489165]},"properties":{"name":"Дом общественного деятеля К.К.  Позерн, в котором часто бывал А.М. Горький","description":"Регистрационный номер в реестре: 631510279480005<br\/>Вид объекта: памятник истории<br\/>Категория: Регионального значения<br\/>Время создания объекта: 1878-1896 гг.<br\/>Адрес: ул. Степана Разина, 96<br\/>Документ принятия на охрану: Р.ОИ от 06.05.87 г. № 165 <br\/>Границы территории: <br\/>Зона Охраны: ","votes":0,"styleName":"okn_point_regional"},"id":9386560},{"type":"Feature","geometry":{"type":"Point","coordinates":[50.0963815522,53.1912277827]},"properties":{"name":"Жилой дом","description":"Регистрационный номер в реестре: 631510278720005<br\/>Вид объекта: памятник архитектуры<br\/>Категория: Регионального значения<br\/>Время создания объекта: середина XIX века<br\/>Адрес: ул. Чапаевская, 144<br\/>Документ принятия на охрану: Пост. Гл. адм. Сам.обл. от 27.03.92г. №77<br\/>Границы территории: Приказ УГООКН 129 от 02.12.2016 г<br\/>Зона Охраны: ","votes":0,"styleName":"okn_point_regional"},"id":9386561},{"type":"Feature","geometry":{"type":"Point","coordinates":[50.093516651,53.1879200438]},"properties":{"name":"Дом Лидефорт.","description":"Регистрационный номер в реестре: 631510278690005<br\/>Вид объекта: памятник архитектуры<br\/>Категория: Регионального значения<br\/>Время создания объекта: Начало ХХ в.<br\/>Адрес: ул. Чапаевская, 110<br\/>Документ принятия на охрану: Р.ОИ от 06.05.87 г. № 165<br\/>Границы территории: Приказ УГООКН 50 от 23.06.2016 <br\/>Зона Охраны: Приказ УГООКН 50 от 23.06.2016 ","votes":0,"styleName":"okn_point_regional"},"id":9386562},{"type":"Feature","geometry":{"type":"Point","coordinates":[50.0918981747,53.1850914189]},"properties":{"name":"Жилой дом","description":"Регистрационный номер в реестре: 631510278520005<br\/>Вид объекта: памятник архитектуры<br\/>Категория: Регионального значения<br\/>Время создания объекта: Начало ХХ в.<br\/>Адрес: ул. Чапаевская, 80<br\/>Документ принятия на охрану: Р.ОИ от 06.05.87 г. № 165<br\/>Границы территории: Приказ УГООКН 50 от 23.06.2016 <br\/>Зона Охраны: Приказ УГООКН 50 от 23.06.2016 ","votes":0,"styleName":"okn_point_regional"},"id":9386563},{"type":"Feature","geometry":{"type":"Point","coordinates":[50.0804098432,53.1835605904]},"properties":{"name":"Жилой дом","description":"Регистрационный номер в реестре: 631510278370005<br\/>Вид объекта: памятник архитектуры<br\/>Категория: Регионального значения<br\/>Время создания объекта: конец XIX в.<br\/>Адрес: ул. А. Толстого, 46, литера А<br\/>Документ принятия на охрану: Пост. Гл. адм. Сам.обл. от 27.03.92г. №77 Приказ УГООКН №18 от 15.02.2017<br\/>Границы территории: Приказ УГООК№ 29 от 06.04.2016  УГООКН №18 от 15.02.2017<br\/>Зона Охраны: ","votes":0,"styleName":"okn_point_regional"},"id":9386564},{"type":"Feature","geometry":{"type":"Point","coordinates":[50.0929349772,53.1906199178]},"properties":{"name":"Дом Кирилова","description":"Регистрационный номер в реестре: 631510277840005<br\/>Вид объекта: памятник архитектуры<br\/>Категория: Регионального значения<br\/>Время создания объекта: 1860 \u2013 1870 гг.<br\/>Адрес: ул. Фрунзе, 106<br\/>Документ принятия на охрану: Р.ОИ от 06.05.87 г. № 165<br\/>Границы территории: Приказ УГООКН 22 от 01.03.2016 <br\/>Зона Охраны: Приказ УГООКН 22 от 01.03.2016 ","votes":0,"styleName":"okn_point_regional"},"id":9386565},{"type":"Feature","geometry":{"type":"Point","coordinates":[50.0856971773,53.1870727516]},"properties":{"name":"Дом Тимрот","description":"Регистрационный номер в реестре: 631510277810005<br\/>Вид объекта: памятник архитектуры<br\/>Категория: Регионального значения<br\/>Время создания объекта: начало XX в.<br\/>Адрес: ул. Степана Разина, 92<br\/>Документ принятия на охрану: Р.ОИ от 06.05.87 г. № 165<br\/>Границы территории: Приказ УГООКН 50 от 23.06.2016 <br\/>Зона Охраны: Приказ УГООКН 50 от 23.06.2016 ","votes":0,"styleName":"okn_point_regional"},"id":9386566},{"type":"Feature","geometry":{"type":"Point","coordinates":[50.0856161722,53.1868878457]},"properties":{"name":"Дом Тимрот.","description":"Регистрационный номер в реестре: 631510277770005<br\/>Вид объекта: памятник архитектуры<br\/>Категория: Регионального значения<br\/>Время создания объекта: 1870 г.<br\/>Адрес: ул. Степана Разина, 90<br\/>Документ принятия на охрану: Р.ОИ от 06.05.87 г. № 165<br\/>Границы территории: Приказ УГООКН 50 от 23.06.2016 <br\/>Зона Охраны: Приказ УГООКН 50 от 23.06.2016 ","votes":0,"styleName":"okn_point_regional"},"id":9386567},{"type":"Feature","geometry":{"type":"Point","coordinates":[50.092217629,53.1882326116]},"properties":{"name":"Дом Невской","description":"Регистрационный номер в реестре: 631510271290005<br\/>Вид объекта: памятник архитектуры<br\/>Категория: Регионального значения<br\/>Время создания объекта: 1860-1870 гг.<br\/>Адрес: ул. Фрунзе, 103  <br\/>Документ принятия на охрану: Р.ОИ от 06.05.87 г. № 165<br\/>Границы территории: Приказ УГООКН 22 от 01.03.2016 <br\/>Зона Охраны: Приказ УГООКН 22 от 01.03.2016 ","votes":0,"styleName":"okn_point_regional"},"id":9386568},{"type":"Feature","geometry":{"type":"Point","coordinates":[50.0887850792,53.1883448893]},"properties":{"name":"Здание почтовой конторы, где в 1889-1893гг. бывал В.И.Ленин. В декабре 1889 г.  им отправлено отсюда письмо в книготорговую фирму «Брокгауз»  ","description":"Регистрационный номер в реестре: 631510271230005<br\/>Вид объекта: памятник истории<br\/>Категория: Регионального значения<br\/>Время создания объекта: 1866 г., 1889-1893 гг.<br\/>Адрес: ул. Куйбышева, 82 (Ленинградская, 24)<br\/>Документ принятия на охрану: Р.ОИ 08.06.88 г.  № 238  <br\/>Границы территории: Приказ № 23 УГООКН от 03.12.15 <br\/>Зона Охраны: Приказ № 23 УГООКН от 03.12.15 ","votes":0,"styleName":"okn_point_regional"},"id":9386569},{"type":"Feature","geometry":{"type":"Point","coordinates":[50.1127138574,53.1978485575]},"properties":{"name":"Дом Масловского","description":"Регистрационный номер в реестре: 631510271190005<br\/>Вид объекта: памятник архитектуры<br\/>Категория: Регионального значения<br\/>Время создания объекта: 1910 г.<br\/>Адрес: ул. Ульяновская, 51<br\/>Документ принятия на охрану: Р.ОИ от 06.05.87 г. № 165<br\/>Границы территории: Приказ УГООКН №12 от 23.10.2015<br\/>Зона Охраны: Приказ УГООКН №12 от 23.10.2015","votes":0,"styleName":"okn_point_regional"},"id":9386570},{"type":"Feature","geometry":{"type":"Point","coordinates":[50.0942954816,53.1902939979]},"properties":{"name":"Дом Панафидина  Дом мещанина А.С.Борщева","description":"Регистрационный номер в реестре: 631510269390005<br\/>Вид объекта: памятник архитектуры<br\/>Категория: Регионального значения<br\/>Время создания объекта: 1890 г.<br\/>Адрес: ул. Фрунзе, 127  <br\/>Документ принятия на охрану: Р.ОИ от 06.05.87 г. № 165<br\/>Границы территории: Приказ УГООКН 22 от 01.03.2016 <br\/>Зона Охраны: Приказ УГООКН 22 от 01.03.2016 ","votes":0,"styleName":"okn_point_regional"},"id":9386571},{"type":"Feature","geometry":{"type":"Point","coordinates":[50.093615474,53.1864885015]},"properties":{"name":"НИИ микробиологии. Модерн   Дом Сидорова ","description":"Регистрационный номер в реестре: 631510269140005<br\/>Вид объекта: памятник архитектуры и истории<br\/>Категория: Регионального значения<br\/>Время создания объекта: 1900-1904 гг.<br\/>Адрес: ул. Чапаевская, 87<br\/>Документ принятия на охрану: Р.ОИ от 19.11.66 г.№ 617<br\/>Границы территории: Приказ УГООКН 50 от 23.06.2016 <br\/>Зона Охраны: Приказ УГООКН 50 от 23.06.2016 ","votes":0,"styleName":"okn_point_regional"},"id":9386572},{"type":"Feature","geometry":{"type":"Point","coordinates":[50.1145465569,53.1988131556]},"properties":{"name":"Дом на усадьбе купца Кириллова Н.И. ","description":"Регистрационный номер в реестре: 631510269040005<br\/>Вид объекта: памятник градостроительства и архитектуры<br\/>Категория: Регионального значения<br\/>Время создания объекта: 1903-1915 гг.<br\/>Адрес: ул. Ярмарочная, 27, литера А <br\/>Документ принятия на охрану: Постановление Правительства Самарской области от 29.12.2014 № 853<br\/>Границы территории: Приказ УГООКН №12 от 23.10.2015<br\/>Зона Охраны: Приказ УГООКН №12 от 23.10.2015","votes":0,"styleName":"okn_point_regional"},"id":9386573},{"type":"Feature","geometry":{"type":"Point","coordinates":[50.0942036285,53.1870876496]},"properties":{"name":"Жилой дом  ","description":"Регистрационный номер в реестре: 631510267380005<br\/>Вид объекта: памятник архитектуры<br\/>Категория: Регионального значения<br\/>Время создания объекта: 1913 г.<br\/>Адрес: ул. Чапаевская, 89\/Ленинградская, 56<br\/>Документ принятия на охрану: Р.ОИ от 06.05.87 г. № 165<br\/>Границы территории: Приказ УГООКН 129 от 02.12.2016 г<br\/>Зона Охраны: ","votes":0,"styleName":"okn_point_regional"},"id":9386574},{"type":"Feature","geometry":{"type":"Point","coordinates":[50.0901507058,53.1897810541]},"properties":{"name":"Дом Егорова.","description":"Регистрационный номер в реестре: 631510266840005<br\/>Вид объекта: памятник архитектуры<br\/>Категория: Регионального значения<br\/>Время создания объекта: 1890 г.<br\/>Адрес: ул. Куйбышева, 96 <br\/>Документ принятия на охрану: Р.ОИ от 06.05.87 г. № 165<br\/>Границы территории: Приказ № 23 УГООКН от 03.12.15 <br\/>Зона Охраны: Приказ № 23 УГООКН от 03.12.15 ","votes":0,"styleName":"okn_point_regional"},"id":9386575},{"type":"Feature","geometry":{"type":"Point","coordinates":[50.0858524986,53.1834684384]},"properties":{"name":"Дом Линева-Разина ","description":"Регистрационный номер в реестре: 631510265250005<br\/>Вид объекта: памятник архитектуры<br\/>Категория: Регионального значения<br\/>Время создания объекта: 1901 г. <br\/>Адрес: ул. Куйбышева, 44\/Пионерская, 44<br\/>Документ принятия на охрану: Р.ОИ от 06.05.87 г. № 165<br\/>Границы территории: Приказ УГООКН 29 от 06.04.2016<br\/>Зона Охраны: ","votes":0,"styleName":"okn_point_regional"},"id":9386576},{"type":"Feature","geometry":{"type":"Point","coordinates":[50.0914584062,53.1920384876]},"properties":{"name":"Госбанк","description":"Регистрационный номер в реестре: 631510265140005<br\/>Вид объекта: памятник архитектуры<br\/>Категория: Регионального значения<br\/>Время создания объекта: 1897-1902 г.<br\/>Адрес: ул. Куйбышева, 112<br\/>Документ принятия на охрану: Р.ОИ от 06.05.87 г. № 165<br\/>Границы территории: Приказ УГООКН 46 от 14.06.2016 <br\/>Зона Охраны: Приказ УГООКН 46 от 14.06.2016 ","votes":0,"styleName":"okn_point_regional"},"id":9386577},{"type":"Feature","geometry":{"type":"Point","coordinates":[50.1425053559,53.1969979149]},"properties":{"name":"Пожарная часть и детский сад.  Мавританский стиль  уточненное наименование Комплекс зданий 4-ой пожарной, 2-ой полицейской частей города Самары в Мещанском поселке. Здание 2-ой полицейской части","description":"Регистрационный номер в реестре: 631510260020005<br\/>Вид объекта: Ансамбль архитектуры<br\/>Категория: Регионального значения<br\/>Время создания объекта: 1914 г.<br\/>Адрес: ул. Пролетарская, 74 <br\/>Документ принятия на охрану: Р.ОИ от 19.11.66 г. № 617<br\/>Границы территории: Приказ УГООКН 47 от 20.06.2016 <br\/>Зона Охраны: Приказ УГООКН 47 от 20.06.2016 ","votes":0,"styleName":"okn_point_regional"},"id":9386578},{"type":"Feature","geometry":{"type":"Point","coordinates":[50.0972388426,53.193893514]},"properties":{"name":"Центральный телеграф  ","description":"Регистрационный номер в реестре: 631510259890005<br\/>Вид объекта: памятник архитектуры<br\/>Категория: Регионального значения<br\/>Время создания объекта: 1936-1938 гг.<br\/>Адрес: ул. Красноармейская, 17<br\/>Документ принятия на охрану: Р.ОИ от 06.05.87 г. № 165<br\/>Границы территории: Приказ УГООКН 46 от 14.06.2016 <br\/>Зона Охраны: Приказ УГООКН 46 от 14.06.2016 ","votes":0,"styleName":"okn_point_regional"},"id":9386579},{"type":"Feature","geometry":{"type":"Point","coordinates":[50.0833093881,53.1835276875]},"properties":{"name":"Клуб имени Ф.Э.Дзержинского.","description":"Регистрационный номер в реестре: 631510259620005  Приказ МКРФ №180-р от 20.05.2015<br\/>Вид объекта: памятник архитектуры<br\/>Категория: Регионального значения<br\/>Время создания объекта: 1930 г.<br\/>Адрес: ул. Ст.Разина, 46  <br\/>Документ принятия на охрану: Р.ОИ от 06.05.87 г. № 165<br\/>Границы территории: Приказ № 23 УГООКН от 03.12.15 <br\/>Зона Охраны: Приказ № 23 УГООКН от 03.12.15 ","votes":0,"styleName":"okn_point_regional"},"id":9386580},{"type":"Feature","geometry":{"type":"Point","coordinates":[50.0889864517,53.1832952288]},"properties":{"name":"Дом Челышева                                                                                                                                           ","description":"Регистрационный номер в реестре: 631510259490005<br\/>Вид объекта: памятник архитектуры<br\/>Категория: Регионального значения<br\/>Время создания объекта: кон. ХIХ в.<br\/>Адрес: ул. Фрунзе, 49<br\/>Документ принятия на охрану: Р.ОИ от 06.05.87 г. № 165<br\/>Границы территории: Приказ министерства культуры Самарской области от 6.06.2012 г. № 8 <br\/>Зона Охраны: Приказ министерства культуры Самарской области от 6.06.2012 г. № 8 ","votes":0,"styleName":"okn_point_regional"},"id":9386581},{"type":"Feature","geometry":{"type":"Point","coordinates":[50.0818137526,53.1872031281]},"properties":{"name":"Дом П.Г. Новокрещенова ","description":"Регистрационный номер в реестре: 631510256550005<br\/>Вид объекта: памятник архитектуры<br\/>Категория: Регионального значения<br\/>Время создания объекта: 1860 г.<br\/>Адрес: ул. Венцека, 6\/Водников, 89<br\/>Документ принятия на охрану: Р.ОИ от 06.05.87 г. № 165<br\/>Границы территории: Приказ УГООКН №8 от 11.02.2016 <br\/>Зона Охраны: Приказ УГООКН №8 от 11.02.2016 ","votes":0,"styleName":"okn_point_regional"},"id":9386582},{"type":"Feature","geometry":{"type":"Point","coordinates":[50.1000553527,53.1928844905]},"properties":{"name":"Дом Долгашева ","description":"Регистрационный номер в реестре: 631510243820005<br\/>Вид объекта: памятник архитектуры<br\/>Категория: Регионального значения<br\/>Время создания объекта: 1880-1890 гг.<br\/>Адрес: ул. Молодогвардейская, 152 <br\/>Документ принятия на охрану: Р.ОИ от 06.05.87 г. № 165<br\/>Границы территории: Приказ № 23 УГООКН от 03.12.15 <br\/>Зона Охраны: Приказ № 23 УГООКН от 03.12.15 ","votes":0,"styleName":"okn_point_regional"},"id":9386583},{"type":"Feature","geometry":{"type":"Point","coordinates":[50.0910614073,53.1852647589]},"properties":{"name":"Доходный дом ","description":"Регистрационный номер в реестре: 631510234160005<br\/>Вид объекта: памятник архитектуры<br\/>Категория: Регионального значения<br\/>Время создания объекта: 1900 г.<br\/>Адрес: ул. Венцека, 38<br\/>Документ принятия на охрану: Р.ОИ от 06.05.87 г.№ 165<br\/>Границы территории: Приказ УГООКН №8 от 11.02.2016 <br\/>Зона Охраны: Приказ УГООКН №8 от 11.02.2016 ","votes":0,"styleName":"okn_point_regional"},"id":9386584},{"type":"Feature","geometry":{"type":"Point","coordinates":[50.0847916946,53.1821384115]},"properties":{"name":"Дом Тимофеева.  уточненное наименование Усадьба жены коллежского асессора Т.И.Тимофеева","description":"Регистрационный номер в реестре: 631510208060005<br\/>Вид объекта: памятник архитектуры<br\/>Категория: Регионального значения<br\/>Время создания объекта: 1903 г.<br\/>Адрес: ул. Куйбышева, 38 <br\/>Документ принятия на охрану: Р.ОИ  от 06.05.87 г. № 165<br\/>Границы территории: Приказ УГООКН 46 от 14.06.2016 <br\/>Зона Охраны: Приказ УГООКН 46 от 14.06.2016 ","votes":0,"styleName":"okn_point_regional"},"id":9386585},{"type":"Feature","geometry":{"type":"Point","coordinates":[50.0872164902,53.1871754109]},"properties":{"name":"Арх. Щербачев А.А. Мавританский стиль   уточненное наименование Дом Н.И. Белоусова. Торговый дом «Братья Клодтъ».","description":"Регистрационный номер в реестре: 631510200820005<br\/>Вид объекта: памятник архитектуры<br\/>Категория: Регионального значения<br\/>Время создания объекта: начало ХХ в. <br\/>Адрес: ул. Куйбышева, 72<br\/>Документ принятия на охрану: Р.ОИ от 19.11.66 г. № 617<br\/>Границы территории: Приказ УГООКН №12 от 23.10.2015<br\/>Зона Охраны: Приказ УГООКН №12 от 23.10.2015","votes":0,"styleName":"okn_point_regional"},"id":9386586},{"type":"Feature","geometry":{"type":"Point","coordinates":[50.0907529131,53.1858177343]},"properties":{"name":"Жилой дом   ","description":"Регистрационный номер в реестре: 631510199790005<br\/>Вид объекта: памятник архитектуры<br\/>Категория: Регионального значения<br\/>Время создания объекта: 1903 г.<br\/>Адрес: ул. Фрунзе, 75<br\/>Документ принятия на охрану: Р.ОИ от 06.05.87 г. № 165<br\/>Границы территории: <br\/>Зона Охраны: ","votes":0,"styleName":"okn_point_regional"},"id":9386588},{"type":"Feature","geometry":{"type":"Point","coordinates":[50.088863481,53.1841612141]},"properties":{"name":"Дом Кочеткова","description":"Регистрационный номер в реестре: 631510196870005<br\/>Вид объекта: памятник архитектуры<br\/>Категория: Регионального значения<br\/>Время создания объекта: 1856 г.<br\/>Адрес: ул. Фрунзе, 60<br\/>Документ принятия на охрану: Р.ОИ от 06.05.87 г. № 165<br\/>Границы территории: Приказ УГООКН 47 от 20.06.2016 <br\/>Зона Охраны: Приказ УГООКН 47 от 20.06.2016 ","votes":0,"styleName":"okn_point_regional"},"id":9386589},{"type":"Feature","geometry":{"type":"Point","coordinates":[50.0842211704,53.1808859565]},"properties":{"name":"Жилой дом.   уточненное наименование Доходный дом с торговыми помещениями потомственной дворянки Боянус Л.Б.","description":"Регистрационный номер в реестре: 631411291790005<br\/>Вид объекта: памятник архитектуры<br\/>Категория: Регионального значения<br\/>Время создания объекта: Конец ХIХ в.<br\/>Адрес: ул. Куйбышева, 26<br\/>Документ принятия на охрану: Пост. Главы адм.Сам.обл.  от 27.03.92 г. № 77<br\/>Границы территории: Приказ УГООКН №26 от 11.12.15 <br\/>Зона Охраны: Приказ УГООКН №26 от 11.12.15 ","votes":0,"styleName":"okn_point_regional"},"id":9386590},{"type":"Feature","geometry":{"type":"Point","coordinates":[50.0859991372,53.1839441881]},"properties":{"name":"Дом Тареева, Городская управа ","description":"Регистрационный номер в реестре: 631411290810005<br\/>Вид объекта: памятник архитектуры<br\/>Категория: Регионального значения<br\/>Время создания объекта: 1840-1880 гг. <br\/>Адрес: ул. Куйбышева, 48<br\/>Документ принятия на охрану: Р.ОИ от 06.05.87 г. № 165<br\/>Границы территории: Приказ УГООКН 29 от 06.04.2016 <br\/>Зона Охраны: ","votes":0,"styleName":"okn_point_regional"},"id":9386591},{"type":"Feature","geometry":{"type":"Point","coordinates":[50.0876937408,53.1899345114]},"properties":{"name":"Дом Сивре","description":"Регистрационный номер в реестре: 631410911610005<br\/>Вид объекта: памятник архитектуры<br\/>Категория: Регионального значения<br\/>Время создания объекта: 1890 г.<br\/>Адрес: ул. Степана Разина, 128<br\/>Документ принятия на охрану: Р.ОИ от 06.05.87 г. № 165<br\/>Границы территории: Приказ УГООКН 22 от 01.03.2016 <br\/>Зона Охраны: Приказ УГООКН 22 от 01.03.2016 ","votes":0,"styleName":"okn_point_regional"},"id":9386592},{"type":"Feature","geometry":{"type":"Point","coordinates":[50.0921913622,53.1875061897]},"properties":{"name":"Жилой дом  уточненное наименование: Жилой дом на усадьбе Жуковых","description":"Регистрационный номер в реестре: 631410884160005<br\/>Вид объекта: памятник архитектуры<br\/>Категория: Регионального значения<br\/>Время создания объекта: начало ХХ в.<br\/>Адрес: ул. Ленинградская, 46<br\/>Документ принятия на охрану: Р.ОИ от 06.05.87 г. № 165<br\/>Границы территории: Приказ № 23 УГООКН от 03.12.15 <br\/>Зона Охраны: Приказ № 23 УГООКН от 03.12.15 ","votes":0,"styleName":"okn_point_regional"},"id":9386593},{"type":"Feature","geometry":{"type":"Point","coordinates":[50.0963673764,53.186457055]},"properties":{"name":"Универмаг. Арх. Вернер. Модерн Уточненное наименование: Новотроицкий торговый корпус. ","description":"Регистрационный номер в реестре: 631410642030005<br\/>Вид объекта: памятник архитектуры<br\/>Категория: Регионального значения<br\/>Время создания объекта: 1911 г.<br\/>Адрес: ул. Молодогвардейская, 57 <br\/>Документ принятия на охрану: Р.ОИ от 19.11.66 г. № 617<br\/>Границы территории: Приказ № 23 УГООКН от 03.12.15 <br\/>Зона Охраны: Приказ № 23 УГООКН от 03.12.15 ","resource":"","image":"","audio":"","video":"","votes":0,"reestrId":"","styleName":"okn_point_regional"},"id":9386594},{"type":"Feature","geometry":{"type":"Point","coordinates":[50.0851533079,53.1813005772]},"properties":{"name":"Дом Синицына ","description":"Регистрационный номер в реестре: 631410642010005<br\/>Вид объекта: памятник архитектуры<br\/>Категория: Регионального значения<br\/>Время создания объекта: середина ХIХ в.<br\/>Адрес: ул. Куйбышева, 29<br\/>Документ принятия на охрану: Р.ОИ от 06.05.87 г. № 165<br\/>Границы территории: Приказ УГООКН 47 от 20.06.2016 <br\/>Зона Охраны: Приказ УГООКН 47 от 20.06.2016 ","votes":0,"styleName":"okn_point_regional"},"id":9386595},{"type":"Feature","geometry":{"type":"Point","coordinates":[50.0984241645,53.1941933997]},"properties":{"name":"Земская школа сельских учителей.  Здание, в котором в 1856-1875 гг. размещалась губернская больница, а в 1919-1927 гг. \u2013 медицинский факультет Самарского университета, где работали видные врачи и скончался этнограф П.И.Якушкин ","description":"Регистрационный номер в реестре: 631410632850005<br\/>Вид объекта: памятник архитектуры и истории<br\/>Категория: Регионального значения<br\/>Время создания объекта:  1856-1875гг. 1903 г. 1919-1927гг. <br\/>Адрес: ул. Чапаевская, 178\/ Красноармейская,12  <br\/>Документ принятия на охрану: Р.ОИ от 06.05.87 г. № 165<br\/>Границы территории: Приказ УГООКН №12 от 23.10.2015<br\/>Зона Охраны: Приказ УГООКН №12 от 23.10.2015","votes":0,"styleName":"okn_point_regional"},"id":9386596},{"type":"Feature","geometry":{"type":"Point","coordinates":[50.0964665985,53.1958485779]},"properties":{"name":"Дом П.Г.Новокрещенова  уточненное наименование Дом Е.Ф.Новокрещеновой","description":"Регистрационный номер в реестре: 631410632830005<br\/>Вид объекта: памятник архитектуры<br\/>Категория: Регионального значения<br\/>Время создания объекта: 1900 г.<br\/>Адрес: ул. Фрунзе, 144<br\/>Документ принятия на охрану: Р.ОИ от 06.05.87 г. № 165<br\/>Границы территории: Приказ УГООКН №12 от 23.10.2015<br\/>Зона Охраны: Приказ УГООКН №12 от 23.10.2015","votes":0,"styleName":"okn_point_regional"},"id":9386597},{"type":"Feature","geometry":{"type":"Point","coordinates":[50.0918512793,53.1936994313]},"properties":{"name":"Дом Курлиной. Здание, в котором находились редакции первых в Самаре Советских газет «Солдат, рабочий и крестьянин» и где жил Артем Веселый.","description":"Регистрационный номер в реестре: 631410632770005<br\/>Вид объекта: памятник истории и культуры<br\/>Категория: Регионального значения<br\/>Время создания объекта: 1884г. 1887г.<br\/>Адрес: ул. Куйбышева, 122<br\/>Документ принятия на охрану: Р.ОИ от 06.05.87 г. № 165 <br\/>Границы территории: Приказ УГООКН 46 от 14.06.2016 <br\/>Зона Охраны: Приказ УГООКН 46 от 14.06.2016 ","votes":0,"styleName":"okn_point_regional"},"id":9386598},{"type":"Feature","geometry":{"type":"Point","coordinates":[50.0993259978,53.187165912]},"properties":{"name":"Дом Чаковского ","description":"Регистрационный номер в реестре: 631410632760005<br\/>Вид объекта: памятник архитектуры<br\/>Категория: Регионального значения<br\/>Время создания объекта: 1890 г.<br\/>Адрес: ул. Галактионовская, 41<br\/>Документ принятия на охрану: Р.ОИ от 06.05.87 г. № 165<br\/>Границы территории: Приказ УГООКН 46 от 14.06.2016 <br\/>Зона Охраны: Приказ УГООКН 46 от 14.06.2016 ","votes":0,"styleName":"okn_point_regional"},"id":9386599},{"type":"Feature","geometry":{"type":"Point","coordinates":[50.085817702,53.1883551301]},"properties":{"name":"Особняк Ф.М. Наймушина","description":"Регистрационный номер в реестре: 631410274290005<br\/>Вид объекта: памятник архитектуры<br\/>Категория: Регионального значения<br\/>Время создания объекта: 1900 г.<br\/>Адрес: ул. Степана Разина, 106<br\/>Документ принятия на охрану: Р.ОИ от 06.05.87 г.  № 165<br\/>Границы территории: Приказ УГООКН 129 от 02.12.2016 г<br\/>Зона Охраны: ","votes":0,"styleName":"okn_point_regional"},"id":9386600},{"type":"Feature","geometry":{"type":"Point","coordinates":[50.0896261512,53.1891662636]},"properties":{"name":"Облсовпроф. Арх. Белинский. Ампир","description":"Регистрационный номер в реестре: 631410272090005<br\/>Вид объекта: памятник архитектуры<br\/>Категория: Регионального значения<br\/>Время создания объекта: 1914 г.<br\/>Адрес: ул. Куйбышева, 90 <br\/>Документ принятия на охрану: Р.ОИ от 19.11.66 г. № 617<br\/>Границы территории: Приказ министерства культуры Самарской области от 6.06.2012 г. № 8 <br\/>Зона Охраны: Приказ министерства культуры Самарской области от 6.06.2012 г. № 8 ","votes":0,"styleName":"okn_point_regional"},"id":9386601},{"type":"Feature","geometry":{"type":"Point","coordinates":[50.0864012191,53.1846194384]},"properties":{"name":"Жилой дом  уточненное наименование Дом Барановой","description":"Регистрационный номер в реестре: 631410271880005<br\/>Вид объекта: памятник архитектуры<br\/>Категория: Регионального значения<br\/>Время создания объекта: Начало ХХ в.<br\/>Адрес: ул. Куйбышева, 56<br\/>Документ принятия на охрану: Р.ОИ от 06.05.87 г. № 165<br\/>Границы территории: Приказ УГООКН 129 от 02.12.2016 г<br\/>Зона Охраны: ","votes":0,"styleName":"okn_point_regional"},"id":9386602},{"type":"Feature","geometry":{"type":"Point","coordinates":[50.089133297,53.185422921]},"properties":{"name":"Дом Назарова-Челышева.   Гостиница Корнилова, где В.И. Ленин в 1892 -  1893 гг. встречался с Г.А. Клеменцем - братом    видного народника Д.А. Клеменца. Алексеевская     пл., дом Бутулина.   Дом купца Д.Е.Челышева ","description":"Регистрационный номер в реестре: 631410230700005<br\/>Вид объекта: памятник архитектуры и истории<br\/>Категория: Регионального значения<br\/>Время создания объекта:  1892-1893 гг.  1850-1870 гг.<br\/>Адрес: ул. Куйбышева, 79\/Венцека, 32<br\/>Документ принятия на охрану: Р.ОИ от 06.05.87 г. №165,  Р.ОИ от 08.06.88 г. № 238  <br\/>Границы территории: Приказ УГООКН №12 от 23.10.2015<br\/>Зона Охраны: Приказ УГООКН №12 от 23.10.2015","votes":0,"styleName":"okn_point_regional"},"id":9386603},{"type":"Feature","geometry":{"type":"Point","coordinates":[50.0776366589,53.1821769477]},"properties":{"name":"Дом Рамзина ","description":"Регистрационный номер в реестре: 631410221010005<br\/>Вид объекта: памятник архитектуры<br\/>Категория: Регионального значения<br\/>Время создания объекта: конец XIX в.<br\/>Адрес: ул. Водников, 40<br\/>Документ принятия на охрану: Постанов. Главы адм-ции Сам.обл.  от 27.03.92 г. № 77<br\/>Границы территории: Приказ УГООКН №26 от 11.12.15 <br\/>Зона Охраны: Приказ УГООКН №26 от 11.12.15 ","votes":0,"styleName":"okn_point_regional"},"id":9386604},{"type":"Feature","geometry":{"type":"Point","coordinates":[50.0911590764,53.1894315864]},"properties":{"name":"Дом Ясенкова","description":"Регистрационный номер в реестре: 631410205560005<br\/>Вид объекта: памятник архитектуры<br\/>Категория: Регионального значения<br\/>Время создания объекта: 1890 \u2013 1903 гг.<br\/>Адрес: ул. Куйбышева, 113<br\/>Документ принятия на охрану: Р.ОИ от 06.05.87 г. № 165<br\/>Границы территории: Приказ УГООКН 46 от 14.06.2016 <br\/>Зона Охраны: Приказ УГООКН 46 от 14.06.2016 ","votes":0,"styleName":"okn_point_regional"},"id":9386605},{"type":"Feature","geometry":{"type":"Point","coordinates":[50.0899465226,53.183778593]},"properties":{"name":"Особняк","description":"Регистрационный номер в реестре: 631410188440005<br\/>Вид объекта: памятник архитектуры<br\/>Категория: Регионального значения<br\/>Время создания объекта: кон. ХIХ в.<br\/>Адрес: ул. Фрунзе, 57<br\/>Документ принятия на охрану: Р.ОИ от 06.05.87 г. № 165<br\/>Границы территории: <br\/>Зона Охраны: ","votes":0,"styleName":"okn_point_regional"},"id":9386606},{"type":"Feature","geometry":{"type":"Point","coordinates":[50.0864761492,53.1832763331]},"properties":{"name":"Тубдиспансер. Арх. Щербачев. Стиль Генриха IV","description":"Регистрационный номер в реестре: 631410180980005<br\/>Вид объекта: памятник архитектуры<br\/>Категория: Регионального значения<br\/>Время создания объекта: 1900 г.<br\/>Адрес: ул. Куйбышева, 55 <br\/>Документ принятия на охрану: Р.ОИ от 19.11.66 г.№ 617<br\/>Границы территории: Приказ УГООКН 46 от 14.06.2016 <br\/>Зона Охраны: Приказ УГООКН 46 от 14.06.2016 ","votes":0,"styleName":"okn_point_regional"},"id":9386607},{"type":"Feature","geometry":{"type":"Point","coordinates":[50.0956676089,53.1881391918]},"properties":{"name":"Дом Сурошникова ","description":"Регистрационный номер в реестре: 631410180830005<br\/>Вид объекта: памятник архитектуры<br\/>Категория: Регионального значения<br\/>Время создания объекта: 1880-1890 гг.<br\/>Адрес: ул. Молодогвардейская, 90<br\/>Документ принятия на охрану: Р.ОИ от 06.05.87 г. № 165<br\/>Границы территории: Приказ № 23 УГООКН от 03.12.15 <br\/>Зона Охраны: Приказ № 23 УГООКН от 03.12.15 ","votes":0,"styleName":"okn_point_regional"},"id":9386608},{"type":"Feature","geometry":{"type":"Point","coordinates":[50.0967087621,53.1880095301]},"properties":{"name":"Торговый дом.  уточненное наименование Доходный дом с помещениями Торгового дома Попова Н.И.","description":"Регистрационный номер в реестре: 631410180160005<br\/>Вид объекта: памятник архитектуры<br\/>Категория: Регионального значения<br\/>Время создания объекта: нач ХХ в.<br\/>Адрес: ул. Молодогвардейская, 94<br\/>Документ принятия на охрану: Р.ОИ от 06.05.87 г. № 165<br\/>Границы территории: Приказ № 23 УГООКН от 03.12.15 <br\/>Зона Охраны: Приказ № 23 УГООКН от 03.12.15 ","votes":0,"styleName":"okn_point_regional"},"id":9386609},{"type":"Feature","geometry":{"type":"Point","coordinates":[50.0863184788,53.1847137377]},"properties":{"name":"Здание, где в 1883-1904гг. находилась редакция газеты «Самарский вестник», в которой 25 ноября (7 декабря) 1895 г. была опубликована статья В.И. Ленина «Гимназические хозяйства и исправительные гимназии».   Дом Назарова  ","description":"Регистрационный номер в реестре: 631410179440005<br\/>Вид объекта: памятник архитектуры и истории<br\/>Категория: Регионального значения<br\/>Время создания объекта: 1883-1904 гг. 1895 г. 1896-1897 гг   1830-1850 гг. .<br\/>Адрес: ул. Куйбышева, 58<br\/>Документ принятия на охрану: Р.ОИ от15.05.81 г. №22        Р.ОИ от 06.05.87 г. № 165<br\/>Границы территории: Приказ УГООКН 29 от 06.04.2016 <br\/>Зона Охраны: ","votes":0,"styleName":"okn_point_regional"},"id":9386610},{"type":"Feature","geometry":{"type":"Point","coordinates":[50.0963200721,53.1874917253]},"properties":{"name":"Дом Суховского ","description":"Регистрационный номер в реестре: 631410178810005 Приказ МКРФ №1061-Р от 08.07.2015<br\/>Вид объекта: памятник архитектуры<br\/>Категория: Регионального значения<br\/>Время создания объекта: 1880-1890 гг.<br\/>Адрес: ул. Молодогвардейская, 88<br\/>Документ принятия на охрану: Р.ОИ от 06.05.87 г. № 165<br\/>Границы территории: Приказ № 23 УГООКН от 03.12.15 <br\/>Зона Охраны: Приказ № 23 УГООКН от 03.12.15 ","votes":0,"styleName":"okn_point_regional"},"id":9386611},{"type":"Feature","geometry":{"type":"Point","coordinates":[50.0925622261,53.1869090124]},"properties":{"name":"Дом жилой   уточненное наименование: Жилой дом Нуйчева А.Ф. ","description":"Регистрационный номер в реестре: 631410174310005<br\/>Вид объекта: памятник архитектуры<br\/>Категория: Регионального значения<br\/>Время создания объекта: нач. ХХ в.<br\/>Адрес: ул. Ленинградская, 43 <br\/>Документ принятия на охрану: Р.ОИ от 06.05.87 г. № 165  Постановление Правительства Самарской области от 31.10.2014  № 674<br\/>Границы территории: Приказ № 23 УГООКН от 03.12.15 <br\/>Зона Охраны: Приказ № 23 УГООКН от 03.12.15 ","votes":0,"styleName":"okn_point_regional"},"id":9386612},{"type":"Feature","geometry":{"type":"Point","coordinates":[50.0877342899,53.1884677332]},"properties":{"name":"Жилой дом  уточненное название: Дом Г.П. Сапрыкина","description":"Регистрационный номер в реестре: 631410168640005<br\/>Вид объекта: памятник архитектуры<br\/>Категория: Регионального значения<br\/>Время создания объекта: 1913-1914 гг.<br\/>Адрес: ул. Ленинградская, 22<br\/>Документ принятия на охрану: Р.ОИ от 06.05.87 г. № 165<br\/>Границы территории: Приказ № 23 УГООКН от 03.12.15 <br\/>Зона Охраны: Приказ № 23 УГООКН от 03.12.15 ","votes":0,"styleName":"okn_point_regional"},"id":9386613},{"type":"Feature","geometry":{"type":"Point","coordinates":[50.0903864227,53.1878905078]},"properties":{"name":"Дом К.П. Головкина   Дом в котором жил художник К.П.Головкин","description":"Регистрационный номер в реестре: 631410167730005<br\/>Вид объекта: ансамбль истории и культуры<br\/>Категория: Регионального значения<br\/>Время создания объекта: 1898 г. 1900 г.  1890-1925 гг.<br\/>Адрес: ул. Ленинградская, 34<br\/>Документ принятия на охрану: Р.ОИ от 06.05.87 г. № 165<br\/>Границы территории: <br\/>Зона Охраны: ","votes":0,"styleName":"okn_point_regional"},"id":9386614},{"type":"Feature","geometry":{"type":"Point","coordinates":[50.0777213923,53.1813611116]},"properties":{"name":"Жилой дом","description":"Регистрационный номер в реестре: 631410167090005<br\/>Вид объекта: памятник архитектуры<br\/>Категория: Регионального значения<br\/>Время создания объекта: конец XIX в.<br\/>Адрес: ул. Водников, 31<br\/>Документ принятия на охрану: Постан. Гл. адм. Сам.обл. от 27.03.92 г. № 77<br\/>Границы территории: <br\/>Зона Охраны: ","votes":0,"styleName":"okn_point_regional"},"id":9386615},{"type":"Feature","geometry":{"type":"Point","coordinates":[50.0891775304,53.1836115479]},"properties":{"name":"Дом Кокшинова","description":"Регистрационный номер в реестре: 631410166980005<br\/>Вид объекта: памятник архитектуры<br\/>Категория: Регионального значения<br\/>Время создания объекта: 1860-1870 гг.<br\/>Адрес: ул. Фрунзе, 53<br\/>Документ принятия на охрану: Р.ОИ от 06.05.87 г. № 165<br\/>Границы территории: Приказ УГООКН 126 от 02.12.2016 <br\/>Зона Охраны: Приказ УГООКН 126 от 02.12.2016 ","votes":0,"styleName":"okn_point_regional"},"id":9386616},{"type":"Feature","geometry":{"type":"Point","coordinates":[50.0976056598,53.1865848957]},"properties":{"name":"Дом специалистов ","description":"Регистрационный номер в реестре: 631410165870005<br\/>Вид объекта: памятник архитектуры<br\/>Категория: Регионального значения<br\/>Время создания объекта: 1934-1936 гг.<br\/>Адрес: ул. Галактионовская, 38<br\/>Документ принятия на охрану: Р.ОИ от 06.05.87 г. № 165<br\/>Границы территории: Приказ УГООКН №26 от 11.12.15 <br\/>Зона Охраны: Приказ УГООКН №26 от 11.12.15 ","resource":"","image":"","audio":"","video":"","votes":0,"reestrId":"","styleName":"okn_point_regional"},"id":9386617},{"type":"Feature","geometry":{"type":"Point","coordinates":[50.0763276222,53.1803979813]},"properties":{"name":"Дом торгово- промышленного товарищества Н.Е. Башкирова","description":"Регистрационный номер в реестре: 631410165670005<br\/>Вид объекта: памятник архитектуры<br\/>Категория: Регионального значения<br\/>Время создания объекта: около 1850 г.<br\/>Адрес: ул. Водников, 22\/ул. Крупской, 4, литера А<br\/>Документ принятия на охрану: Приказ МК СО от 14.07.2014 № 42 (об уточнении данных)  Р.ОИ от 06.05.87 г. № 165<br\/>Границы территории: Приказ УГООКН №26 от 11.12.15 <br\/>Зона Охраны: Приказ УГООКН №26 от 11.12.15 ","votes":0,"styleName":"okn_point_regional"},"id":9386618},{"type":"Feature","geometry":{"type":"Point","coordinates":[50.0902078093,53.1901983062]},"properties":{"name":"Дом купца Е.Ф. Афанасьева","description":"Регистрационный номер в реестре: 631410156610005<br\/>Вид объекта: памятник архитектуры<br\/>Категория: Регионального значения<br\/>Время создания объекта: 1871-1872 г.<br\/>Адрес: ул. Куйбышева, 100<br\/>Документ принятия на охрану: Пост. Губернатора Сам. обл. от 31.12.97 г. № 393<br\/>Границы территории: Приказ № 23 УГООКН от 03.12.15 <br\/>Зона Охраны: Приказ № 23 УГООКН от 03.12.15 ","votes":0,"styleName":"okn_point_regional"},"id":9386619},{"type":"Feature","geometry":{"type":"Point","coordinates":[50.1157613159,53.2008518761]},"properties":{"name":"Дом Зарубалова","description":"Регистрационный номер в реестре: 631410150360005<br\/>Вид объекта: памятник архитектуры<br\/>Категория: Регионального значения<br\/>Время создания объекта: нач. ХХ в.<br\/>Адрес: ул. Ярмарочная, 16<br\/>Документ принятия на охрану: Р.ОИ от 06.05.87 г. № 165<br\/>Границы территории: Приказ УГООКН №12 от 23.10.2015<br\/>Зона Охраны: Приказ УГООКН №12 от 23.10.2015","votes":0,"styleName":"okn_point_regional"},"id":9386620},{"type":"Feature","geometry":{"type":"Point","coordinates":[50.1004728171,53.192434251]},"properties":{"name":"Дом Основнина ","description":"Регистрационный номер в реестре: 631410142950005<br\/>Вид объекта: памятник архитектуры<br\/>Категория: Регионального значения<br\/>Время создания объекта: 1890 г.<br\/>Адрес: ул. Молодогвардейская, 121<br\/>Документ принятия на охрану: Р.ОИ от 06.05.87 г. № 165<br\/>Границы территории: Приказ № 23 УГООКН от 03.12.15 <br\/>Зона Охраны: Приказ № 23 УГООКН от 03.12.15 ","votes":0,"styleName":"okn_point_regional"},"id":9386621},{"type":"Feature","geometry":{"type":"Point","coordinates":[50.0989671653,53.1914496779]},"properties":{"name":"Жилой дом ","description":"Регистрационный номер в реестре: 631410142870005<br\/>Вид объекта: памятник архитектуры<br\/>Категория: Регионального значения<br\/>Время создания объекта: нач ХХ в.<br\/>Адрес: ул. Молодогвардейская, 128 <br\/>Документ принятия на охрану: Р.ОИ от 06.05.87 г. № 165<br\/>Границы территории: Приказ № 23 УГООКН от 03.12.15 <br\/>Зона Охраны: Приказ № 23 УГООКН от 03.12.15 ","votes":0,"styleName":"okn_point_regional"},"id":9386622},{"type":"Feature","geometry":{"type":"Point","coordinates":[50.0990491178,53.1923999825]},"properties":{"name":"Дом Иванова  уточненное наименование Дом купца Иванова А.А.","description":"Регистрационный номер в реестре: 631410142680005<br\/>Вид объекта: памятник архитектуры<br\/>Категория: Регионального значения<br\/>Время создания объекта: 1880-1890 гг.<br\/>Адрес: ул. Молодогвардейская, 142<br\/>Документ принятия на охрану: Р.ОИ от 06.05.87 г. № 165<br\/>Границы территории: Приказ № 23 УГООКН от 03.12.15 <br\/>Зона Охраны: Приказ № 23 УГООКН от 03.12.15 ","votes":0,"styleName":"okn_point_regional"},"id":9386623},{"type":"Feature","geometry":{"type":"Point","coordinates":[50.100404639,53.1923650564]},"properties":{"name":"Дом Васильева ","description":"Регистрационный номер в реестре: 631410140640005<br\/>Вид объекта: памятник архитектуры<br\/>Категория: Регионального значения<br\/>Время создания объекта: 1890 г.<br\/>Адрес: ул. Молодогвардейская, 119<br\/>Документ принятия на охрану: Р.ОИ от 06.05.87 г. № 165<br\/>Границы территории: Приказ № 23 УГООКН от 03.12.15 <br\/>Зона Охраны: Приказ № 23 УГООКН от 03.12.15 ","votes":0,"styleName":"okn_point_regional"},"id":9386624},{"type":"Feature","geometry":{"type":"Point","coordinates":[50.0995894536,53.1924433441]},"properties":{"name":"Дом Иванова ","description":"Регистрационный номер в реестре: 631410139880005<br\/>Вид объекта: памятник архитектуры<br\/>Категория: Регионального значения<br\/>Время создания объекта: 1880-1890 гг.<br\/>Адрес: ул. Молодогвардейская, 144<br\/>Документ принятия на охрану: Р.ОИ от 06.05.87 г. № 165<br\/>Границы территории: Приказ № 23 УГООКН от 03.12.15 <br\/>Зона Охраны: Приказ № 23 УГООКН от 03.12.15 ","votes":0,"styleName":"okn_point_regional"},"id":9386625},{"type":"Feature","geometry":{"type":"Point","coordinates":[50.0901120766,53.190110821]},"properties":{"name":"Дом Винник. Дом, в котором с апреля по июнь 1918 г. жил известный чешский писатель-коммунист Ярослав Гашек","description":"Регистрационный номер в реестре: 631410131870005<br\/>Вид объекта: памятник архитектуры и истории<br\/>Категория: Регионального значения<br\/>Время создания объекта: 1870 г., 1918 г.<br\/>Адрес: ул. Куйбышева, 98<br\/>Документ принятия на охрану: Р.ОИ  6.05.87 г.  № 165  Р.ОИ от 19.11.66 г. № 617, <br\/>Границы территории: Приказ № 23 УГООКН от 03.12.15 <br\/>Зона Охраны: Приказ № 23 УГООКН от 03.12.15 ","votes":0,"styleName":"okn_point_regional"},"id":9386626},{"type":"Feature","geometry":{"type":"Point","coordinates":[50.1137923494,53.1911410223]},"properties":{"name":"Жилой дом ","description":"Регистрационный номер в реестре: 631410128830005<br\/>Вид объекта: памятник архитектуры<br\/>Категория: Регионального значения<br\/>Время создания объекта: 1940 г.<br\/>Адрес: ул. Красноармейская, 62<br\/>Документ принятия на охрану: Р.ОИ от 06.05.87 г. № 165<br\/>Границы территории: Приказ УГООКН №12 от 23.10.2015<br\/>Зона Охраны: Приказ УГООКН №12 от 23.10.2015","votes":0,"styleName":"okn_point_regional"},"id":9386627},{"type":"Feature","geometry":{"type":"Point","coordinates":[50.0960764814,53.1955213293]},"properties":{"name":"Жилой дом","description":"Регистрационный номер в реестре: 631410128130005<br\/>Вид объекта: памятник архитектуры<br\/>Категория: Регионального значения<br\/>Время создания объекта: 1905г.<br\/>Адрес: ул. Фрунзе, 140<br\/>Документ принятия на охрану: Р.ОИ от 06.05.87 г. № 165<br\/>Границы территории: Приказ УГООКН №12 от 23.10.2015<br\/>Зона Охраны: Приказ УГООКН №12 от 23.10.2015","votes":0,"styleName":"okn_point_regional"},"id":9386628},{"type":"Feature","geometry":{"type":"Point","coordinates":[50.0970725818,53.1875238398]},"properties":{"name":"Городской молодежный клуб. Арх. Щербачев А.А. Русский стиль   уточненное наименование Дом М.В.Каргиной- Н.А.Чаковского","description":"Регистрационный номер в реестре: 631410120620005  Приказ Минкультуры РФ от 21.09.2015 №1648-р<br\/>Вид объекта: памятник архитектуры<br\/>Категория: Регионального значения<br\/>Время создания объекта: 1898-1900 г.<br\/>Адрес: ул. Молодогвардейская, 59 <br\/>Документ принятия на охрану: Р.ОИ от 19.11.66 г. № 617<br\/>Границы территории: Приказ № 23 УГООКН от 03.12.15 <br\/>Зона Охраны: Приказ № 23 УГООКН от 03.12.15 ","votes":0,"styleName":"okn_point_regional"},"id":9386629},{"type":"Feature","geometry":{"type":"Point","coordinates":[50.0888492484,53.1862475209]},"properties":{"name":"Дом Шабаева","description":"Регистрационный номер в реестре: 631410119660005<br\/>Вид объекта: памятник архитектуры<br\/>Категория: Регионального значения<br\/>Время создания объекта: 1840-1870 гг.<br\/>Адрес: ул. Куйбышева, 81<br\/>Документ принятия на охрану: Р.ОИ от 06.05.87 г. №  165<br\/>Границы территории: Приказ УГООКН 129 от 02.12.2016 г<br\/>Зона Охраны: ","votes":0,"styleName":"okn_point_regional"},"id":9386630},{"type":"Feature","geometry":{"type":"Point","coordinates":[50.088405668,53.1877944786]},"properties":{"name":"Дом Калачева. Гостиница «Бристоль»","description":"Регистрационный номер в реестре: 631410117750005<br\/>Вид объекта: памятник архитектуры<br\/>Категория: Регионального значения<br\/>Время создания объекта: конец XIX вв.   1850г. 1902-1903гг.<br\/>Адрес: ул. Куйбышева, 78 <br\/>Документ принятия на охрану: Р.ОИ от 06.05.87 г. № 165<br\/>Границы территории: Приказ УГООКН №12 от 23.10.2015<br\/>Зона Охраны: Приказ УГООКН №12 от 23.10.2015","votes":0,"styleName":"okn_point_regional"},"id":9386631},{"type":"Feature","geometry":{"type":"Point","coordinates":[50.0915691467,53.1904257517]},"properties":{"name":"Дом Малышева","description":"Регистрационный номер в реестре: 631410117600005<br\/>Вид объекта: памятник архитектуры<br\/>Категория: Регионального значения<br\/>Время создания объекта: 1880-1890 гг.<br\/>Адрес: ул. Куйбышева, 121<br\/>Документ принятия на охрану: Р.ОИ от 06.05.87 г. № 165<br\/>Границы территории: Приказ УГООКН 46 от 14.06.2016 <br\/>Зона Охраны: Приказ УГООКН 46 от 14.06.2016 ","votes":0,"styleName":"okn_point_regional"},"id":9386632},{"type":"Feature","geometry":{"type":"Point","coordinates":[50.1117502928,53.1903460135]},"properties":{"name":"Институт «Гипровостокнефть»","description":"Регистрационный номер в реестре: 631410116680005<br\/>Вид объекта: памятник<br\/>Категория: Регионального значения <br\/>Время создания объекта: 1936<br\/>Адрес: ул. Красноармейская, 93<br\/>Документ принятия на охрану: Р.ОИ от 06.05.87 г. № 165 <br\/>Границы территории: Приказ УГООКН 47 от 20.06.2016<br\/>Зона Охраны: ","votes":0,"styleName":"okn_point_regional"},"id":9386633},{"type":"Feature","geometry":{"type":"Point","coordinates":[50.119523224,53.2016413185]},"properties":{"name":"Жилой дом. Дом, в котором с 1918 по 1923 г. жил писатель Н.Степной","description":"Регистрационный номер в реестре: 631410112330005<br\/>Вид объекта: памятник архитектуры и истории<br\/>Категория: Регионального значения<br\/>Время создания объекта: начало XX в.  1918-1923 г.<br\/>Адрес: ул. Садовая, 291<br\/>Документ принятия на охрану: Р.ОИ от 06.05.87 г. № 165<br\/>Границы территории: Приказ № 23 УГООКН от 03.12.15 <br\/>Зона Охраны: Приказ № 23 УГООКН от 03.12.15 ","votes":0,"styleName":"okn_point_regional"},"id":9386634},{"type":"Feature","geometry":{"type":"Point","coordinates":[50.0918528809,53.1889163275]},"properties":{"name":"Банк","description":"Регистрационный номер в реестре: 631410110670005<br\/>Вид объекта: памятник архитектуры<br\/>Категория: Регионального значения<br\/>Время создания объекта: конец XIX в<br\/>Адрес: ул. Фрунзе, 96<br\/>Документ принятия на охрану: Р.ОИ от 06.05.87 г. № 165<br\/>Границы территории: Приказ УГООКН 129 от 02.12.2016 г<br\/>Зона Охраны: ","votes":0,"styleName":"okn_point_regional"},"id":9386635},{"type":"Feature","geometry":{"type":"Point","coordinates":[50.1091035539,53.1904126993]},"properties":{"name":"Жилой дом   уточненное наименование Дом Забродиных","description":"Регистрационный номер в реестре: 631410109820005<br\/>Вид объекта: памятник архитектуры<br\/>Категория: Регионального значения<br\/>Время создания объекта: Конец XIX -начало ХХ в  <br\/>Адрес: ул. Ленинская, 103<br\/>Документ принятия на охрану: Постанов. Губернатора Сам.обл. от 31.12.97 г. № 393<br\/>Границы территории: Приказ УГООКН №127 от 02.12.2016<br\/>Зона Охраны: Приказ УГООКН №127 от 02.12.2016","votes":0,"styleName":"okn_point_regional"},"id":9386636},{"type":"Feature","geometry":{"type":"Point","coordinates":[50.1066239793,53.1978278698]},"properties":{"name":"Дом Векчулина.   уточненное наименование Дом Кондрата Мартыновича Зорга, 1910-1911гг.","description":"Регистрационный номер в реестре: 631410108560005<br\/>Вид объекта: памятник архитектуры<br\/>Категория: Регионального значения<br\/>Время создания объекта: 1900 г.<br\/>Адрес: ул. Галактионовская, 153<br\/>Документ принятия на охрану: Р.ОИ от 06.05.87 г. № 165<br\/>Границы территории: Приказ № 23 УГООКН от 03.12.15 <br\/>Зона Охраны: Приказ № 23 УГООКН от 03.12.15 ","votes":0,"styleName":"okn_point_regional"},"id":9386637},{"type":"Feature","geometry":{"type":"Point","coordinates":[50.1273360545,53.2001925774]},"properties":{"name":"Здание бывшей губернской тюрьмы ","description":"Регистрационный номер в реестре: 631410107790005<br\/>Вид объекта: ансамбль  архитектуры<br\/>Категория: Регионального значения<br\/>Время создания объекта: 1896-1898гг.<br\/>Адрес: ул. Арцыбушевская, 171 <br\/>Документ принятия на охрану: Постанов. Главы администрации Сам. обл. от 27.03.92г. №77<br\/>Границы территории: Приказ УГООКН №12 от 23.10.2015<br\/>Зона Охраны: Приказ УГООКН №12 от 23.10.2015","votes":0,"styleName":"okn_point_regional"},"id":9386638},{"type":"Feature","geometry":{"type":"Point","coordinates":[50.1255134317,53.1970119475]},"properties":{"name":"Петро-Павловская церковь  уточненное наименование: Церковь Святых апостолов Петра и Павла (комплекс): 1)Храм, 2)Дом причта церкви Петра и Павла","description":"Регистрационный номер в реестре: 631410082610005<br\/>Вид объекта: памятник архитектуры<br\/>Категория: Регионального значения<br\/>Время создания объекта: 1865 г.<br\/>Адрес: ул. Буянова, 135 а<br\/>Документ принятия на охрану: Постановление Губернатора Самарской обл. от 31.12.97 г. № 393<br\/>Границы территории: Приказ УГООКН №12 от 23.10.2015<br\/>Зона Охраны: Приказ УГООКН №12 от 23.10.2015","votes":0,"styleName":"okn_point_regional"},"id":9386639},{"type":"Feature","geometry":{"type":"Point","coordinates":[50.1130815205,53.1986775398]},"properties":{"name":"Кинотеатр  \u201CФурор\u201D","description":"Регистрационный номер в реестре: 631410078950005 Приказ Минкультуры России от 27.08.2015 №1206-р<br\/>Вид объекта: памятник архитектуры и истории<br\/>Категория: Регионального значения<br\/>Время создания объекта: 1913 г.<br\/>Адрес: ул. Садовая, 231<br\/>Документ принятия на охрану: Р.ОИ от 06.05.87 г. № 165<br\/>Границы территории: Приказ № 23 УГООКН от 03.12.15 <br\/>Зона Охраны: Приказ № 23 УГООКН от 03.12.15 ","votes":0,"styleName":"okn_point_regional"},"id":9386640},{"type":"Feature","geometry":{"type":"Point","coordinates":[50.0944959101,53.1848272369]},"properties":{"name":"Дом Кирилова.  уточненное наименование Усадьба купца Кириллова Д.В. ","description":"Регистрационный номер в реестре: 631410062900005<br\/>Вид объекта: памятник истории и культуры<br\/>Категория: Регионального значения <br\/>Время создания объекта: 1860-1870 гг. <br\/>Адрес: ул. Молодогвардейская, 60<br\/>Документ принятия на охрану: Р.ОИ от 06.05.87 г. № 165 <br\/>Границы территории: Приказ № 23 УГООКН от 03.12.15 <br\/>Зона Охраны: Приказ № 23 УГООКН от 03.12.15 ","votes":0,"styleName":"okn_point_regional"},"id":9386641},{"type":"Feature","geometry":{"type":"Point","coordinates":[50.098624595,53.1922563518]},"properties":{"name":"Особняк Эрн ","description":"Регистрационный номер в реестре: 631410051600005<br\/>Вид объекта: памятник архитектуры<br\/>Категория: Регионального значения<br\/>Время создания объекта: 1900 г.<br\/>Адрес: ул. Чапаевская, 165  <br\/>Документ принятия на охрану: Р.ОИ от 06.05.87 г. № 165<br\/>Границы территории: Приказ министерства культуры Самарской области от 6.06.2012 г. № 8 <br\/>Зона Охраны: Приказ министерства культуры Самарской области от 6.06.2012 г. № 8 ","votes":0,"styleName":"okn_point_regional"},"id":9386642},{"type":"Feature","geometry":{"type":"Point","coordinates":[50.1116646142,53.1932759641]},"properties":{"name":"Жилой дом.  уточненное наименование Жилой дом крестьянки Т. К. Кистеневой","description":"Регистрационный номер в реестре: <br\/>Вид объекта: памятник истории<br\/>Категория: Регионального значения<br\/>Время создания объекта: 1988<br\/>Адрес: ул. Рабочая, 48<br\/>Документ принятия на охрану: Р.ОИ от 29.12.83 г. № 720<br\/>Границы территории: <br\/>Зона Охраны: ","votes":0,"styleName":"okn_point_regional"},"id":9386643},{"type":"Feature","geometry":{"type":"Point","coordinates":[50.1056897974,53.1892643783]},"properties":{"name":"Дом, в котором жил судебный следователь Я.Л. Тейтель, у которого часто бывал  В.И.Ленин. ","description":"Регистрационный номер в реестре: <br\/>Вид объекта: памятник истории<br\/>Категория: Регионального значения<br\/>Время создания объекта: <br\/>Адрес: ул. Садовая, 117<br\/>Документ принятия на охрану: Постанов. Сов.Мин. РСФСР 04.12.74 г. № 624   Р.ОИ от 19.11.66 г. № 617<br\/>Границы территории: Приказ УГООКН 50 от 23.06.2016 <br\/>Зона Охраны: Приказ УГООКН 50 от 23.06.2016 ","resource":"","image":"","audio":"","video":"","votes":0,"reestrId":"","styleName":"okn_point_regional"},"id":9386644},{"type":"Feature","geometry":{"type":"Point","coordinates":[50.0781158018,53.1804028599]},"properties":{"name":"Усадьба Субботина","description":"Регистрационный номер в реестре: <br\/>Вид объекта: ансамбль архитектуры (истории)<br\/>Категория: Регионального значения<br\/>Время создания объекта: 1870 г.<br\/>Адрес: ул. А.Толстого, 22-24  <br\/>Документ принятия на охрану: Р.ОИ от 08.06.88 г. № 238<br\/>Границы территории: <br\/>Зона Охраны: ","votes":0,"styleName":"okn_point_regional"},"id":9386645},{"type":"Feature","geometry":{"type":"Point","coordinates":[50.0787981827,53.1840619575]},"properties":{"name":"Мукомольная мельница Стройкова и Якимова  ","description":"Регистрационный номер в реестре: <br\/>Вид объекта: ансамбль архитектуры<br\/>Категория: Регионального значения<br\/>Время создания объекта: 1903 г.<br\/>Адрес:  ул. Водников, 52-54 <br\/>Документ принятия на охрану: Р.ОИ от 06.05.87 г. № 165<br\/>Границы территории: <br\/>Зона Охраны: ","votes":0,"styleName":"okn_point_regional"},"id":9386646},{"type":"Feature","geometry":{"type":"Point","coordinates":[50.082213557,53.1776150208]},"properties":{"name":"Элеватор Государственного  банка","description":"Регистрационный номер в реестре: <br\/>Вид объекта: памятник архитектуры<br\/>Категория: Регионального значения<br\/>Время создания объекта: 1914-1916гг.<br\/>Адрес: площадь Хлебная<br\/>Документ принятия на охрану: Р.ОИ  от 06.05.87 г. № 165<br\/>Границы территории: Приказ УГООКН №26 от 11.12.15 <br\/>Зона Охраны: Приказ УГООКН №26 от 11.12.15 ","resource":"","image":"","audio":"","video":"","votes":0,"reestrId":"","styleName":"okn_point_regional"},"id":9386648},{"type":"Feature","geometry":{"type":"Point","coordinates":[50.0978444229,53.1850650217]},"properties":{"name":"Торговые ряды","description":"Регистрационный номер в реестре: <br\/>Вид объекта: ансамбль архитектуры<br\/>Категория: Регионального значения<br\/>Время создания объекта: 1856г.<br\/>Адрес: ул. Галактионовская, 35<br\/>Документ принятия на охрану: Постан. Гл. адм. Сам.обл. от 27.03.1992 г. №77<br\/>Границы территории: Приказ УГООКН 50 от 23.06.2016 <br\/>Зона Охраны: Приказ УГООКН 50 от 23.06.2016 ","votes":0,"styleName":"okn_point_regional"},"id":9386649},{"type":"Feature","geometry":{"type":"Point","coordinates":[50.0955443003,53.194429802]},"properties":{"name":"Дом жилой на углу Саратовской и Алексеевской улиц","description":"Регистрационный номер в реестре: <br\/>Вид объекта: памятник градостроительства и архитектуры<br\/>Категория: Регионального значения<br\/>Время создания объекта: 80-е гг. XIX в. нач. ХХ в.<br\/>Адрес: ул. Красноармейская, 13\/ул. Фрунзе, 136<br\/>Документ принятия на охрану: Постановление Правительства Самарской области от 25.11.2014 № 721<br\/>Границы территории: <br\/>Зона Охраны: ","votes":0,"styleName":"okn_point_regional"},"id":9386650},{"type":"Feature","geometry":{"type":"Point","coordinates":[50.11055729,53.1927359635]},"properties":{"name":"Дом жилой ","description":"Регистрационный номер в реестре: <br\/>Вид объекта: Памятник истории<br\/>Категория: Регионального значения <br\/>Время создания объекта: <br\/>Адрес: ул. Ленинская, 131<br\/>Документ принятия на охрану: Р.ОИ от 29.12.83 г. № 720<br\/>Границы территории: <br\/>Зона Охраны: ","votes":0,"styleName":"okn_point_regional"},"id":9386651},{"type":"Feature","geometry":{"type":"Point","coordinates":[50.0844516421,53.1841767697]},"properties":{"name":"Больница № 16. Арх. Щербачев А.А. Мавританский стиль   уточненное наименование Особняк Серебренниковой","description":"Регистрационный номер в реестре: <br\/>Вид объекта: памятник архитектуры<br\/>Категория: Регионального значения<br\/>Время создания объекта: нач. XIX в.<br\/>Адрес: ул. Степана Разина, 41<br\/>Документ принятия на охрану: Р.ОИ  от 19.11.66 г. № 617<br\/>Границы территории: Приказ УГООКН 22 от 01.03.2016 <br\/>Зона Охраны: Приказ УГООКН 22 от 01.03.2016 ","votes":0,"styleName":"okn_point_regional"},"id":9386652},{"type":"Feature","geometry":{"type":"Point","coordinates":[50.0947160164,53.1931548254]},"properties":{"name":"Усадьба","description":"Регистрационный номер в реестре: <br\/>Вид объекта: памятник градостроительства и архитектуры<br\/>Категория: Регионального значения<br\/>Время создания объекта: кон.XIX- нач.XX в.<br\/>Адрес: ул. Фрунзе, 124а, литера А<br\/>Документ принятия на охрану: Постановление Правительства Самарской области от 31.10.2014 № 674<br\/>Границы территории: <br\/>Зона Охраны: ","votes":0,"styleName":"okn_point_regional"},"id":9386653},{"type":"Feature","geometry":{"type":"Point","coordinates":[50.11335862,53.1885788408]},"properties":{"name":"Дом, принадлежащий Министерству финансов","description":"Регистрационный номер в реестре: <br\/>Вид объекта: Памятник архитектуры<br\/>Категория: Регионального значения <br\/>Время создания объекта: 1898-1902 гг.<br\/>Адрес: ул. Буянова, 14,  литера А<br\/>Документ принятия на охрану: Приказ Управления УГООКН от 15.05.2017 №52<br\/>Границы территории: Приказ Управления УГООКН от 15.05.2017 №52<br\/>Зона Охраны: ","votes":0,"styleName":"okn_point_regional"},"id":9386654},{"type":"Feature","geometry":{"type":"Point","coordinates":[50.0883041213,53.1835342572]},"properties":{"name":"Дом Челышева","description":"Регистрационный номер в реестре: <br\/>Вид объекта: памятник архитектуры<br\/>Категория: Регионального значения<br\/>Время создания объекта: 1890 г.<br\/>Адрес: ул. Фрунзе, 56<br\/>Документ принятия на охрану: Р.ОИ от 06.05.87 г. № 165<br\/>Границы территории: Приказ министерства культуры Самарской области от 6.06.2012 г. № 8 <br\/>Зона Охраны: Приказ министерства культуры Самарской области от 6.06.2012 г. № 8 ","votes":0,"styleName":"okn_point_regional"},"id":9386655},{"type":"Feature","geometry":{"type":"Point","coordinates":[50.1028023684,53.1953409708]},"properties":{"name":"Дворец культуры им. В.В.Куйбышева","description":"Регистрационный номер в реестре: <br\/>Вид объекта: памятник истории и архитектуры<br\/>Категория: Регионального значения<br\/>Время создания объекта: 1938 г.<br\/>Адрес: Пл. Куйбышева <br\/>Документ принятия на охрану: Р.ОИ от 06.05.87 г. № 165<br\/>Границы территории: Приказ министерства культуры Самарской области от 6.06.2012 г. № 8 <br\/>Зона Охраны: Приказ министерства культуры Самарской области от 6.06.2012 г. № 8 ","resource":"","image":"","audio":"","video":"","votes":0,"reestrId":"","styleName":"okn_point_regional"},"id":9386656},{"type":"Feature","geometry":{"type":"Point","coordinates":[50.081759899,53.1814011812]},"properties":{"name":"Комплекс зданий военной части  (2 здания по улице и арка ворот)","description":"Регистрационный номер в реестре: <br\/>Вид объекта: Ансамбль архитектуры <br\/>Категория: Регионального значения<br\/>Время создания объекта: 1930-е гг.<br\/>Адрес: ул. Степана Разина, 17а\/ул. Комсомольская, 27а <br\/>Документ принятия на охрану: Приказ Управления от 14.05.2018 №46<br\/>Границы территории: Приказ Управления от 14.05.2018 №46<br\/>Зона Охраны: ","votes":0,"styleName":"okn_point_regional"},"id":9386657},{"type":"Feature","geometry":{"type":"Point","coordinates":[50.0950462901,53.1924837865]},"properties":{"name":"Дом жилой с лавками французского подданного Петра Франшвиля","description":"Регистрационный номер в реестре: <br\/>Вид объекта: Памятник архитектуры<br\/>Категория: Регионального значения <br\/>Время создания объекта: 1878 г.<br\/>Адрес: ул. Фрунзе, 145<br\/>Документ принятия на охрану: Приказ Управления от 02.10.2018 №85<br\/>Границы территории: Приказ Управления от 02.10.2018 №85<br\/>Зона Охраны: ","votes":0,"styleName":"okn_point_regional"},"id":9386658},{"type":"Feature","geometry":{"type":"Point","coordinates":[50.1106304334,53.1936651736]},"properties":{"name":"Дом жилой ","description":"Регистрационный номер в реестре: <br\/>Вид объекта: памятник истории<br\/>Категория: Регионального значения<br\/>Время создания объекта: 1988г.<br\/>Адрес: ул. Ленинская, 162<br\/>Документ принятия на охрану: Р.ОИ от 29.12.83 г. № 720<br\/>Границы территории: Приказ УГООКН №12 от 23.10.2015<br\/>Зона Охраны: Приказ УГООКН №12 от 23.10.2015","votes":0,"styleName":"okn_point_regional"},"id":9386659},{"type":"Feature","geometry":{"type":"Point","coordinates":[50.1111745508,53.193440908]},"properties":{"name":"Дом жилой.  уточненное наименование Усадьба М.Ф.Победоносцевой.","description":"Регистрационный номер в реестре: <br\/>Вид объекта: памятник истории<br\/>Категория: Регионального значения<br\/>Время создания объекта: 1988г.<br\/>Адрес: ул. Ленинская, 137-139\/Рабочая, 44<br\/>Документ принятия на охрану: Р.ОИ  от 29.12.83 г. № 720<br\/>Границы территории: Приказ УГООКН №12 от 23.10.2015<br\/>Зона Охраны: Приказ УГООКН №12 от 23.10.2015","votes":0,"styleName":"okn_point_regional"},"id":9386660},{"type":"Feature","geometry":{"type":"Point","coordinates":[50.0935773557,53.1987206455]},"properties":{"name":"Мукомольная мельница Башкирова   уточненное наименование Крупчатая паровая мукомольная мельница Торгового дома «Емельян Башкиров с С-ми»","description":"Регистрационный номер в реестре: <br\/>Вид объекта: ансамбль архитектуры<br\/>Категория: Регионального значения<br\/>Время создания объекта: 1889 г.<br\/>Адрес: ул. М.Горького, 1  <br\/>Документ принятия на охрану: Р.ОИ от 06.05.87 г. № 165  Постанов. Главы адм-ции Сам. обл. 27.03.92 г. № 77<br\/>Границы территории: Приказ УГООКН №26 от 11.12.15 <br\/>Зона Охраны: Приказ УГООКН №26 от 11.12.15 ","votes":0,"styleName":"okn_point_regional"},"id":9386661},{"type":"Feature","geometry":{"type":"Point","coordinates":[50.1067581203,53.1843355867]},"properties":{"name":"Дом Трофимова Г.С.","description":"Регистрационный номер в реестре: 631811316890005<br\/>Вид объекта: Памятник архитектуры<br\/>Категория: Регионального значения<br\/>Время создания объекта: 1898-1900 гг.<br\/>Адрес: ул. Братьев Коростелевых, 62, литеры А, а2<br\/>Документ принятия на охрану: Приказ Управления от 14.02.2018 №20<br\/>Границы территории: Приказ Управления от 14.02.2018 №20<br\/>Зона Охраны: ","votes":0,"styleName":"okn_point_regional"},"id":9389881},{"type":"Feature","geometry":{"type":"Point","coordinates":[50.0875517317,53.1829392663]},"properties":{"name":"Дом Д.И. Виноградовой","description":"Регистрационный номер в реестре: 631811314080005<br\/>Вид объекта: Памятник архитектуры<br\/>Категория: Регионального значения<br\/>Время создания объекта: 1874 г.<br\/>Адрес: ул. Пионерская, 50 литера А<br\/>Документ принятия на охрану: Приказ Управления от 14.02.2018 №20<br\/>Границы территории: Приказ Управления от 14.02.2018 №20<br\/>Зона Охраны: ","votes":0,"styleName":"okn_point_regional"},"id":9389882},{"type":"Feature","geometry":{"type":"Point","coordinates":[50.0968011904,53.1882365153]},"properties":{"name":"Дом Орлова П.С.","description":"Регистрационный номер в реестре: 631811314070005<br\/>Вид объекта: Памятник архитектуры<br\/>Категория: Регионального значения<br\/>Время создания объекта: 1898 г.<br\/>Адрес: ул. Молодогвардейская, 96, литера А<br\/>Документ принятия на охрану: Приказ Управления от 14.02.2018 №20<br\/>Границы территории: Приказ Управления от 14.02.2018 №20<br\/>Зона Охраны: ","votes":0,"styleName":"okn_point_regional"},"id":9389883},{"type":"Feature","geometry":{"type":"Point","coordinates":[50.0834861262,53.1799235475]},"properties":{"name":"Усадьба мещанина А.И.Козлова (ансамбль): - двухэтажный жилой дом с кирпичной аркой ворот; двухэтажный жилой дом во дворе","description":"Регистрационный номер в реестре: 631721291720005<br\/>Вид объекта: памятник градостроительства и архитектуры<br\/>Категория: Регионального значения<br\/>Время создания объекта: 1911-1918 гг.<br\/>Адрес: ул. Куйбышева, 14, литеры А, Б<br\/>Документ принятия на охрану: Приказ УГООКН  от 11.08.2016 № 86<br\/>Границы территории: Приказ УГООКН  от 11.08.2016 № 86<br\/>Зона Охраны: ","votes":0,"styleName":"okn_point_regional"},"id":9389884},{"type":"Feature","geometry":{"type":"Point","coordinates":[50.0832033764,53.1806026076]},"properties":{"name":"Городская усадьба жены статского советника М.И.Волоковой (ансамбль): дом по улице; флигель во дворе","description":"Регистрационный номер в реестре: 631721291700005<br\/>Вид объекта: памятник градостроительства и архитектуры<br\/>Категория: Регионального значения<br\/>Время создания объекта: 1874-1900 гг. 1905 г.<br\/>Адрес: ул. Куйбышева, 22, литеры А,Б<br\/>Документ принятия на охрану: Приказ УГООКН  от 11.08.2016 № 86<br\/>Границы территории: <br\/>Зона Охраны: ","votes":0,"styleName":"okn_point_regional"},"id":9389885},{"type":"Feature","geometry":{"type":"Point","coordinates":[50.1003049326,53.1922540109]},"properties":{"name":"Усадьба Давыдовых: два дома каменных","description":"Регистрационный номер в реестре: 631721291410005<br\/>Вид объекта: Ансамбль архитектуры<br\/>Категория: Регионального значения<br\/>Время создания объекта: 1887-1898 гг., 1909-1915 гг.<br\/>Адрес: ул. Молодогвардейская, 117, литеры А, А1, Б<br\/>Документ принятия на охрану: Приказ УГООКН от 05.07.2017 №90<br\/>Границы территории: Приказ УГООКН от 05.07.2017 №90<br\/>Зона Охраны: ","votes":0,"styleName":"okn_point_regional"},"id":9389886},{"type":"Feature","geometry":{"type":"Point","coordinates":[50.078527388,53.1798962843]},"properties":{"name":"Городская усадьба купчихи Маркеловой: жилой дом, каменный амбар, каменная ограда с воротами и калиткой","description":"Регистрационный номер в реестре: 631721291400005<br\/>Вид объекта: Ансамбль архитектуры<br\/>Категория: Регионального значения<br\/>Время создания объекта: 1850-е годы, 1880-е годы<br\/>Адрес: ул. Алексея Толстого, 20\/ ул. Крупской, 12-14, литеры А,А1,Б<br\/>Документ принятия на охрану: Приказ УГООКН от 05.07.2017 №90<br\/>Границы территории: Приказ УГООКН от 05.07.2017 №90<br\/>Зона Охраны: ","votes":0,"styleName":"okn_point_regional"},"id":9389887},{"type":"Feature","geometry":{"type":"Point","coordinates":[50.1053701591,53.189683989]},"properties":{"name":"Усадьба А.С.Богатовой и И.Ф.Мейзеншильдера: деревянный дом и полукаменный дом","description":"Регистрационный номер в реестре: 631721291240005<br\/>Вид объекта: Ансамбль архитектуры<br\/>Категория: Регионального значения <br\/>Время создания объекта: 1877 г., 1902 г.<br\/>Адрес: ул. Садовая, 102-104\/ Льва Толстого, 90, литеры А, А1, а1, В<br\/>Документ принятия на охрану: Приказ Управления УГООКН от 15.05.2017 №52<br\/>Границы территории: Приказ Управления УГООКН от 15.05.2017 №52<br\/>Зона Охраны: ","votes":0,"styleName":"okn_point_regional"},"id":9389888},{"type":"Feature","geometry":{"type":"Point","coordinates":[50.0976441595,53.1916058773]},"properties":{"name":"Городская усадьба","description":"Регистрационный номер в реестре: 631721022540005<br\/>Вид объекта: ансамбль градостроительства и архитектуры<br\/>Категория: Регионального значения<br\/>Время создания объекта: 1898-1899<br\/>Адрес: ул. Льва Толстого, 46, литеры А, А1, А2, Б<br\/>Документ принятия на охрану: Постановление Правительства Сам.обл. от 29.12.2014 № 853<br\/>Границы территории: <br\/>Зона Охраны: ","votes":0,"styleName":"okn_point_regional"},"id":9389889},{"type":"Feature","geometry":{"type":"Point","coordinates":[50.2767320049,53.2321413497]},"properties":{"name":"Дворец культуры Металлургов","description":"Регистрационный номер в реестре: 631711292190005<br\/>Вид объекта: памятник архитектуры<br\/>Категория: Регионального значения<br\/>Время создания объекта: 1950 \u2013е гг.<br\/>Адрес: проспект Металлургов, 75, литеры А, А1, А2, А3, А4, А5<br\/>Документ принятия на охрану: Постановление Правительства Самарской области от 31.10.2014  № 674<br\/>Границы территории:                                                                                                                                                                                                        <br\/>Зона Охраны: ","votes":0,"styleName":"okn_point_regional"},"id":9389890},{"type":"Feature","geometry":{"type":"Point","coordinates":[50.1137629556,53.1943056969]},"properties":{"name":"Здание губернского попечительства детских приютов","description":"Регистрационный номер в реестре: 631711292120005<br\/>Вид объекта: Памятник архитектуры<br\/>Категория: Регионального значения <br\/>Время создания объекта: между 1893 и 1913 годами<br\/>Адрес: ул. Братьев Коростелевых, 144, литера А<br\/>Документ принятия на охрану: Приказ Управления УГООКН от 27.02.2017 №21<br\/>Границы территории: Приказ Управления УГООКН от 27.02.2017 №21<br\/>Зона Охраны: ","votes":0,"styleName":"okn_point_regional"},"id":9389891},{"type":"Feature","geometry":{"type":"Point","coordinates":[50.1051975184,53.2002306017]},"properties":{"name":"Коммерческое училище","description":"Регистрационный номер в реестре: 631711292080005<br\/>Вид объекта: Памятник архитектуры<br\/>Категория: Регионального значения<br\/>Время создания объекта: 1906 г., 1933 г.<br\/>Адрес: ул. Молодогвардейская, 194\/ ул. Ульяновская, 4, литеры А-А5<br\/>Документ принятия на охрану: Приказ УГООКН от 05.07.2017 №90<br\/>Границы территории: Приказ УГООКН от 05.07.2017 №90<br\/>Зона Охраны: ","votes":0,"styleName":"okn_point_regional"},"id":9389892},{"type":"Feature","geometry":{"type":"Point","coordinates":[50.091711754,53.1924103205]},"properties":{"name":"Самарская контора госбанка, бывшая усадьба А.Н.Сукоркина.","description":"Регистрационный номер в реестре: 631711292070005<br\/>Вид объекта: памятник градостроительства и архитектуры<br\/>Категория: Регионального значения<br\/>Время создания объекта: 1870-1872 гг., 1915 г.<br\/>Адрес: ул. Куйбышева, 114\/Л. Толстого, 19, литеры А, А1<br\/>Документ принятия на охрану: Постановление Правительства Сам.обл. от 31.10.2014 № 674<br\/>Границы территории: <br\/>Зона Охраны: ","votes":0,"styleName":"okn_point_regional"},"id":9389893},{"type":"Feature","geometry":{"type":"Point","coordinates":[50.1262165541,53.199158132]},"properties":{"name":"Главный административный корпус комплекса зданий «Самарской Губернской тюрьмы»","description":"Регистрационный номер в реестре: 631711292060005<br\/>Вид объекта: Памятник архитектуры<br\/>Категория: Регионального значения <br\/>Время создания объекта: 1896-1898 гг.<br\/>Адрес: ул. Чкалова, 90\/ул. Буянова, 152,  литера Б (3-х этажное здание)<br\/>Документ принятия на охрану: Приказ Управления УГООКН от 27.02.2017 №21<br\/>Границы территории: Приказ Управления УГООКН от 27.02.2017 №21<br\/>Зона Охраны: ","resource":"","image":"","audio":"","video":"","votes":0,"reestrId":"","styleName":"okn_point_regional"},"id":9389894},{"type":"Feature","geometry":{"type":"Point","coordinates":[50.0998725149,53.1900153866]},"properties":{"name":"Жилой дом на усадьбе                 Шигаева В.М. и Жоголева В.С.","description":"Регистрационный номер в реестре: 631711291830005<br\/>Вид объекта: памятник архитектуры<br\/>Категория: Регионального значения<br\/>Время создания объекта: до 1898 г.<br\/>Адрес: ул. Галактионовская, 66,  литера А <br\/>Документ принятия на охрану: Постановление Правительства Самарской области от 25.11.2014  № 721<br\/>Границы территории: <br\/>Зона Охраны: ","votes":0,"styleName":"okn_point_regional"},"id":9389895},{"type":"Feature","geometry":{"type":"Point","coordinates":[50.1121395396,53.1887468452]},"properties":{"name":"Жилой дом арх. П.А. Щербачев","description":"Регистрационный номер в реестре: 631711291740005<br\/>Вид объекта: Памятник архитектуры<br\/>Категория: Регионального значения<br\/>Время создания объекта: 1946-1950 гг.<br\/>Адрес: ул. Арцыбушевская, 34 а, литеры А, А1, А3<br\/>Документ принятия на охрану: <br\/>Границы территории: Приказ УГООКН №125 от 28.11.2016<br\/>Зона Охраны: ","votes":0,"styleName":"okn_point_regional"},"id":9389896},{"type":"Feature","geometry":{"type":"Point","coordinates":[50.1167463833,53.1944732304]},"properties":{"name":"Дом мещанина А.И.Рыжова","description":"Регистрационный номер в реестре: 631711291500005<br\/>Вид объекта: Памятник архитектуры<br\/>Категория: Регионального значения <br\/>Время создания объекта: 1906 г.<br\/>Адрес: ул. Арцыбушевская, 67\/ул. Вилоновская, 88, литеры А,а<br\/>Документ принятия на охрану: Приказ Управления УГООКН от 27.02.2017 №21<br\/>Границы территории: Приказ Управления УГООКН от 27.02.2017 №21<br\/>Зона Охраны: ","votes":0,"styleName":"okn_point_regional"},"id":9389897},{"type":"Feature","geometry":{"type":"Point","coordinates":[50.1214647998,53.1969871629]},"properties":{"name":"Дом надворного советника А.В.Кавского с воротами ","description":"Регистрационный номер в реестре: 631711291440005<br\/>Вид объекта: Памятник архитектуры<br\/>Категория: Регионального значения <br\/>Время создания объекта: 1887-1902 гг<br\/>Адрес: ул. Буянова, 104, литеры А,А1,а<br\/>Документ принятия на охрану: Приказ Управления УГООКН от 27.02.2017 №21<br\/>Границы территории: Приказ Управления УГООКН от 27.02.2017 №21<br\/>Зона Охраны: ","votes":0,"styleName":"okn_point_regional"},"id":9389898},{"type":"Feature","geometry":{"type":"Point","coordinates":[50.0870808404,53.1879808854]},"properties":{"name":"Дом купчихи Л.П.Гребенщиковой ","description":"Регистрационный номер в реестре: 631711291420005<br\/>Вид объекта: Памятник архитектуры<br\/>Категория: Регионального значения<br\/>Время создания объекта: 1900-1915 гг.<br\/>Адрес: ул. Степана Разина, 65,  литеры А, А1, А2<br\/>Документ принятия на охрану: Приказ УГООКН от 05.07.2017 №90<br\/>Границы территории: Приказ УГООКН от 05.07.2017 №90<br\/>Зона Охраны: ","votes":0,"styleName":"okn_point_regional"},"id":9389899},{"type":"Feature","geometry":{"type":"Point","coordinates":[50.0834034682,53.1797636255]},"properties":{"name":"Дом мещанки О.А.Смирновой","description":"Регистрационный номер в реестре: 631711291360005<br\/>Вид объекта: Памятник архитектуры<br\/>Категория: Регионального значения<br\/>Время создания объекта: 1870-1874 гг.<br\/>Адрес: ул. Куйбышева, 12, литера А<br\/>Документ принятия на охрану: Приказ УГООКН от 05.07.2017 №90<br\/>Границы территории: Приказ УГООКН от 05.07.2017 №90<br\/>Зона Охраны: ","votes":0,"styleName":"okn_point_regional"},"id":9389900},{"type":"Feature","geometry":{"type":"Point","coordinates":[50.0757461219,53.1808812323]},"properties":{"name":"Дом купцов Неклютиных","description":"Регистрационный номер в реестре: 631711291340005<br\/>Вид объекта: Памятник архитектуры<br\/>Категория: Регионального значения<br\/>Время создания объекта: 1870-е годы<br\/>Адрес: ул. Максима Горького, 29,  литера А<br\/>Документ принятия на охрану: Приказ УГООКН от 05.07.2017 №90<br\/>Границы территории: Приказ УГООКН от 05.07.2017 №90<br\/>Зона Охраны: ","votes":0,"styleName":"okn_point_regional"},"id":9389901},{"type":"Feature","geometry":{"type":"Point","coordinates":[50.108190279,53.189334704]},"properties":{"name":"Жилой дом С.Е.Пермякова ","description":"Регистрационный номер в реестре: 631711291300005<br\/>Вид объекта: Памятник архитектуры<br\/>Категория: Регионального значения<br\/>Время создания объекта: между 1902 \u2013  1918 гг.<br\/>Адрес: ул. Ленинская, 79, литеры А, а, а1<br\/>Документ принятия на охрану: Приказ УГООКН от 05.07.2017 №90<br\/>Границы территории: Приказ УГООКН от 05.07.2017 №90<br\/>Зона Охраны: ","votes":0,"styleName":"okn_point_regional"},"id":9389902},{"type":"Feature","geometry":{"type":"Point","coordinates":[50.0775399647,53.1800992756]},"properties":{"name":"Жилой дом на усадьбе В.Г.Яковлева с аркой ворот","description":"Регистрационный номер в реестре: 631711291290005<br\/>Вид объекта: Памятник архитектуры<br\/>Категория: Регионального значения<br\/>Время создания объекта: 1887-1898 гг.<br\/>Адрес: ул. Крупской, 8-10,  литеры А, А1<br\/>Документ принятия на охрану: Приказ УГООКН от 05.07.2017 №90<br\/>Границы территории: Приказ УГООКН от 05.07.2017 №90<br\/>Зона Охраны: ","votes":0,"styleName":"okn_point_regional"},"id":9389903},{"type":"Feature","geometry":{"type":"Point","coordinates":[50.1073992458,53.1928074253]},"properties":{"name":"Дом жилой на усадьбе Голубевых","description":"Регистрационный номер в реестре: 631711291210005<br\/>Вид объекта: Памятник архитектуры<br\/>Категория: Регионального значения <br\/>Время создания объекта: конец ХХ в.<br\/>Адрес: ул. Садовая, 144,  литера А<br\/>Документ принятия на охрану: Приказ Управления УГООКН от 15.05.2017 №52<br\/>Границы территории: Приказ Управления УГООКН от 15.05.2017 №52<br\/>Зона Охраны: ","votes":0,"styleName":"okn_point_regional"},"id":9389904},{"type":"Feature","geometry":{"type":"Point","coordinates":[50.1052428105,53.1886376185]},"properties":{"name":"Дом М.А.Никольской- А.И.Лапиной ","description":"Регистрационный номер в реестре: 631711291140005<br\/>Вид объекта: Памятник архитектуры<br\/>Категория: Регионального значения <br\/>Время создания объекта: 1882 г., 1907-1915 гг.<br\/>Адрес: ул. Садовая, 107, литера А<br\/>Документ принятия на охрану: Приказ Управления УГООКН от 15.05.2017 №52<br\/>Границы территории: Приказ Управления УГООКН от 15.05.2017 №52<br\/>Зона Охраны: ","votes":0,"styleName":"okn_point_regional"},"id":9389905},{"type":"Feature","geometry":{"type":"Point","coordinates":[50.112485322,53.1983394503]},"properties":{"name":"Дом купца М.И.Бочкарёва","description":"Регистрационный номер в реестре: 631711291100005<br\/>Вид объекта: Памятник архитектуры<br\/>Категория: Регионального значения <br\/>Время создания объекта: в 1890-е гг. (между 1896 г. и 1902 г.)<br\/>Адрес: ул. Садовая, 223\/ ул. Ульяновская, 20, литера А<br\/>Документ принятия на охрану: Приказ Управления УГООКН от 15.05.2017 №52<br\/>Границы территории: Приказ Управления УГООКН от 15.05.2017 №52<br\/>Зона Охраны: ","votes":0,"styleName":"okn_point_regional"},"id":9389906},{"type":"Feature","geometry":{"type":"Point","coordinates":[50.1061587077,53.1910392496]},"properties":{"name":"Дом жилой на усадебном месте П.О.Тузлуковой","description":"Регистрационный номер в реестре: 631711291080005<br\/>Вид объекта: Памятник архитектуры<br\/>Категория: Регионального значения <br\/>Время создания объекта: конец XIX в.<br\/>Адрес: ул. Садовая, 124,  литера А<br\/>Документ принятия на охрану: Приказ Управления УГООКН от 15.05.2017 №52<br\/>Границы территории: Приказ Управления УГООКН от 15.05.2017 №52<br\/>Зона Охраны: ","votes":0,"styleName":"okn_point_regional"},"id":9389907},{"type":"Feature","geometry":{"type":"Point","coordinates":[50.1137597995,53.2000965982]},"properties":{"name":"Оргэнергострой  ","description":"Регистрационный номер в реестре: 631711291060005<br\/>Вид объекта: памятник истории и культуры<br\/>Категория: Регионального значения<br\/>Время создания объекта: 1930-1950 гг.<br\/>Адрес: ул. Самарская, 203б\/ Садовая, 212, б,в<br\/>Документ принятия на охрану: Р.ОИ от 06.05.87 г. № 165  Приказ Министерства культуры Самарской области от 03.04.2015 № 24<br\/>Границы территории: <br\/>Зона Охраны: ","votes":0,"styleName":"okn_point_regional"},"id":9389908},{"type":"Feature","geometry":{"type":"Point","coordinates":[50.0940493406,53.1830498222]},"properties":{"name":"Казначейство","description":"Регистрационный номер в реестре: 631711290990005<br\/>Вид объекта: памятник архитектуры<br\/>Категория: Регионального значения <br\/>Время создания объекта: <br\/>Адрес: ул.Молодогвардейская, 35, литеры А, А1, А2<br\/>Документ принятия на охрану: Приказ УГООКН от 11.12.2015  № 25<br\/>Границы территории: Приказ УГООКН №25 от 11.12.2015 <br\/>Зона Охраны: Приказ УГООКН №25 от 11.12.2015 ","votes":0,"styleName":"okn_point_regional"},"id":9389909},{"type":"Feature","geometry":{"type":"Point","coordinates":[50.0872299724,53.1843986254]},"properties":{"name":"Дом Бахарева.  Дом С.П. Лобанова","description":"Регистрационный номер в реестре: 631711290960005<br\/>Вид объекта: памятник архитектуры <br\/>Категория: Регионального значения<br\/>Время создания объекта: 1874-1878 гг. 1900 г.<br\/>Адрес: ул. Куйбышева, 69 (1)  ул. Куйбышева, 69 (2)<br\/>Документ принятия на охрану: Р.ОИ от 06.05.87 г. № 165<br\/>Границы территории: <br\/>Зона Охраны: ","votes":0,"styleName":"okn_point_regional"},"id":9389910},{"type":"Feature","geometry":{"type":"Point","coordinates":[50.107764042,53.1923517218]},"properties":{"name":"Особняк А.С. Кузмина","description":"Регистрационный номер в реестре: 631711080330005<br\/>Вид объекта: Памятник архитектуры<br\/>Категория: Регионального значения <br\/>Время создания объекта: 1900-е гг.<br\/>Адрес: ул. Садовая, 143, литера А<br\/>Документ принятия на охрану: Приказ Управления УГООКН от 27.02.2017 №21<br\/>Границы территории: Приказ Управления УГООКН от 27.02.2017 №21<br\/>Зона Охраны: ","votes":0,"styleName":"okn_point_regional"},"id":9389911},{"type":"Feature","geometry":{"type":"Point","coordinates":[50.100495051,53.1901153757]},"properties":{"name":"Дом С.М. Решетникова","description":"Регистрационный номер в реестре: 631711080310005<br\/>Вид объекта: памятник архитектуры<br\/>Категория: Регионального значения<br\/>Время создания объекта: 1910-1918 гг.<br\/>Адрес: ул. Галактионовская, 68, литера  А<br\/>Документ принятия на охрану: Постановление Правительства Самарской области от 25.11.2014  № 721<br\/>Границы территории: <br\/>Зона Охраны: ","votes":0,"styleName":"okn_point_regional"},"id":9389912},{"type":"Feature","geometry":{"type":"Point","coordinates":[50.0806515185,53.1830896264]},"properties":{"name":"Жилой дом Г.И. Курлина","description":"Регистрационный номер в реестре: 631711080290005<br\/>Вид объекта: Памятник архитектуры<br\/>Категория: Регионального значения <br\/>Время создания объекта: до 1873 г.<br\/>Адрес: ул. Алексея Толстого, 42-44, литера А<br\/>Документ принятия на охрану: Приказ Управления УГООКН от 27.02.2017 №21<br\/>Границы территории: Приказ Управления УГООКН от 27.02.2017 №21<br\/>Зона Охраны: ","votes":0,"styleName":"okn_point_regional"},"id":9389913},{"type":"Feature","geometry":{"type":"Point","coordinates":[50.0907037443,53.1880455565]},"properties":{"name":"Усадьба Яновых","description":"Регистрационный номер в реестре: 631711022530005<br\/>Вид объекта: памятник градостроительства и архитектуры<br\/>Категория: Регионального значения<br\/>Время создания объекта: 1884-1918 гг.<br\/>Адрес: ул. Ленинградская, 36-38, литеры А, А1, Б<br\/>Документ принятия на охрану: Постановление Правительства Самарской области от 25.11.2014 № 721<br\/>Границы территории: <br\/>Зона Охраны: ","votes":0,"styleName":"okn_point_regional"},"id":9389914},{"type":"Feature","geometry":{"type":"Point","coordinates":[50.0896219631,53.1799774531]},"properties":{"name":"Дом мещан А.Ф.Парамонова и М.И.Соловьевой","description":"Регистрационный номер в реестре: 631711022430005<br\/>Вид объекта: ансамбль градостроительства и архитектуры<br\/>Категория: Регионального значения<br\/>Время создания объекта: 1905 г.<br\/>Адрес: ул. Комсомольская, 68, литера А<br\/>Документ принятия на охрану: Приказ УГООКН  от 11.08.2016 № 86<br\/>Границы территории: <br\/>Зона Охраны: ","votes":0,"styleName":"okn_point_regional"},"id":9389915},{"type":"Feature","geometry":{"type":"Point","coordinates":[50.1182540673,53.1908471576]},"properties":{"name":"Дом А.А. Ананьева, где находилось представительство компании «Зингер» в Самаре","description":"Регистрационный номер в реестре: 631711022420005<br\/>Вид объекта: памятник градостроительства и архитектуры<br\/>Категория: Регионального значения<br\/>Время создания объекта: 1899-1900 гг.<br\/>Адрес: ул. Никитинская, 48, литера А<br\/>Документ принятия на охрану: Приказ УГООКН  от 11.08.2016 № 86<br\/>Границы территории: Приказ УГООКН  от 11.08.2016 № 86<br\/>Зона Охраны: ","votes":0,"styleName":"okn_point_regional"},"id":9389916},{"type":"Feature","geometry":{"type":"Point","coordinates":[50.1168543175,53.1887008579]},"properties":{"name":"Дом Сапунковой Ф.П.","description":"Регистрационный номер в реестре: 631711022410005<br\/>Вид объекта: памятник градостроительства и архитектуры<br\/>Категория: Регионального значения<br\/>Время создания объекта: 1898-1901 гг.<br\/>Адрес: ул. Никитинская, 14, литера А<br\/>Документ принятия на охрану: Приказ УГООКН  от 11.08.2016 № 86<br\/>Границы территории: <br\/>Зона Охраны: ","votes":0,"styleName":"okn_point_regional"},"id":9389917},{"type":"Feature","geometry":{"type":"Point","coordinates":[50.0919414054,53.1878641801]},"properties":{"name":"Жилой дом на усадьбе А.А. Пономарева","description":"Регистрационный номер в реестре: 631710884120005<br\/>Вид объекта: памятник архитектуры<br\/>Категория: Регионального значения<br\/>Время создания объекта: 1902 г.<br\/>Адрес: ул. Фрунзе, 97-99, литера А1<br\/>Документ принятия на охрану: Постановление Правительства Самарской области от 25.11.2014 № 721<br\/>Границы территории: <br\/>Зона Охраны: ","votes":0,"styleName":"okn_point_regional"},"id":9389918},{"type":"Feature","geometry":{"type":"Point","coordinates":[50.1019214402,53.1901463637]},"properties":{"name":"Дом жилой","description":"Регистрационный номер в реестре: 631710883840005<br\/>Вид объекта: памятник архитектуры<br\/>Категория: Регионального значения<br\/>Время создания объекта: 1860-е гг. 1900-е гг.<br\/>Адрес: ул. Льва Толстого, 69, литера А<br\/>Документ принятия на охрану: Постановление Правительства Самарской области от 25.11.2014  № 721<br\/>Границы территории: <br\/>Зона Охраны: ","votes":0,"styleName":"okn_point_regional"},"id":9389919},{"type":"Feature","geometry":{"type":"Point","coordinates":[50.0923261498,53.1893692737]},"properties":{"name":"Дом купца Л.С. Аржанова","description":"Регистрационный номер в реестре: 631710765600005<br\/>Вид объекта: памятник архитектуры<br\/>Категория: Регионального значения<br\/>Время создания объекта: 1899 г.<br\/>Адрес: ул.Фрунзе, 98-98а-100\/ул.Некрасовская, 27-25-25а, литера Е<br\/>Документ принятия на охрану: Постановление Правительства Самарской области от 21.01.2015 № 8<br\/>Границы территории: <br\/>Зона Охраны: ","votes":0,"styleName":"okn_point_regional"},"id":9389920},{"type":"Feature","geometry":{"type":"Point","coordinates":[50.2002052103,53.2491243796]},"properties":{"name":"Трапезная загородного Архиерейского скита (Иоанно-Предтеченская церковь)","description":"Регистрационный номер в реестре: 631710765590005<br\/>Вид объекта: памятник архитектуры<br\/>Категория: Регионального значения<br\/>Время создания объекта: 1867 г. 1892-1895 гг.<br\/>Адрес:  ул. Ново-Вокзальная, 178,  литеры А,А1<br\/>Документ принятия на охрану: Постановление Правительства Самарской области от 21.01.2015 № 8<br\/>Границы территории: <br\/>Зона Охраны: ","votes":0,"styleName":"okn_point_regional"},"id":9389921},{"type":"Feature","geometry":{"type":"Point","coordinates":[50.1050883515,53.1893992534]},"properties":{"name":"Дом жены губернского секретаря Статковской В.О.","description":"Регистрационный номер в реестре: 631710765560005<br\/>Вид объекта: памятник архитектуры<br\/>Категория: Регионального значения<br\/>Время создания объекта: 1895 г.<br\/>Адрес: ул. Садовая, 100\/ ул. Льва Толстого, 87, литеры А, А1<br\/>Документ принятия на охрану: Постановление Правительства Самарской области от 29.12.2014 № 853<br\/>Границы территории: <br\/>Зона Охраны: ","votes":0,"styleName":"okn_point_regional"},"id":9389922},{"type":"Feature","geometry":{"type":"Point","coordinates":[50.1175321625,53.1956091397]},"properties":{"name":"Дом, в котором в 1908г.находилась подпольная типография Самарского комитета РСДРП(б)","description":"Регистрационный номер в реестре: 631710757120005<br\/>Вид объекта: памятник истории<br\/>Категория: Регионального значения<br\/>Время создания объекта: 1908 г.<br\/>Адрес: ул. Арцыбушевская, 91  ул. Арцыбушевская, 95 литеры А,Б,В<br\/>Документ принятия на охрану: Постанов. Сов. Мин. РСФСР от 30.08.60г. №1327 (№2)<br\/>Границы территории: Приказ УГООКН №12 от 23.10.2015<br\/>Зона Охраны: Приказ УГООКН №12 от 23.10.2015","votes":0,"styleName":"okn_point_regional"},"id":9389923},{"type":"Feature","geometry":{"type":"Point","coordinates":[50.1009216893,53.1875827828]},"properties":{"name":"Жилой дом на участке Паршенских","description":"Регистрационный номер в реестре: 631710754520005<br\/>Вид объекта: памятник архитектуры<br\/>Категория: Регионального значения<br\/>Время создания объекта: 1877, 1885-1901 гг.<br\/>Адрес: ул. Некрасовская, 73-75\/ул.Самарская, 50, литера Б<br\/>Документ принятия на охрану: Постановление Правительства Самарской области от 25.11.2014 № 721<br\/>Границы территории: <br\/>Зона Охраны: ","votes":0,"styleName":"okn_point_regional"},"id":9389924},{"type":"Feature","geometry":{"type":"Point","coordinates":[50.0916419939,53.1838772078]},"properties":{"name":"Дом купчихи Н.М. Карповой","description":"Регистрационный номер в реестре: 631710754260005<br\/>Вид объекта: памятник градостроительства и архитектуры<br\/>Категория: Регионального значения<br\/>Время создания объекта: Построено 1850-е гг., перестроено 1898-1902 гг., реконструкция и надстройка 3, 4 этажами \u2013 советское время<br\/>Адрес: ул. Чапаевская, 67-69\/ ул. Венцека, 53, литера А<br\/>Документ принятия на охрану: Постановление Правительства Самарской области от 29.12.2014 № 853  Приказ УГООКН №109 от 07.10.2016 (уточнение сведений)<br\/>Границы территории: <br\/>Зона Охраны: ","votes":0,"styleName":"okn_point_regional"},"id":9389925},{"type":"Feature","geometry":{"type":"Point","coordinates":[50.1148001459,53.1949467439]},"properties":{"name":"Городская усадьба","description":"Регистрационный номер в реестре: 631621292040005<br\/>Вид объекта: ансамбль градостроительства и архитектуры<br\/>Категория: Регионального значения<br\/>Время создания объекта: 1867-1912 гг.<br\/>Адрес: ул. Вилоновская, 78\/ ул. Братьев Коростелевых, 97-99, литеры Б, В<br\/>Документ принятия на охрану: Постановление Правительства Самарской области от 25.11.2014 № 721<br\/>Границы территории: Приказ УГООКН 129 от 02.12.2016 г<br\/>Зона Охраны: ","votes":0,"styleName":"okn_point_regional"},"id":9389926},{"type":"Feature","geometry":{"type":"Point","coordinates":[50.0922877286,53.1938213124]},"properties":{"name":"Городская усадьба Савицкого-Курлиной","description":"Регистрационный номер в реестре: 631621022550005<br\/>Вид объекта: ансамбль градостроительства и архитектуры<br\/>Категория: Регионального значения<br\/>Время создания объекта: 1877-1902 гг.<br\/>Адрес: ул. Куйбышева, 124, литеры А, Б<br\/>Документ принятия на охрану: Постановление Правительства Самарской области от 25.11.2014 № 721<br\/>Границы территории: <br\/>Зона Охраны: ","votes":0,"styleName":"okn_point_regional"},"id":9389927},{"type":"Feature","geometry":{"type":"Point","coordinates":[50.0963523126,53.1892316695]},"properties":{"name":"Усадьба купца И.А. Журавлева","description":"Регистрационный номер в реестре: 631620640540005<br\/>Вид объекта: ансамбль градостроительства и архитектуры<br\/>Категория: Регионального значения<br\/>Время создания объекта: 1891 г.<br\/>Адрес: ул. Некрасовская, 52-54, литеры А,Б<br\/>Документ принятия на охрану: Постановление Правительства Самарской области от 29.12.2014  № 853<br\/>Границы территории: Приказ УГООКН 126 от 02.12.2016 <br\/>Зона Охраны: Приказ УГООКН 126 от 02.12.2016 ","votes":0,"styleName":"okn_point_regional"},"id":9389928},{"type":"Feature","geometry":{"type":"Point","coordinates":[50.0920608619,53.1929345001]},"properties":{"name":"Особняк Путилова. Усадьба самарского 2-й гильдии купца, Почетного гражданина города Санина: одноэтажный каменный дом с мезонином  и каменный двухэтажный дом","description":"Регистрационный номер в реестре: 631620638510005<br\/>Вид объекта: ансамбль истории и культуры<br\/>Категория: Регионального значения<br\/>Время создания объекта:  1863 г., 1889 г.<br\/>Адрес: ул. ул. Куйбышева, 118-120\/ул. Льва Толстого, 18, литеры А,А1,А2,А3,Б,Б1,Ж<br\/>Документ принятия на охрану: Р.ОИ от 06.05.87 г. № 165  Приказ УГООКН № 46 от 06.04.2017 (уточнение)<br\/>Границы территории: Приказ УГООКН № 46 от 14.06.2016 <br\/>Зона Охраны: Приказ УГООКН 46 от 14.06.2016 ","votes":0,"styleName":"okn_point_regional"},"id":9389929},{"type":"Feature","geometry":{"type":"Point","coordinates":[50.0895175158,53.1880398798]},"properties":{"name":"Дом Л.Н. Покидышева","description":"Регистрационный номер в реестре: 631620638080005<br\/>Вид объекта: памятник архитектуры<br\/>Категория: Регионального значения<br\/>Время создания объекта: 1890 \u2013е гг.<br\/>Адрес: ул. Куйбышева, 99 \/ ул.Ленинградская, 26-28-30, литеры АА1А2А3А4А5, <br\/>Документ принятия на охрану: Постановление Правительства Сам.обл. от 31.10.2014 № 674<br\/>Границы территории: <br\/>Зона Охраны: ","votes":0,"styleName":"okn_point_regional"},"id":9389930},{"type":"Feature","geometry":{"type":"Point","coordinates":[50.0947617278,53.1862889071]},"properties":{"name":"Дом Сидорова П.А.","description":"Регистрационный номер в реестре: 631620637620005<br\/>Вид объекта: памятник архитектуры<br\/>Категория: Регионального значения<br\/>Время создания объекта: 1903-1913 гг. <br\/>Адрес: ул. Ленинградская, 55, литеры А, А1, А2, А3, А4<br\/>Документ принятия на охрану: Постановление Правительства Сам.обл. от 15.07.2014г. №394<br\/>Границы территории: <br\/>Зона Охраны: ","votes":0,"styleName":"okn_point_regional"},"id":9389931},{"type":"Feature","geometry":{"type":"Point","coordinates":[50.112540216,53.1955425235]},"properties":{"name":"Дом Сажина","description":"Регистрационный номер в реестре: 631611292020005<br\/>Вид объекта: памятник градостроительства и архитектуры<br\/>Категория: Регионального значения<br\/>Время создания объекта: 1903-1915 гг.<br\/>Адрес: ул. Ленинская, 159-161\/Вилоновская, 66,литер А, А1<br\/>Документ принятия на охрану: Постановление Правительства Сам.обл. от 31.10.2014 № 674<br\/>Границы территории: Приказ УГООКН №12 от 23.10.2015<br\/>Зона Охраны: Приказ УГООКН №12 от 23.10.2015","votes":0,"styleName":"okn_point_regional"},"id":9389932},{"type":"Feature","geometry":{"type":"Point","coordinates":[50.0989127427,53.1880209116]},"properties":{"name":"Дом жилой Жоголева Н.С.","description":"Регистрационный номер в реестре: 631611292010005<br\/>Вид объекта: памятник архитектуры<br\/>Категория: Регионального значения<br\/>Время создания объекта: начало ХХ в.<br\/>Адрес: ул. Галактионовская, 46\/Некрасовская, 63, литера А<br\/>Документ принятия на охрану: Постановление Правительства Самарской области от 25.11.2014  № 721<br\/>Границы территории: <br\/>Зона Охраны: ","votes":0,"styleName":"okn_point_regional"},"id":9389933},{"type":"Feature","geometry":{"type":"Point","coordinates":[50.0864001387,53.186127862]},"properties":{"name":"Дом жилой с торговыми помещениями купцов Головачевых","description":"Регистрационный номер в реестре: 631611292000005<br\/>Вид объекта: памятник архитектуры<br\/>Категория: Регионального значения<br\/>Время создания объекта: 1839 г. \u2013 каменные лавки; 1866 г. \u2013 надстройка второго этажа; 1873 г.<br\/>Адрес: ул. Куйбышева, 62-64\/ ул. Венцека, 30, литера А<br\/>Документ принятия на охрану: Постановление Правительства Сам.обл. от 15.07.2014г. №394<br\/>Границы территории: Приказ УГООКН 129 от 02.12.2016 г<br\/>Зона Охраны: ","votes":0,"styleName":"okn_point_regional"},"id":9389934},{"type":"Feature","geometry":{"type":"Point","coordinates":[50.1006371843,53.1881565563]},"properties":{"name":"Дом на усадьбе Е.И. Плошкиной","description":"Регистрационный номер в реестре: 631611291430005<br\/>Вид объекта: памятник градостроительства и архитектуры<br\/>Категория: Регионального значения<br\/>Время создания объекта: 1898-1902 гг.<br\/>Адрес: ул. Некрасовская, 70-72, литера А<br\/>Документ принятия на охрану: Постановление Правительства Самарской области от 29.12.2014  № 853<br\/>Границы территории: <br\/>Зона Охраны: ","votes":0,"styleName":"okn_point_regional"},"id":9389935},{"type":"Feature","geometry":{"type":"Point","coordinates":[50.2185609158,53.2000710481]},"properties":{"name":"Клуб «Заря»","description":"Регистрационный номер в реестре: 631611080370005<br\/>Вид объекта: Памятник архитектуры<br\/>Категория: Регионального значения<br\/>Время создания объекта: <br\/>Адрес: проезд 9 мая, д. 16, литеры Г,Г1,Г2,Г3<br\/>Документ принятия на охрану: Приказ Управления от 03.12.2015 №21<br\/>Границы территории: Приказ УГООК№ №21 от 23.10.2015 <br\/>Зона Охраны: ","votes":0,"styleName":"okn_point_regional"},"id":9389936},{"type":"Feature","geometry":{"type":"Point","coordinates":[50.1060743361,53.1971378527]},"properties":{"name":"Дом вдовы  чиновника А.А. Ястребова в 110 квартале","description":"Регистрационный номер в реестре: 631611022350005<br\/>Вид объекта: памятник архитектуры<br\/>Категория: Регионального значения<br\/>Время создания объекта: 1896-1917 гг.<br\/>Адрес: ул. Вилоновская, 26\/ул. Галактионовская, 143, литера А<br\/>Документ принятия на охрану: Постановление Правительства Самарской области от 29.12.2014 № 853<br\/>Границы территории: <br\/>Зона Охраны: ","votes":0,"styleName":"okn_point_regional"},"id":9389937},{"type":"Feature","geometry":{"type":"Point","coordinates":[50.0887469331,53.1905254883]},"properties":{"name":"Доходный дом Твардовского Владимира Иосифовича","description":"Регистрационный номер в реестре: 631611022330005<br\/>Вид объекта: памятник архитектуры<br\/>Категория: Регионального значения<br\/>Время создания объекта: 1910-е гг.<br\/>Адрес: ул. Степана Разина, 91\/ ул. Некрасовская, 17, литеры А, А1<br\/>Документ принятия на охрану: Постановление Правительства Самарской области от 25.11.2014 № 721<br\/>Границы территории: <br\/>Зона Охраны: ","votes":0,"styleName":"okn_point_regional"},"id":9389938},{"type":"Feature","geometry":{"type":"Point","coordinates":[50.0779614868,53.1854271314]},"properties":{"name":"Дом мещанки Р.А. Русиной","description":"Регистрационный номер в реестре: 631611022320005<br\/>Вид объекта: памятник градостроительства и архитектуры<br\/>Категория: Регионального значения<br\/>Время создания объекта: 1886 г.<br\/>Адрес: ул. Максима Горького, 75\/  ул. Пионерская, 2, литеры А, Б, В<br\/>Документ принятия на охрану: Постановление Правительства Самарской области от 29.12.2014 № 853<br\/>Границы территории: Приказ УГООКН 126 от 02.12.2016 <br\/>Зона Охраны: Приказ УГООКН 126 от 02.12.2016 ","votes":0,"styleName":"okn_point_regional"},"id":9389939},{"type":"Feature","geometry":{"type":"Point","coordinates":[50.1111148332,53.1905310951]},"properties":{"name":"Здание бывшей Шихобаловской богадельни с домовой церковью Серафима Саровского","description":"Регистрационный номер в реестре: 631611022310005<br\/>Вид объекта: памятник градостроительства и архитектуры<br\/>Категория: Регионального значения<br\/>Время создания объекта: 1893 г.<br\/>Адрес: ул. Красноармейская, 91\/Бр. Коростелевых, 104, литеры А, А1, А2, а1<br\/>Документ принятия на охрану: Постановление Правительства Сам.обл. от 29.12.2014 № 853<br\/>Границы территории: Приказ УГООКН №127 от 02.12.2016<br\/>Зона Охраны: Приказ УГООКН №127 от 02.12.2016","votes":0,"styleName":"okn_point_regional"},"id":9389940},{"type":"Feature","geometry":{"type":"Point","coordinates":[50.1079960909,53.1994236769]},"properties":{"name":"Дом Е.Н.Кошелевой","description":"Регистрационный номер в реестре: 631611022040005<br\/>Вид объекта: памятник градостроительства и архитектуры<br\/>Категория: Регионального значения<br\/>Время создания объекта: 1902 г.<br\/>Адрес: ул. Ульяновская, 14\/ Галактионовская, 171, литера А<br\/>Документ принятия на охрану: Постановление Правительства Самарской области от 25.11.2014  № 721<br\/>Границы территории: Приказ № 23 УГООКН от 03.12.15   Приказ № 39 УГООКН от 08.05.19   (изменение) <br\/>Зона Охраны: Приказ № 23 УГООКН от 03.12.15   Приказ № 39 УГООКН от 08.05.19   (изменение) ","votes":0,"styleName":"okn_point_regional"},"id":9389941},{"type":"Feature","geometry":{"type":"Point","coordinates":[50.0986026066,53.1944742732]},"properties":{"name":"Дом жилой офицерского состава на площади им. Куйбышева. Дом, в котором в квартире 11 жил в эвакуации Д.И. Ульянов в 1941-1943 годах (арх. П.А. Щербачев)","description":"Регистрационный номер в реестре: 631610914310005<br\/>Вид объекта: памятник градостроительства и архитектуры<br\/>Категория: Регионального значения<br\/>Время создания объекта: 1930-1932 гг.<br\/>Адрес: ул. Чапаевская, 178а-180, литера А<br\/>Документ принятия на охрану: Постановление Правительства Самарской области от 29.12.2014 № 853<br\/>Границы территории: Приказ № 23 УГООКН от 03.12.15 <br\/>Зона Охраны: Приказ № 23 УГООКН от 03.12.15 ","votes":0,"styleName":"okn_point_regional"},"id":9389942},{"type":"Feature","geometry":{"type":"Point","coordinates":[50.1019547719,53.1904855889]},"properties":{"name":"Дом Лебяжинских, арх. Г.Н. Мошков","description":"Регистрационный номер в реестре: 631610914300005<br\/>Вид объекта: памятник градостроительства и архитектуры<br\/>Категория: Регионального значения<br\/>Время создания объекта: 1907-1910 гг.<br\/>Адрес: ул. Льва Толстого, д. 70-72, литеры А, а, а1, Б<br\/>Документ принятия на охрану: Постановление Правительства Сам.обл. от 29.12.2014 № 853<br\/>Границы территории: <br\/>Зона Охраны: ","votes":0,"styleName":"okn_point_regional"},"id":9389943},{"type":"Feature","geometry":{"type":"Point","coordinates":[50.0880749504,53.1845899404]},"properties":{"name":"Дом Тареева  Дом, в котором помещалась редакция «Самарская газета», где работали М.Горький и другие писатели","description":"Регистрационный номер в реестре: 631610911600005<br\/>Вид объекта: памятник архитектуры и истории<br\/>Категория: Регионального значения<br\/>Время создания объекта: 1860-1870 гг.<br\/>Адрес: ул. Куйбышева, 73 (2)<br\/>Документ принятия на охрану: Р.ОИ от 06.05.87 г. № 165<br\/>Границы территории: Приказ № 23 УГООКН от 03.12.15 <br\/>Зона Охраны: Приказ № 23 УГООКН от 03.12.15 ","votes":0,"styleName":"okn_point_regional"},"id":9389944},{"type":"Feature","geometry":{"type":"Point","coordinates":[50.0885450241,53.1900858038]},"properties":{"name":"Дом А.И. Васильевой","description":"Регистрационный номер в реестре: 631610884030005<br\/>Вид объекта: памятник архитектуры<br\/>Категория: Регионального значения<br\/>Время создания объекта: 1883г.<br\/>Адрес: ул. Степана Разина, 87, литеры А, А1, А2<br\/>Документ принятия на охрану: Постановление Правительства Самарской области от 25.11.2014 № 721<br\/>Границы территории: <br\/>Зона Охраны: ","votes":0,"styleName":"okn_point_regional"},"id":9389945},{"type":"Feature","geometry":{"type":"Point","coordinates":[50.1006601336,53.1904125437]},"properties":{"name":"Дом П.Г. Вощакина ","description":"Регистрационный номер в реестре: 631610765550005<br\/>Вид объекта: памятник градостроительства и архитектуры<br\/>Категория: Регионального значения<br\/>Время создания объекта: 1903-1915 гг.<br\/>Адрес: ул. Галактионовская, 72\/ Толстого Л., 63, литеры А, А2<br\/>Документ принятия на охрану: Постановление Правительства Самарской области от 29.12.2014  № 853<br\/>Границы территории: <br\/>Зона Охраны: ","votes":0,"styleName":"okn_point_regional"},"id":9389946},{"type":"Feature","geometry":{"type":"Point","coordinates":[50.0907529131,53.1858177343]},"properties":{"name":"Жилой дом.  уточненное наименование Дом помощника присяжного поверенного   О.Г. Гиршфельда","description":"Регистрационный номер в реестре: 631610641300005<br\/>Вид объекта: памятник архитектуры<br\/>Категория: Регионального значения<br\/>Время создания объекта: кон. ХIХ в.<br\/>Адрес: ул. Фрунзе, 75 (во дворе)<br\/>Документ принятия на охрану: Р.ОИ от 06.05.87 г. № 165<br\/>Границы территории: Приказ министерства культуры Самарской области от 6.06.2012 г. № 8 <br\/>Зона Охраны: Приказ министерства культуры Самарской области от 6.06.2012 г. № 8 ","votes":0,"styleName":"okn_point_regional"},"id":9389947},{"type":"Feature","geometry":{"type":"Point","coordinates":[50.0895442595,53.1853454271]},"properties":{"name":"Дом купцов Летягиных","description":"Регистрационный номер в реестре: 631610641290005<br\/>Вид объекта: памятник градостроительства и архитектуры<br\/>Категория: Регионального значения<br\/>Время создания объекта: 1874г., 1898-1902 гг.<br\/>Адрес: ул. Фрунзе, 68\/  ул. Венцека, 34, литеры А, А1<br\/>Документ принятия на охрану: Постановление Правительства Самарской области от 25.11.2014 № 721<br\/>Границы территории: Приказ № 23 УГООКН от 03.12.15 <br\/>Зона Охраны: Приказ № 23 УГООКН от 03.12.15 ","votes":0,"styleName":"okn_point_regional"},"id":9389948},{"type":"Feature","geometry":{"type":"Point","coordinates":[50.0949149791,53.192254296]},"properties":{"name":"Жилой дом   уточненное наименование Усадьба  фон-Древиц-Красникова 1898 \u2013 1911 гг.","description":"Регистрационный номер в реестре: 631610641050005<br\/>Вид объекта: памятник архитектуры<br\/>Категория: Регионального значения<br\/>Время создания объекта: конец XIX века<br\/>Адрес: ул. Фрунзе, 143\/Толстого Л., 28<br\/>Документ принятия на охрану: Постанов. Главы адм-ции Сам.обл. от 27.03.92 г. № 77<br\/>Границы территории: <br\/>Зона Охраны: ","votes":0,"styleName":"okn_point_regional"},"id":9389949},{"type":"Feature","geometry":{"type":"Point","coordinates":[50.0932220126,53.1899056001]},"properties":{"name":"Жилой дом ","description":"Регистрационный номер в реестре: 631610640980005<br\/>Вид объекта: памятник архитектуры<br\/>Категория: Регионального значения<br\/>Время создания объекта: конец ХIХ в.<br\/>Адрес: ул. Фрунзе, 119\/Некрасова, 38<br\/>Документ принятия на охрану: Р.ОИ от 06.05.87 г. № 165<br\/>Границы территории: Приказ УГООКН №127 от 02.12.2016<br\/>Зона Охраны: Приказ УГООКН №127 от 02.12.2016","votes":0,"styleName":"okn_point_regional"},"id":9389950},{"type":"Feature","geometry":{"type":"Point","coordinates":[50.0985245336,53.1886740911]},"properties":{"name":"Торговый дом","description":"Регистрационный номер в реестре: 631610640590005<br\/>Вид объекта: памятник архитектуры<br\/>Категория: Регионального значения<br\/>Время создания объекта: нач. ХХ в.<br\/>Адрес: ул. Некрасова, 62<br\/>Документ принятия на охрану: Р.ОИ от 06.05.87 г. № 165<br\/>Границы территории: <br\/>Зона Охраны: ","votes":0,"styleName":"okn_point_regional"},"id":9389951},{"type":"Feature","geometry":{"type":"Point","coordinates":[50.0968992793,53.1890637293]},"properties":{"name":"Доходный дом ","description":"Регистрационный номер в реестре: 631610640570005<br\/>Вид объекта: памятник архитектуры<br\/>Категория: Регионального значения<br\/>Время создания объекта: нач. ХХ в.<br\/>Адрес: ул. Некрасова, 56<br\/>Документ принятия на охрану: Р.ОИ от 06.05.87 г. № 165<br\/>Границы территории: Приказ УГООКН 46 от 14.06.2016 <br\/>Зона Охраны: Приказ УГООКН 46 от 14.06.2016 ","votes":0,"styleName":"okn_point_regional"},"id":9389952},{"type":"Feature","geometry":{"type":"Point","coordinates":[50.0962548002,53.1886610522]},"properties":{"name":"Жилой дом ","description":"Регистрационный номер в реестре: 631610640560005<br\/>Вид объекта: памятник архитектуры<br\/>Категория: Регионального значения<br\/>Время создания объекта: конец ХIХ в.<br\/>Адрес: ул. Некрасова, 49<br\/>Документ принятия на охрану: Р.ОИ от 06.05.87 г. № 165<br\/>Границы территории: Приказ УГООКН 46 от 14.06.2016 <br\/>Зона Охраны: Приказ УГООКН 46 от 14.06.2016 ","votes":0,"styleName":"okn_point_regional"},"id":9389953},{"type":"Feature","geometry":{"type":"Point","coordinates":[50.0944822668,53.1897961977]},"properties":{"name":"Жилой дом ","description":"Регистрационный номер в реестре: 631610640550005<br\/>Вид объекта: памятник архитектуры<br\/>Категория: Регионального значения<br\/>Время создания объекта: 1900 г.<br\/>Адрес: ул. Некрасова, 46<br\/>Документ принятия на охрану: Р.ОИ то 06.05.87 г. № 165<br\/>Границы территории: Приказ № 23 УГООКН от 03.12.15 <br\/>Зона Охраны: Приказ № 23 УГООКН от 03.12.15 ","votes":0,"styleName":"okn_point_regional"},"id":9389954},{"type":"Feature","geometry":{"type":"Point","coordinates":[50.0945233227,53.1891450834]},"properties":{"name":"Жилой дом на усадьбе Н.Т. Дуравина","description":"Регистрационный номер в реестре: 631610640530005<br\/>Вид объекта: памятник архитектуры<br\/>Категория: Регионального значения<br\/>Время создания объекта: 1890-е гг.<br\/>Адрес: ул. Некрасовская, 39, литеры А,А1,А2<br\/>Документ принятия на охрану: Постановление Правительства Самарской области от 25.11.2014 № 721<br\/>Границы территории: <br\/>Зона Охраны: ","votes":0,"styleName":"okn_point_regional"},"id":9389955},{"type":"Feature","geometry":{"type":"Point","coordinates":[50.0937838782,53.1893621665]},"properties":{"name":"Жилой дом на усадьбе С.С. Арочкина","description":"Регистрационный номер в реестре: 631610640520005<br\/>Вид объекта: памятник архитектуры<br\/>Категория: Регионального значения<br\/>Время создания объекта: 1877 г.<br\/>Адрес: ул. Некрасовская, 33, литера А<br\/>Документ принятия на охрану: Постановление Правительства Самарской области от 25.11.2014  № 721<br\/>Границы территории: <br\/>Зона Охраны: ","votes":0,"styleName":"okn_point_regional"},"id":9389956},{"type":"Feature","geometry":{"type":"Point","coordinates":[50.0970745699,53.1885410596]},"properties":{"name":"Жилой дом","description":"Регистрационный номер в реестре: 631610640510005<br\/>Вид объекта: памятник истории и культуры<br\/>Категория: Регионального значения<br\/>Время создания объекта: 1909-1910 гг. начало ХХ вв.<br\/>Адрес: ул. Молодогвардейская, 98\/Некрасова, 55<br\/>Документ принятия на охрану: Р.ОИ от 06.05.87 г. № 165 <br\/>Границы территории: <br\/>Зона Охраны: ","votes":0,"styleName":"okn_point_regional"},"id":9389957},{"type":"Feature","geometry":{"type":"Point","coordinates":[50.0863452388,53.1841735698]},"properties":{"name":"Дом мещанина Башиева М.Х. с торговыми помещениями","description":"Регистрационный номер в реестре: 631610638640005<br\/>Вид объекта: памятник архитектуры<br\/>Категория: Регионального значения<br\/>Время создания объекта: 1856 г.<br\/>Адрес: ул. Куйбышева, 50, литеры А, А1<br\/>Документ принятия на охрану: Постановление Правительства Сам.обл. от 15.07.2014г. №394<br\/>Границы территории: Приказ УГООКН 29 от 06.04.2016 <br\/>Зона Охраны: ","votes":0,"styleName":"okn_point_regional"},"id":9389958},{"type":"Feature","geometry":{"type":"Point","coordinates":[50.0938113422,53.1906164241]},"properties":{"name":"Дом жилой","description":"Регистрационный номер в реестре: 631610638590005<br\/>Вид объекта: памятник градостроительства и архитектуры<br\/>Категория: Регионального значения<br\/>Время создания объекта: 1901 г.<br\/>Адрес: ул. Фрунзе, 129, литера А<br\/>Документ принятия на охрану: Постановление Правительства Самарской области от 29.12.2014 № 853<br\/>Границы территории: <br\/>Зона Охраны: ","votes":0,"styleName":"okn_point_regional"},"id":9389959},{"type":"Feature","geometry":{"type":"Point","coordinates":[50.0943712996,53.1927114548]},"properties":{"name":"Дом штабс-капитана Н.И. Залесова","description":"Регистрационный номер в реестре: 631610638580005<br\/>Вид объекта: памятник архитектуры и градостроительства<br\/>Категория: Регионального значения<br\/>Время создания объекта: 1899-1902 гг.<br\/>Адрес: ул. Фрунзе, 120, литера А<br\/>Документ принятия на охрану: Постановление Правительства Самарской области от 29.12.2014  № 853<br\/>Границы территории: <br\/>Зона Охраны: ","votes":0,"styleName":"okn_point_regional"},"id":9389960},{"type":"Feature","geometry":{"type":"Point","coordinates":[50.0863333011,53.181197673]},"properties":{"name":"Жилой дом","description":"Регистрационный номер в реестре: 631610638480005<br\/>Вид объекта: ансамбль архитектуры<br\/>Категория: Регионального значения<br\/>Время создания объекта: Нач. ХХ г.<br\/>Адрес: ул. Фрунзе, 28-30 <br\/>Документ принятия на охрану: Р.ОИ от 06.05.87 г. № 165<br\/>Границы территории: Приказ УГООКН №26 от 11.12.15 <br\/>Зона Охраны: Приказ УГООКН №26 от 11.12.15 ","votes":0,"styleName":"okn_point_regional"},"id":9389961},{"type":"Feature","geometry":{"type":"Point","coordinates":[50.1077683157,53.2015020366]},"properties":{"name":"Городская больница им. И.М. Плешанова (арх. Черноморченко, Волошинов)","description":"Регистрационный номер в реестре: 631610638450005<br\/>Вид объекта: памятник градостроительства и архитектуры<br\/>Категория: Регионального значения<br\/>Время создания объекта: 1902-1903 гг, 1914 г.<br\/>Адрес: ул. Молодогвардейская, 202, литера А<br\/>Документ принятия на охрану: Постановление Правительства Самарской области от 25.11.2014  № 721<br\/>Границы территории: Приказ УГООКН 47 от 20.06.2016 <br\/>Зона Охраны: Приказ УГООКН 47 от 20.06.2016 ","votes":0,"styleName":"okn_point_regional"},"id":9389962},{"type":"Feature","geometry":{"type":"Point","coordinates":[50.0936870864,53.1836890063]},"properties":{"name":"Дом В.Л. Шихобаловой","description":"Регистрационный номер в реестре: 631610638410005<br\/>Вид объекта: памятник градостроительства и архитектуры<br\/>Категория: Регионального значения<br\/>Время создания объекта: 1898 г.<br\/>Адрес: ул. Молодогвардейская, 54\/Венцека, 59, литера А<br\/>Документ принятия на охрану: Постановление Правительства Самарской области от 25.11.2014  № 721<br\/>Границы территории: <br\/>Зона Охраны: ","votes":0,"styleName":"okn_point_regional"},"id":9389963},{"type":"Feature","geometry":{"type":"Point","coordinates":[50.0980130625,53.1887234675]},"properties":{"name":"Дом Щетинкина","description":"Регистрационный номер в реестре: 631610638390005<br\/>Вид объекта: памятник архитектуры<br\/>Категория: Регионального значения<br\/>Время создания объекта: 1910 г.<br\/>Адрес: ул. Молодогвардейская, 67\/ Некрасова, 69<br\/>Документ принятия на охрану: Р.ОИ от 06.05.87 г. № 165<br\/>Границы территории: Приказ УГООКН 129 от 02.12.2016 г<br\/>Зона Охраны: ","votes":0,"styleName":"okn_point_regional"},"id":9389964},{"type":"Feature","geometry":{"type":"Point","coordinates":[50.1015233573,53.1914605761]},"properties":{"name":"Дом жилой на участке Рафаиловой Марии Николаевны","description":"Регистрационный номер в реестре: 631610638330005<br\/>Вид объекта: памятник градостроительства и архитектуры<br\/>Категория: Регионального значения<br\/>Время создания объекта: Конец XIX \u2013начало ХХ в.<br\/>Адрес: ул. Галактионовская, 82, литера А<br\/>Документ принятия на охрану: Постановление Правительства Самарской области от 29.12.2014  № 853<br\/>Границы территории: <br\/>Зона Охраны: ","votes":0,"styleName":"okn_point_regional"},"id":9389965},{"type":"Feature","geometry":{"type":"Point","coordinates":[50.0768529515,53.1841471617]},"properties":{"name":"Мукомольная мельница Стройкова и Якимова","description":"Регистрационный номер в реестре: 631610638310005<br\/>Вид объекта: памятник архитектуры<br\/>Категория: Регионального значения<br\/>Время создания объекта: 1903г.<br\/>Адрес: ул. М. Горького, 65-67<br\/>Документ принятия на охрану: Р.ОИ от 06.05.87 г. № 165<br\/>Границы территории: Приказ УГООКН 50 от 23.06.2016 <br\/>Зона Охраны: Приказ УГООКН 50 от 23.06.2016 ","votes":0,"styleName":"okn_point_regional"},"id":9389966},{"type":"Feature","geometry":{"type":"Point","coordinates":[50.0902526127,53.1912179257]},"properties":{"name":"Дом Н.П. Шахларева  (арх. К.Г. Макер)","description":"Регистрационный номер в реестре: 6,31610638150005E+29<br\/>Вид объекта: памятник градостроительства и архитектуры<br\/>Категория: Регионального значения<br\/>Время создания объекта: 1893 г.<br\/>Адрес: ул. Куйбышева, 106, литеры А, <br\/>Документ принятия на охрану: Постановление Правительства Сам.обл. от 31.10.2014 № 674<br\/>Границы территории: <br\/>Зона Охраны: ","votes":0,"styleName":"okn_point_regional"},"id":9389967},{"type":"Feature","geometry":{"type":"Point","coordinates":[50.0899936442,53.1886762367]},"properties":{"name":"Дом самарского купца 2-й гильдии, гласного Городской Думы (1892, 1895-1896, 1900) Головкина П.И. с торговыми помещениями","description":"Регистрационный номер в реестре: 631610638140005<br\/>Вид объекта: памятник архитектуры<br\/>Категория: Регионального значения<br\/>Время создания объекта: 1892, 1895-1896, 1900<br\/>Адрес: ул. Куйбышева, 105, литеры А, А1<br\/>Документ принятия на охрану: Постановление Правительства Сам.обл. от 15.07.2014г. №394<br\/>Границы территории: Приказ министерства культуры Самарской области от 6.06.2012 г. № 8 <br\/>Зона Охраны: Приказ министерства культуры Самарской области от 6.06.2012 г. № 8 ","votes":0,"styleName":"okn_point_regional"},"id":9389968},{"type":"Feature","geometry":{"type":"Point","coordinates":[50.101863258,53.1818065086]},"properties":{"name":"Жилой дом мещан Абрамовых А.И. и А.П","description":"Регистрационный номер в реестре: 631610638110005<br\/>Вид объекта: памятник архитектуры<br\/>Категория: Регионального значения<br\/>Время создания объекта: конец XIX-начало XX вв<br\/>Адрес: ул. Венцека, 109, литеры А, А1, а<br\/>Документ принятия на охрану: Постановление Правительства Самарской области от 25.11.2014 № 721<br\/>Границы территории: Приказ УГООКН №8 от 11.02.2016 <br\/>Зона Охраны: Приказ УГООКН №8 от 11.02.2016 ","votes":0,"styleName":"okn_point_regional"},"id":9389969},{"type":"Feature","geometry":{"type":"Point","coordinates":[50.1168457673,53.1870646688]},"properties":{"name":"Дом жилой на участке А.И. Климовой","description":"Регистрационный номер в реестре: 631610637780005<br\/>Вид объекта: памятник градостроительства и архитектуры<br\/>Категория: Регионального значения<br\/>Время создания объекта: начало ХХ в.<br\/>Адрес: ул. Льва Толстого, 142, литеры А, А1<br\/>Документ принятия на охрану: Постановление Правительства Сам.обл. от 29.12.2014 № 853<br\/>Границы территории: Приказ УГООКН 47 от 20.06.2016 <br\/>Зона Охраны: Приказ УГООКН 47 от 20.06.2016 ","votes":0,"styleName":"okn_point_regional"},"id":9389970},{"type":"Feature","geometry":{"type":"Point","coordinates":[50.0943288695,53.1863088832]},"properties":{"name":"Дом купца А.П. Пожидаева с интерьером","description":"Регистрационный номер в реестре: 631610637680005<br\/>Вид объекта: памятник архитектуры<br\/>Категория: Регионального значения<br\/>Время создания объекта: кон. XIX- нач. XX в.<br\/>Адрес: ул. Ленинградская, 53, литеры А, А1, Б, <br\/>Документ принятия на охрану: Постановление Правительства Сам.обл. от 31.10.2014 № 674<br\/>Границы территории: <br\/>Зона Охраны: ","votes":0,"styleName":"okn_point_regional"},"id":9389971},{"type":"Feature","geometry":{"type":"Point","coordinates":[50.0933982604,53.1871777114]},"properties":{"name":"Жилой дом ОГПУ","description":"Регистрационный номер в реестре: 631610637630005<br\/>Вид объекта: памятник архитектуры<br\/>Категория: Регионального значения<br\/>Время создания объекта: 1929-1931 г.<br\/>Адрес: ул. Ленинградская, 54\/ ул. Чапаевская, д. 104, литера А<br\/>Документ принятия на охрану: Постановление Правительства Сам.обл. от 15.07.2014г. №394<br\/>Границы территории: <br\/>Зона Охраны: ","votes":0,"styleName":"okn_point_regional"},"id":9389972},{"type":"Feature","geometry":{"type":"Point","coordinates":[50.0951002574,53.1862966167]},"properties":{"name":"Дом А.И. Суховской и А.С.Ивановой","description":"Регистрационный номер в реестре: 631610637610005<br\/>Вид объекта: памятник архитектуры<br\/>Категория: Регионального значения<br\/>Время создания объекта: 1880 \u2013е гг.<br\/>Адрес: ул. Ленинградская, 57, литера А, <br\/>Документ принятия на охрану: Постановление Правительства Сам.обл. от 31.10.2014 № 674<br\/>Границы территории: <br\/>Зона Охраны: ","votes":0,"styleName":"okn_point_regional"},"id":9389973},{"type":"Feature","geometry":{"type":"Point","coordinates":[50.0943268833,53.1869975737]},"properties":{"name":"Жилой дом с торговыми помещениями на усадьбе германского подданного Фридриха Вильгельмовича Петша","description":"Регистрационный номер в реестре: 631610637590005<br\/>Вид объекта: памятник архитектуры<br\/>Категория: Регионального значения<br\/>Время создания объекта: 1892 г.<br\/>Адрес: ул. Ленинградская, 58, литеры А, А1, А3<br\/>Документ принятия на охрану: Постановление Правительства Сам.обл. от 15.07.2014г. №394<br\/>Границы территории: <br\/>Зона Охраны: ","votes":0,"styleName":"okn_point_regional"},"id":9389974},{"type":"Feature","geometry":{"type":"Point","coordinates":[50.0974593393,53.1855706486]},"properties":{"name":"Торговые павильоны Гостиного Двора Троицкого рынка","description":"Регистрационный номер в реестре: 631610637550005<br\/>Вид объекта: памятник архитектуры<br\/>Категория: Регионального значения<br\/>Время создания объекта: 1881г., 1930-е гг. <br\/>Адрес: ул. Ленинградская, 69\/ ул. Галактионовская, 36, литера А<br\/>Документ принятия на охрану: Постановление Правительства Сам.обл. от 15.07.2014г. №394<br\/>Границы территории: <br\/>Зона Охраны: ","votes":0,"styleName":"okn_point_regional"},"id":9389975},{"type":"Feature","geometry":{"type":"Point","coordinates":[50.0953889099,53.1861832599]},"properties":{"name":"Жилой дом с лавкой на усадьбе С.Б.Сивинцева","description":"Регистрационный номер в реестре: 631610637540005<br\/>Вид объекта: памятник архитектуры<br\/>Категория: Регионального значения<br\/>Время создания объекта: 1907-1908 гг.<br\/>Адрес: ул. Ленинградская, 59\/ ул.Молодогвардейская, 74, литеры А,А1,А2, <br\/>Документ принятия на охрану: Постановление Правительства Сам.обл. от 31.10.2014 № 674<br\/>Границы территории: <br\/>Зона Охраны: ","votes":0,"styleName":"okn_point_regional"},"id":9389976},{"type":"Feature","geometry":{"type":"Point","coordinates":[50.0765142536,53.1703436746]},"properties":{"name":"Доходный дом  П.Н. Сапункова в За-Самарской слободе","description":"Регистрационный номер в реестре: 631610637510005<br\/>Вид объекта: памятник архитектуры<br\/>Категория: Регионального значения<br\/>Время создания объекта: 1901-1902 гг.<br\/>Адрес: ул. Главная, 4, литера А<br\/>Документ принятия на охрану: Постановление Правительства Самарской области от 21.01.2015 № 8<br\/>Границы территории: <br\/>Зона Охраны: ","votes":0,"styleName":"okn_point_regional"},"id":9389977},{"type":"Feature","geometry":{"type":"Point","coordinates":[50.0984497826,53.1854962893]},"properties":{"name":"Здание Городского общества","description":"Регистрационный номер в реестре: 631610637420005<br\/>Вид объекта: памятник архитектуры<br\/>Категория: Регионального значения<br\/>Время создания объекта: <br\/>Адрес: ул. Галактионовская, 37\/ ул. Ленинградская, 71, литера А<br\/>Документ принятия на охрану: Постановление Правительства Сам.обл. от 15.07.2014г. №394<br\/>Границы территории: <br\/>Зона Охраны: ","votes":0,"styleName":"okn_point_regional"},"id":9389978},{"type":"Feature","geometry":{"type":"Point","coordinates":[50.0891593411,53.1885696243]},"properties":{"name":"Дом купца Лошкарева. 1874 г. Здание, где размещались Кофейня и Кондитерская Смыслова, электрический театр «Модерн», биоскоп «Колизей». 1911-1918 гг.»","description":"Регистрационный номер в реестре: 631610637400005<br\/>Вид объекта: памятник архитектуры<br\/>Категория: Регионального значения<br\/>Время создания объекта: 1874г., 1889-1915гг.  2006 г.<br\/>Адрес: ул. Куйбышева, 84, литера А<br\/>Документ принятия на охрану: Постановление Правительства Сам.обл. от 31.10.2014 № 674<br\/>Границы территории: <br\/>Зона Охраны: ","votes":0,"styleName":"okn_point_regional"},"id":9389979},{"type":"Feature","geometry":{"type":"Point","coordinates":[50.0887234583,53.1878265401]},"properties":{"name":"Дом Т.С. Докучаевой с аркой ворот","description":"Регистрационный номер в реестре: 631610637340005<br\/>Вид объекта: памятник архитектуры<br\/>Категория: Регионального значения<br\/>Время создания объекта: до 1887 г. <br\/>Адрес: ул. Куйбышева, 80\/Ленинградская, 25, литеры А, А1, А2, а1, I, <br\/>Документ принятия на охрану: Постановление Правительства Сам.обл. от 31.10.2014 № 674<br\/>Границы территории: Приказ УГООКН 129 от 02.12.2016 г<br\/>Зона Охраны: ","votes":0,"styleName":"okn_point_regional"},"id":9389981},{"type":"Feature","geometry":{"type":"Point","coordinates":[50.1002917994,53.1886466904]},"properties":{"name":"Жилой дом на городской усадьбе Осокиной В.А., Баннова Ф.Ф.","description":"Регистрационный номер в реестре: 631610636930005<br\/>Вид объекта: памятник архитектуры<br\/>Категория: Регионального значения<br\/>Время создания объекта: вторая половина XIX в.<br\/>Адрес: ул. Галактионовская, 51, литера Б<br\/>Документ принятия на охрану: Постановление Правительства Самарской области от 25.11.2014  № 721<br\/>Границы территории: <br\/>Зона Охраны: ","votes":0,"styleName":"okn_point_regional"},"id":9389982},{"type":"Feature","geometry":{"type":"Point","coordinates":[50.0888680627,53.1869102209]},"properties":{"name":"Жилой дом на усадьбе купеческой семьи Никоновых: здание с торговыми помещениями, сдававшимися внаем","description":"Регистрационный номер в реестре: 631610634350005<br\/>Вид объекта: памятник архитектуры<br\/>Категория: Регионального значения<br\/>Время создания объекта: 1885 г.<br\/>Адрес: ул. Куйбышева, 89, литеры А,А1, <br\/>Документ принятия на охрану: Постановление Правительства Сам.обл. от 31.10.2014 № 674<br\/>Границы территории: <br\/>Зона Охраны: ","votes":0,"styleName":"okn_point_regional"},"id":9389983},{"type":"Feature","geometry":{"type":"Point","coordinates":[50.0844354007,53.1893148078]},"properties":{"name":"Дом Ильиных","description":"Регистрационный номер в реестре: 631610633870005<br\/>Вид объекта: памятник архитектуры<br\/>Категория: Регионального значения<br\/>Время создания объекта: конец XIX\u2013 начало ХХ вв.<br\/>Адрес: ул. Ленинградская, 4, литера, А<br\/>Документ принятия на охрану: Постановление Правительства Сам.обл. от 15.07.2014г. №394<br\/>Границы территории: <br\/>Зона Охраны: ","votes":0,"styleName":"okn_point_regional"},"id":9389984},{"type":"Feature","geometry":{"type":"Point","coordinates":[50.1011409767,53.1908111457]},"properties":{"name":"Доходный дом купца 2- гильдии Кирста В.В. с торговыми помещениями","description":"Регистрационный номер в реестре: 631610633770005<br\/>Вид объекта: памятник градостроительства и архитектуры<br\/>Категория: Регионального значения<br\/>Время создания объекта: конец XIX\u2013 начало ХХ вв.<br\/>Адрес: ул. Льва Толстого, 66\/ул. Галактионовская, 74, литера А<br\/>Документ принятия на охрану: Постановление Правительства Сам.обл. от 29.12.2014 № 853<br\/>Границы территории: <br\/>Зона Охраны: ","votes":0,"styleName":"okn_point_regional"},"id":9389985},{"type":"Feature","geometry":{"type":"Point","coordinates":[50.0839835685,53.1833198956]},"properties":{"name":"Доходный дом купчихи  А.Я. Покидышевой","description":"Регистрационный номер в реестре: 631610632860005<br\/>Вид объекта: Памятник архитектуры<br\/>Категория: Регионального значения <br\/>Время создания объекта: 1906 г.<br\/>Адрес: ул. Степана Разина, 37\/ ул. Пионерская, 23, литеры АА2А3<br\/>Документ принятия на охрану: Приказ Управления от 23.10.2015 №11<br\/>Границы территории: Приказ УГООК№ №11 от 23.10.2015 <br\/>Зона Охраны: Приказ УГООКН №11 от 23.10.2015 ","votes":0,"styleName":"okn_point_regional"},"id":9389986},{"type":"Feature","geometry":{"type":"Point","coordinates":[50.0882239261,53.1870688851]},"properties":{"name":"Жилой дом мещанина Петрова А.И. с квартирами и торговыми помещениями, сдававшимися внаем","description":"Регистрационный номер в реестре: 631610608140005<br\/>Вид объекта: памятник архитектуры<br\/>Категория: Регионального значения<br\/>Время создания объекта: 1902 г.<br\/>Адрес: ул. Куйбышева, 74, литеры А, А1, А2, А3, А4, А5<br\/>Документ принятия на охрану: Постановление Правительства Сам.обл. от 15.07.2014г. №394<br\/>Границы территории: Приказ № 23 УГООКН от 03.12.15 <br\/>Зона Охраны: Приказ № 23 УГООКН от 03.12.15 ","votes":0,"styleName":"okn_point_regional"},"id":9389987},{"type":"Feature","geometry":{"type":"Point","coordinates":[50.0908978284,53.1931621057]},"properties":{"name":"Старообрядческая церковь","description":"Регистрационный номер в реестре: 631610573540005<br\/>Вид объекта: памятник архитектуры (истории)<br\/>Категория: Регионального значения<br\/>Время создания объекта: 1903 г.<br\/>Адрес: ул. Толстого Л., 14 <br\/>Документ принятия на охрану: Р.ОИ от 08.06.88 г. № 238<br\/>Границы территории: Приказ министерства культуры Самарской области от 4.02.2015 г. № 5<br\/>Зона Охраны: Приказ министерства культуры Самарской области от 4.02.2015 г. № 5","votes":0,"styleName":"okn_point_regional"},"id":9389988},{"type":"Feature","geometry":{"type":"Point","coordinates":[50.0880749504,53.1845899404]},"properties":{"name":"Жилой дом  ","description":"Регистрационный номер в реестре: 631610521180005<br\/>Вид объекта: памятник архитектуры <br\/>Категория: Регионального значения<br\/>Время создания объекта: начало ХХ в.<br\/>Адрес: ул. Куйбышева, 73 (1)<br\/>Документ принятия на охрану: Р.ОИ от 06.05.87 г. № 165<br\/>Границы территории: Приказ УГООКН 129 от 02.12.2016 г<br\/>Зона Охраны: ","votes":0,"styleName":"okn_point_regional"},"id":9389989},{"type":"Feature","geometry":{"type":"Point","coordinates":[50.0873902443,53.1840306611]},"properties":{"name":"Дом Дукельского Э.И.","description":"Регистрационный номер в реестре: 631610498260005<br\/>Вид объекта: памятник архитектуры<br\/>Категория: Регионального значения<br\/>Время создания объекта: 1900 г.<br\/>Адрес: ул. Куйбышева, 65-67, литера Б<br\/>Документ принятия на охрану: Постановление Правительства Сам.обл. от 31.10.2014 № 674<br\/>Границы территории: <br\/>Зона Охраны: ","votes":0,"styleName":"okn_point_regional"},"id":9389990},{"type":"Feature","geometry":{"type":"Point","coordinates":[50.0873211259,53.1864494829]},"properties":{"name":"Гостиничный комплекс купца 1-ой гильдии Аннаева Е.Н. с рестораном и винным погребом","description":"Регистрационный номер в реестре: 631610431570005<br\/>Вид объекта: памятник архитектуры<br\/>Категория: Регионального значения<br\/>Время создания объекта: 1855 г., надстройка до пяти этажей 1935-1936 гг<br\/>Адрес: ул. Куйбышева, 66, литеры А, А1, А2, А3<br\/>Документ принятия на охрану: Постановление Правительства Сам.обл. от 15.07.2014г. №394<br\/>Границы территории: Приказ УГООКН 46 от 14.06.2016 <br\/>Зона Охраны: Приказ УГООКН 46 от 14.06.2016 ","votes":0,"styleName":"okn_point_regional"},"id":9389991},{"type":"Feature","geometry":{"type":"Point","coordinates":[50.0828597912,53.1864894431]},"properties":{"name":"Жилой дом и флигель самарских купцов Мясниковых","description":"Регистрационный номер в реестре: 631520767340005<br\/>Вид объекта: ансамбль архитектуры<br\/>Категория: Регионального значения<br\/>Время создания объекта: конец XIX \u2013начало XX<br\/>Адрес: ул. Алексея Толстого, 80\/ул. Венцека, 15-17, литеры А, Б<br\/>Документ принятия на охрану: Постановление Правительства Самарской области от 25.11.2014  № 721<br\/>Границы территории: Приказ УГООКН 29 от 06.04.2016<br\/>Зона Охраны: ","votes":0,"styleName":"okn_point_regional"},"id":9389992},{"type":"Feature","geometry":{"type":"Point","coordinates":[50.0909827223,53.1849316706]},"properties":{"name":"Городская усадьба: дом мещанки Беляевой (по улице) и два дома мещанина Молчанова (во дворе)","description":"Регистрационный номер в реестре: 631520291010005<br\/>Вид объекта: ансамбль архитектуры<br\/>Категория: Регионального значения<br\/>Время создания объекта: конец XIX-начало XX вв<br\/>Адрес: ул. Венцека, 40, литеры А, А2, А3<br\/>Документ принятия на охрану: Постановление Правительства Самарской области от 25.11.2014  № 721<br\/>Границы территории: Приказ УГООКН №8 от 11.02.2016 <br\/>Зона Охраны: Приказ УГООКН №8 от 11.02.2016 ","votes":0,"styleName":"okn_point_regional"},"id":9389993},{"type":"Feature","geometry":{"type":"Point","coordinates":[50.0804517215,53.1811989686]},"properties":{"name":"Госпиталь с аптекой                      (усадьба Ушакова А.К.)","description":"Регистрационный номер в реестре: 631520289650005<br\/>Вид объекта: ансамбль архитектуры<br\/>Категория: Регионального значения<br\/>Время создания объекта: около  1890 г. <br\/>Адрес: ул. Алексея Толстого, 27\/ ул. Степана Разина, 30, сквозной,  литеры А, В<br\/>Документ принятия на охрану: Постановление Правительства Самарской обл. от 15.07.2014 г. № 394<br\/>Границы территории: <br\/>Зона Охраны: ","votes":0,"styleName":"okn_point_regional"},"id":9389994},{"type":"Feature","geometry":{"type":"Point","coordinates":[50.0882460683,53.1874085954]},"properties":{"name":"Доходный дом мещанина Афанасьева Е.Ф. (Паньшина)","description":"Регистрационный номер в реестре: 631511022390005<br\/>Вид объекта: памятник архитектуры<br\/>Категория: Регионального значения<br\/>Время создания объекта: 1881-1882 гг. <br\/>Адрес: ул. Куйбышева, 76, литеры А, А1, А2<br\/>Документ принятия на охрану: Постановление Правительства Сам.обл. от 15.07.2014г. №394<br\/>Границы территории: Приказ № 23 УГООКН от 03.12.15 <br\/>Зона Охраны: Приказ № 23 УГООКН от 03.12.15 ","votes":0,"styleName":"okn_point_regional"},"id":9389995},{"type":"Feature","geometry":{"type":"Point","coordinates":[50.0803465592,53.1827479353]},"properties":{"name":"Жилой дом с мезонином   уточненное наименование Особняк А.Н. Чемодурова","description":"Регистрационный номер в реестре: 631510640500005<br\/>Вид объекта: памятник архитектуры<br\/>Категория: Регионального значения<br\/>Время создания объекта: середина XIX века<br\/>Адрес: ул. Толстого А., 40<br\/>Документ принятия на охрану: Пост. Гл. адм.Сам. обл. от 27.03.92г. №77<br\/>Границы территории: Приказ УГООКН 29 от 06.04.2016 <br\/>Зона Охраны: ","votes":0,"styleName":"okn_point_regional"},"id":9389996},{"type":"Feature","geometry":{"type":"Point","coordinates":[50.0940265143,53.1842171103]},"properties":{"name":"Дом Я.Г. Соколова, включавший помещения торгового и жилого назначения","description":"Регистрационный номер в реестре: 631510293340005<br\/>Вид объекта: памятник архитектуры<br\/>Категория: Регионального значения<br\/>Время создания объекта: вторая половина XIX в.<br\/>Адрес: ул. Венцека, 50\/ул. Молодогвардейская, 56, литеры А, А1, а, Е, Е1, И, Ж<br\/>Документ принятия на охрану: Постановление Правительства Самарской области от 29.12.2014  № 853<br\/>Границы территории: <br\/>Зона Охраны: ","votes":0,"styleName":"okn_point_regional"},"id":9389997},{"type":"Feature","geometry":{"type":"Point","coordinates":[50.0959129785,53.1837060656]},"properties":{"name":"Бывшая губернская типография","description":"Регистрационный номер в реестре: 631510293300005<br\/>Вид объекта: памятник архитектуры<br\/>Категория: Регионального значения<br\/>Время создания объекта: конец XIX-начало XX вв<br\/>Адрес: ул. Венцека, 60\/ул. Галактионовская, 22, литеры А, А1, А2, А3, А4, а, а1<br\/>Документ принятия на охрану: Постановление Правительства Самарской области от 25.11.2014  № 721<br\/>Границы территории: Приказ УГООКН №8 от 11.02.2016 <br\/>Зона Охраны: Приказ УГООКН №8 от 11.02.2016 ","votes":0,"styleName":"okn_point_regional"},"id":9389998},{"type":"Feature","geometry":{"type":"Point","coordinates":[50.0841207008,53.187002864]},"properties":{"name":"Здание магометанской школы (медресе) и молитвенного магометанского дома (мечеть) Первого прихода по ул. Казанской Самарского Магометанского общества","description":"Регистрационный номер в реестре: 631510292650005<br\/>Вид объекта: ансамбль архитектуры<br\/>Категория: Регионального значения<br\/>Время создания объекта: 1896 г., 1900 г. <br\/>Адрес: ул. Алексея Толстого, 61, литеры АА1<br\/>Документ принятия на охрану: Постановление Правительства Самарской области № 376 от 08.08.2013<br\/>Границы территории: <br\/>Зона Охраны: ","votes":0,"styleName":"okn_point_regional"},"id":9389999},{"type":"Feature","geometry":{"type":"Point","coordinates":[50.0847360174,53.1864739596]},"properties":{"name":"Дом П.В. Камолиной","description":"Регистрационный номер в реестре: 631510291100005<br\/>Вид объекта: памятник градостроительства и архитектуры<br\/>Категория: Регионального значения<br\/>Время создания объекта: 1903-1915 гг.<br\/>Адрес: ул. Венцека, 22, литера А<br\/>Документ принятия на охрану: Постановление Правительства Самарской области от 29.12.2014  № 853<br\/>Границы территории: <br\/>Зона Охраны: ","votes":0,"styleName":"okn_point_regional"},"id":9390000},{"type":"Feature","geometry":{"type":"Point","coordinates":[50.0796440268,53.1815310579]},"properties":{"name":"Дом почетного гражданина Щелокова А.Н.","description":"Регистрационный номер в реестре: 631510290820005<br\/>Вид объекта: ансамбль архитектуры<br\/>Категория: Регионального значения<br\/>Время создания объекта: середина ХIХ в. <br\/>Адрес: ул. Алексея Толстого, 32-34, литеры А, Б<br\/>Документ принятия на охрану: Постановление Правительства Самарской обл. от 15.07.2014 г. № 394<br\/>Границы территории: <br\/>Зона Охраны: ","votes":0,"styleName":"okn_point_regional"},"id":9390001},{"type":"Feature","geometry":{"type":"Point","coordinates":[50.0847660864,53.1892577191]},"properties":{"name":"Усадьба мещанина Уласова Ф.С.","description":"Регистрационный номер в реестре: 631510290780005<br\/>Вид объекта: ансамбль градостроительства и архитектуры<br\/>Категория: Регионального значения<br\/>Время создания объекта: 1894г.<br\/>Адрес: ул. Алексея Толстого, 114\/ Ленинградская, 6, литеры А, Б, В, Г<br\/>Документ принятия на охрану: Постановление Правительства Самарской области от 25.11.2014  № 721<br\/>Границы территории: <br\/>Зона Охраны: ","votes":0,"styleName":"okn_point_regional"},"id":9390002},{"type":"Feature","geometry":{"type":"Point","coordinates":[50.0855385473,53.1902736819]},"properties":{"name":"Дом купца О.К. Полуэктова","description":"Регистрационный номер в реестре: 631510289990005<br\/>Вид объекта: памятник архитектуры<br\/>Категория: Регионального значения<br\/>Время создания объекта: 1880-е гг.<br\/>Адрес: ул. Алексея Толстого, 118-120, литера А<br\/>Документ принятия на охрану: Постановление Правительства Самарской области от 25.11.2014  № 721<br\/>Границы территории: <br\/>Зона Охраны: ","votes":0,"styleName":"okn_point_regional"},"id":9390003},{"type":"Feature","geometry":{"type":"Point","coordinates":[50.0861450975,53.1911361748]},"properties":{"name":"Торговая баня М.А. Чаковского","description":"Регистрационный номер в реестре: 631510289550005<br\/>Вид объекта: памятник архитектуры<br\/>Категория: Регионального значения<br\/>Время создания объекта: 1885-1889 гг.<br\/>Адрес: ул. Алексея Толстого, 124\/  ул. Некрасовская, 1\/ул. Максима Горького, 123, литеры А, Б<br\/>Документ принятия на охрану: Постановление Правительства Самарской области от 25.11.2014  № 721<br\/>Границы территории: <br\/>Зона Охраны: ","votes":0,"styleName":"okn_point_regional"},"id":9390004},{"type":"Feature","geometry":{"type":"Point","coordinates":[50.0968265364,53.1917589406]},"properties":{"name":"Жилой дом   уточненное наименование Дом купца II гильдии Егорова П.Е.","description":"Регистрационный номер в реестре: 631510280640005<br\/>Вид объекта: памятник архитектуры<br\/>Категория: Регионального значения<br\/>Время создания объекта: 1900г.<br\/>Адрес: ул. Чапаевская, 150\/Толстого Л., 42<br\/>Документ принятия на охрану: Р.ОИ от 06.05.87 г. № 165 <br\/>Границы территории: Приказ УГООКН 50 от 23.06.2016 <br\/>Зона Охраны: Приказ УГООКН 50 от 23.06.2016 ","votes":0,"styleName":"okn_point_regional"},"id":9390005},{"type":"Feature","geometry":{"type":"Point","coordinates":[50.107520274,53.1990954156]},"properties":{"name":"Здание Второй женской гимназии (арх. Ф.П. Засухин)","description":"Регистрационный номер в реестре: 631510280520005<br\/>Вид объекта: памятник градостроительства и архитектуры<br\/>Категория: Регионального значения<br\/>Время создания объекта: 1898г.<br\/>Адрес: ул. Ульяновская, 23\/ул. Галактионовская, 169, литера Б<br\/>Документ принятия на охрану: Постановление Правительства Самарской области от 25.11.2014 № 721<br\/>Границы территории: Приказ УГООКН №12 от 23.10.2015<br\/>Зона Охраны: Приказ УГООКН №12 от 23.10.2015","votes":0,"styleName":"okn_point_regional"},"id":9390006},{"type":"Feature","geometry":{"type":"Point","coordinates":[50.1621407991,53.2248887741]},"properties":{"name":"Здание, бывшей кумысолечебницы Н.В. Постникова.  Сад Кумысолечебницы Постникова","description":"Регистрационный номер в реестре: 631510280220005<br\/>Вид объекта: памятник истории<br\/>Категория: Регионального значения   <br\/>Время создания объекта: 1858 г., 1910 г.    1858г.<br\/>Адрес: ул. Ново-Садовая, 154    Овраг Подпольщиков  <br\/>Документ принятия на охрану: Р.ОИ от 06.05.87 г. № 165,   Р.ОИ 08.06.88 г.    № 237<br\/>Границы территории: Приказ министерства культуры Самарской области от 6.06.2012 г. № 8 Приказ УГООКН №10 от 23.10.2015  <br\/>Зона Охраны: Приказ министерства культуры Самарской области от 6.06.2012 г. № 8 Приказ УГООКН №10 от 23.10.2015  ","votes":0,"styleName":"okn_point_regional"},"id":9390007},{"type":"Feature","geometry":{"type":"Point","coordinates":[50.097526428,53.191718146]},"properties":{"name":"Жилой дом  уточненное наименование Книжный магазин братьев Г.Я. и Ф.Я.Риль","description":"Регистрационный номер в реестре: 631510278590005<br\/>Вид объекта: памятник архитектуры<br\/>Категория: Регионального значения<br\/>Время создания объекта: 1900 г.<br\/>Адрес: ул. Чапаевская, 155\/Толстого Л., 44<br\/>Документ принятия на охрану: Р.ОИ от 06.05.87 г. № 165<br\/>Границы территории: Приказ УГООКН 129 от 02.12.2016 г<br\/>Зона Охраны: ","votes":0,"styleName":"okn_point_regional"},"id":9390008},{"type":"Feature","geometry":{"type":"Point","coordinates":[50.0930684632,53.1865675245]},"properties":{"name":"Дом жилой на участке Ф.И. Нуйчева","description":"Регистрационный номер в реестре: 631510274650005<br\/>Вид объекта: памятник архитектуры<br\/>Категория: Регионального значения<br\/>Время создания объекта: 1870-1871 гг.<br\/>Адрес: ул. Чапаевская, 100, литеры А, А1, А2<br\/>Документ принятия на охрану: Постановление Правительства Самарской области от 29.12.2014 № 853<br\/>Границы территории: <br\/>Зона Охраны: ","votes":0,"styleName":"okn_point_regional"},"id":9390009},{"type":"Feature","geometry":{"type":"Point","coordinates":[50.0936673879,53.1874605726]},"properties":{"name":"Дом, в котором находилась подпольная типография Восточного бюро ЦК РСДРП в 1905г.","description":"Регистрационный номер в реестре: 631510271200005<br\/>Вид объекта: памятник истории и культуры<br\/>Категория: Регионального значения<br\/>Время создания объекта: 1905 г.<br\/>Адрес: ул. Чапаевская, 106-108<br\/>Документ принятия на охрану: Р.ОИ от 19.11.66. № 617<br\/>Границы территории: Приказ УГООКН 50 от 23.06.2016 <br\/>Зона Охраны: Приказ УГООКН 50 от 23.06.2016 ","votes":0,"styleName":"okn_point_regional"},"id":9390010},{"type":"Feature","geometry":{"type":"Point","coordinates":[50.0837092972,53.1840178889]},"properties":{"name":"Жилой дом на участке Афанасьевой А.А.","description":"Регистрационный номер в реестре: 631510269220005 Приказ МКРФ №715-р от 17.06.2015<br\/>Вид объекта: памятник архитектуры<br\/>Категория: Регионального значения<br\/>Время создания объекта: 1900-1930-е гг.<br\/>Адрес: ул. Степана Разина, 48\/ ул. Пионерская, 28, литеры А, А1<br\/>Документ принятия на охрану: Постановление Правительства Сам.обл. от 15.07.2014г. №394<br\/>Границы территории: Приказ УГООКН 29 от 06.04.2016<br\/>Зона Охраны: ","votes":0,"styleName":"okn_point_regional"},"id":9390011},{"type":"Feature","geometry":{"type":"Point","coordinates":[50.0967508424,53.1834804741]},"properties":{"name":"Доходный дом купцов Гиляновых","description":"Регистрационный номер в реестре: 631510269170005<br\/>Вид объекта: памятник архитектуры<br\/>Категория: Регионального значения<br\/>Время создания объекта: вторая половина XIX в.<br\/>Адрес: ул. Венцека, 62\/ул. Галактионовская, 23, литеры А, А1, А4<br\/>Документ принятия на охрану: Постановление Правительства Самарской области от 25.11.2014 № 721<br\/>Границы территории: Приказ УГООКН 50 от 23.06.2016 <br\/>Зона Охраны: Приказ УГООКН 50 от 23.06.2016 ","votes":0,"styleName":"okn_point_regional"},"id":9390012},{"type":"Feature","geometry":{"type":"Point","coordinates":[50.107520274,53.1990954156]},"properties":{"name":"Дом Юрина Е.О. (арх. Щербачев А.А.)","description":"Регистрационный номер в реестре: 631510269000005<br\/>Вид объекта: памятник градостроительства и архитектуры<br\/>Категория: Регионального значения<br\/>Время создания объекта: 1903г.<br\/>Адрес: ул. Ульяновская, 23\/ Галактионовская, 169, литера А<br\/>Документ принятия на охрану: Постановление Правительства Самарской области от 25.11.2014  № 721<br\/>Границы территории: Приказ УГООКН №12 от 23.10.2015<br\/>Зона Охраны: Приказ УГООКН №12 от 23.10.2015","votes":0,"styleName":"okn_point_regional"},"id":9390013},{"type":"Feature","geometry":{"type":"Point","coordinates":[50.0984966037,53.1956509817]},"properties":{"name":"Гарнизонный Дом офицеров               г. Самары (арх. П.А. Щербачев)","description":"Регистрационный номер в реестре: 631510268770005<br\/>Вид объекта: памятник градостроительства и архитектуры<br\/>Категория: Регионального значения<br\/>Время создания объекта: 1930-1932 гг.<br\/>Адрес: ул. Шостаковича, 7, литеры А, А1, А2, А3, А4, А5, А6, А10, А18, А19, А21, А22<br\/>Документ принятия на охрану: Постановление Правительства Самарской области от 25.11.2014  № 721<br\/>Границы территории: Приказ УГООКН №12 от 23.10.2015<br\/>Зона Охраны: Приказ УГООКН №12 от 23.10.2015","votes":0,"styleName":"okn_point_regional"},"id":9390014},{"type":"Feature","geometry":{"type":"Point","coordinates":[50.0929218348,53.1912348481]},"properties":{"name":"Дом полицейского управления  Здание, в котором с декабря 1917 г. по июнь 1918 г. находился штаб охраны города Самара","description":"Регистрационный номер в реестре: 631510266980005<br\/>Вид объекта: памятник архитектуры и истории<br\/>Категория: Регионального значения<br\/>Время создания объекта: 1860-1870 гг.  1917-1918 гг.<br\/>Адрес: ул. Фрунзе, 112  уточненный адрес:  ул. Фрунзе, 112, литеры А,А1,Б,Б1,В (фрагмент юго-западной стены)<br\/>Документ принятия на охрану: Р.ОИ от 06.05.87 г. № 165  Р.ОИ от 15.05.81 г. № 22  Приказ об уточнении УГООКН №50 от 24.04.2017<br\/>Границы территории: Приказ УГООКН 22 от 01.03.2016 <br\/>Зона Охраны: Приказ УГООКН 22 от 01.03.2016 ","votes":0,"styleName":"okn_point_regional"},"id":9390015},{"type":"Feature","geometry":{"type":"Point","coordinates":[50.1315966245,53.1798991605]},"properties":{"name":"Церковь Михаила Архангела","description":"Регистрационный номер в реестре: 631510266570005 Приказ МКРФ №482-р от 02.07.2015<br\/>Вид объекта: памятник архитектуры<br\/>Категория: Регионального значения<br\/>Время создания объекта: 1915<br\/>Адрес: п. Шмидта, Новогородская, 1, литеры А,а1,а2<br\/>Документ принятия на охрану: Постановление Правительства Самарской области от 21.01.2015 № 8<br\/>Границы территории: <br\/>Зона Охраны: ","votes":0,"styleName":"okn_point_regional"},"id":9390016},{"type":"Feature","geometry":{"type":"Point","coordinates":[50.0843765864,53.1853665954]},"properties":{"name":"Спасо-Вознесенский («Старый») Собор","description":"Регистрационный номер в реестре: 631510266390005 Приказ МКРФ №483-р от 02.07.2015<br\/>Вид объекта: памятник архитектуры<br\/>Категория: Регионального значения<br\/>Время создания объекта: Начало ХХ в.<br\/>Адрес: ул. Степана Разина, 78, литеры 1, 11<br\/>Документ принятия на охрану: Постановление Правительства Сам.обл. от 29.12.2014 № 853<br\/>Границы территории: Приказ УГООКН 31 от 06.04.2016<br\/>Зона Охраны: Приказ УГООКН 31 от 06.04.2016","votes":0,"styleName":"okn_point_regional"},"id":9390017},{"type":"Feature","geometry":{"type":"Point","coordinates":[50.091237989,53.1917192044]},"properties":{"name":"Дом личного почетного гражданина города Самары А.Г.Жоголева","description":"Регистрационный номер в реестре: 631510202320005<br\/>Вид объекта: памятник градостроительства и архитектуры<br\/>Категория: Регионального значения<br\/>Время создания объекта: 1901 г.<br\/>Адрес: ул. Куйбышева, 110, литер А<br\/>Документ принятия на охрану: Постановление Правительства Сам.обл. от 31.10.2014 № 674<br\/>Границы территории: <br\/>Зона Охраны: ","votes":0,"styleName":"okn_point_regional"},"id":9390018},{"type":"Feature","geometry":{"type":"Point","coordinates":[50.0957365006,53.1948718916]},"properties":{"name":"2-я мужская гимназия ","description":"Регистрационный номер в реестре: 631510197300005<br\/>Вид объекта: памятник архитектуры<br\/>Категория: Регионального значения<br\/>Время создания объекта: 1908 г.,<br\/>Адрес: ул. Фрунзе, 138\/Красноармейская, 6 <br\/>Документ принятия на охрану: Р.ОИ от 06.05.87 г. № 165<br\/>Границы территории: Приказ УГООКН №12 от 23.10.2015<br\/>Зона Охраны: Приказ УГООКН №12 от 23.10.2015","votes":0,"styleName":"okn_point_regional"},"id":9390020},{"type":"Feature","geometry":{"type":"Point","coordinates":[50.1043599987,53.1896217204]},"properties":{"name":"Дом Юрина","description":"Регистрационный номер в реестре: 631410642020005<br\/>Вид объекта: памятник архитектуры<br\/>Категория: Регионального значения<br\/>Время создания объекта: 1900 г.<br\/>Адрес: ул. Толстого Л., 83<br\/>Документ принятия на охрану: Р.ОИ от 06.05.87 г. № 165<br\/>Границы территории: Приказ УГООКН 129 от 02.12.2016 г<br\/>Зона Охраны: ","votes":0,"styleName":"okn_point_regional"},"id":9390021},{"type":"Feature","geometry":{"type":"Point","coordinates":[50.0852946255,53.1814152262]},"properties":{"name":"Жилой дом   уточненное наименование Усадьба с доходным домом во дворе","description":"Регистрационный номер в реестре: 631410640880005<br\/>Вид объекта: памятник архитектуры<br\/>Категория: Регионального значения<br\/>Время создания объекта: начало ХХ в. <br\/>Адрес: ул. Куйбышева, 31   (без литеры Б)<br\/>Документ принятия на охрану: Р.ОИ от 06.05.87 г. № 165<br\/>Границы территории: <br\/>Зона Охраны: ","votes":0,"styleName":"okn_point_regional"},"id":9390022},{"type":"Feature","geometry":{"type":"Point","coordinates":[50.0935231064,53.1833967193]},"properties":{"name":"Дом мещанина Шишкина И.Я.","description":"Регистрационный номер в реестре: 631410181350005<br\/>Вид объекта: памятник архитектуры<br\/>Категория: Регионального значения<br\/>Время создания объекта: <br\/>Адрес: ул. Молодогвардейская, 52, литера А<br\/>Документ принятия на охрану: Р.ОИ от 06.05.87 г. № 165  Приказ УГООКН от 07.06.2016 № 44<br\/>Границы территории: Приказ № 23 УГООКН от 03.12.15 <br\/>Зона Охраны: Приказ № 23 УГООКН от 03.12.15 ","votes":0,"styleName":"okn_point_regional"},"id":9390023},{"type":"Feature","geometry":{"type":"Point","coordinates":[50.0750587085,53.1829943231]},"properties":{"name":"Пристанские склады ","description":"Регистрационный номер в реестре: 631410167190005<br\/>Вид объекта: ансамбль архитектуры<br\/>Категория: Регионального значения<br\/>Время создания объекта: 1910г.<br\/>Адрес: ул. Горького М., 98<br\/>Документ принятия на охрану: Р.ОИ от 06.05.87 г. № 165<br\/>Границы территории: Приказ УГООКН №127 от 02.12.2016<br\/>Зона Охраны: Приказ УГООКН №127 от 02.12.2016","votes":0,"styleName":"okn_point_regional"},"id":9390024},{"type":"Feature","geometry":{"type":"Point","coordinates":[50.0907891544,53.1845973759]},"properties":{"name":"Дом купчихи А.А. Юриной","description":"Регистрационный номер в реестре: 631410153350005 Приказ МК РФ №1050 от 22.04.2015<br\/>Вид объекта: памятник архитектуры<br\/>Категория: Регионального значения<br\/>Время создания объекта: 1900-1901 гг.<br\/>Адрес: ул. Венцека, 49, литеры А,А1<br\/>Документ принятия на охрану: Постановление Правительства Самарской области от 25.11.2014  № 721<br\/>Границы территории: <br\/>Зона Охраны: ","votes":0,"styleName":"okn_point_regional"},"id":9390025},{"type":"Feature","geometry":{"type":"Point","coordinates":[50.0876155038,53.1837864409]},"properties":{"name":"Дом Комаровых","description":"Регистрационный номер в реестре: 631410146770005<br\/>Вид объекта: памятник градостроительства и архитектуры<br\/>Категория: Регионального значения<br\/>Время создания объекта: конец ХIХ в<br\/>Адрес: ул. Куйбышева, 61-63, литера А<br\/>Документ принятия на охрану: Постановление Правительства Сам.обл. от 31.10.2014 № 674<br\/>Границы территории: <br\/>Зона Охраны: ","votes":0,"styleName":"okn_point_regional"},"id":9390026},{"type":"Feature","geometry":{"type":"Point","coordinates":[50.1083553164,53.2008845292]},"properties":{"name":"Здание учебного корпуса Самарского аэрокосмического университета имени академика С.П.Королева","description":"Регистрационный номер в реестре: 631410142950005 Приказ МКРФ №1038 от 21.04.2015<br\/>Вид объекта: памятник истории и культуры<br\/>Категория:    Регионального значения<br\/>Время создания объекта: 1912г.  1911-1913 гг.<br\/>Адрес: ул.Молодогвардейская, 151, литера А, А1<br\/>Документ принятия на охрану: Р.ОИ от 06.05.87 г. № 165  Приказ МК СО от 25.03.2014 № 28 (об уточнении данных)<br\/>Границы территории: Приказ УГООКН №12 от 23.10.2015<br\/>Зона Охраны: Приказ УГООКН №12 от 23.10.2015","votes":0,"styleName":"okn_point_regional"},"id":9390027},{"type":"Feature","geometry":{"type":"Point","coordinates":[50.0988464962,53.1912903282]},"properties":{"name":"Жилой дом","description":"Регистрационный номер в реестре: 631410139560005<br\/>Вид объекта: памятник архитектуры<br\/>Категория: Регионального значения<br\/>Время создания объекта: нач ХХ в.<br\/>Адрес: ул. Молодогвардейская, 126\/Толстого Л., 56 <br\/>Документ принятия на охрану: Р.ОИ от 06.05.87 г. № 165<br\/>Границы территории: Приказ № 23 УГООКН от 03.12.15 <br\/>Зона Охраны: Приказ № 23 УГООКН от 03.12.15 ","votes":0,"styleName":"okn_point_regional"},"id":9390028},{"type":"Feature","geometry":{"type":"Point","coordinates":[50.0889853328,53.1870858217]},"properties":{"name":"Дом Смирнова. Дом, в котором с декабря 1895 г. по май 1896 г. жил М.Горький.","description":"Регистрационный номер в реестре: 631410132850005<br\/>Вид объекта: памятник истории и культуры<br\/>Категория: Регионального значения<br\/>Время создания объекта: 1868 г.,1898 г.<br\/>Адрес: ул. Куйбышева, 91, литера А.<br\/>Документ принятия на охрану: Р.ОИ от 06.05.87 г. № 165 <br\/>Границы территории: Приказ № 23 УГООКН от 03.12.15 <br\/>Зона Охраны: Приказ № 23 УГООКН от 03.12.15 ","votes":0,"styleName":"okn_point_regional"},"id":9390029},{"type":"Feature","geometry":{"type":"Point","coordinates":[50.0879581253,53.1866608588]},"properties":{"name":"Азовско-Донской банк  уточненное наименование Дом самарского купца 1-ой гильдии М.Л.Бобермана с помещениями Азовско-Донского Коммерческого Банка. Дома купцов Кожевниковых ","description":"Регистрационный номер в реестре: 631410118940005<br\/>Вид объекта: памятник архитектуры<br\/>Категория: Регионального значения<br\/>Время создания объекта: 1848 -1900 г.<br\/>Адрес: ул. Куйбышева, 68-70<br\/>Документ принятия на охрану: Р.ОИ от 06.05.87 г. № 165<br\/>Границы территории: Приказ УГООКН 129 от 02.12.2016 г<br\/>Зона Охраны: ","votes":0,"styleName":"okn_point_regional"},"id":9390030},{"type":"Feature","geometry":{"type":"Point","coordinates":[50.0852508816,53.1863601044]},"properties":{"name":"Жилой дом на усадьбе купца 2-ой гильдии Ивана Ивановича Смирнова","description":"Регистрационный номер в реестре: <br\/>Вид объекта: памятник градостроительства и архитектуры<br\/>Категория: Регионального значения<br\/>Время создания объекта: 1913-1914 гг.<br\/>Адрес: ул. Степана Разина, 84\/ул. Венцека, 24-26, литера Г<br\/>Документ принятия на охрану: Постановление Правительства Самарской области от 29.12.2014 № 853<br\/>Границы территории: <br\/>Зона Охраны: ","votes":0,"styleName":"okn_point_regional"},"id":9390031},{"type":"Feature","geometry":{"type":"Point","coordinates":[50.0958386091,53.1831872888]},"properties":{"name":"Дом, где находилось 6-е управление Военно-полевого строительства Восточного фронта под руководством Л.М.Карбышева.  Городская усадьба Шихобаловых.","description":"Регистрационный номер в реестре: <br\/>Вид объекта: памятник истории (литера А)   ансамбль архитектуры<br\/>Категория: Регионального значения<br\/>Время создания объекта: 1919 г.-история  вторая половина XIX в.<br\/>Адрес: ул. Венцека, 67\/ул. Галактионовская, 20, литеры А, Б, В, Г, Д<br\/>Документ принятия на охрану: Постанов. Главы адм-ции Сам. обл. от 27.03.92 г. № 77  Постановление Правительства Самарской области от 25.11.2014 № 721<br\/>Границы территории: Приказ УГООКН №8 от 11.02.2016 <br\/>Зона Охраны: Приказ УГООКН №8 от 11.02.2016 ","votes":0,"styleName":"okn_point_regional"},"id":9390032},{"type":"Feature","geometry":{"type":"Point","coordinates":[50.0765071016,53.1806883471]},"properties":{"name":"Усадьба Чубакова М.П. (ансамбль): -бывший каменный двухэтажный дом; -жилой дом; - амбар; -арка ворот.","description":"Регистрационный номер в реестре: <br\/>Вид объекта: ансамбль архитектуры<br\/>Категория: Регионального значения<br\/>Время создания объекта: литеры АА1-1851-1887гг. Литеры СС1-1880 г. литеры Р, Р1, Р2, Р4 до 1871г.<br\/>Адрес: ул. Водников, 24-26, литера А, А1, С, С1, Р, Р1, Р2, Р4<br\/>Документ принятия на охрану: Постановление Правительства Сам. обл. от 31.10.2014 № 674<br\/>Границы территории: Приказ УГООКН 54 от 25.05.2017<br\/>Зона Охраны: ","votes":0,"styleName":"okn_point_regional"},"id":9390033},{"type":"Feature","geometry":{"type":"Point","coordinates":[50.1310411344,53.1988971953]},"properties":{"name":"Ансамбль производственных и гражданских зданий Парка электрического трамвая: два здания вагонных сараев и мастерских, здание конторы и жилого дома, службы","description":"Регистрационный номер в реестре: <br\/>Вид объекта: ансамбль архитектуры<br\/>Категория: Регионального значения<br\/>Время создания объекта: 1914<br\/>Адрес: ул. Коммунистическая, 8, литеры Л, О, Р, С<br\/>Документ принятия на охрану: Постановление Правительства Сам.обл. от 31.10.2014 № 674<br\/>Границы территории: Приказ УГООКН 54 от 25.05.2017<br\/>Зона Охраны: ","votes":0,"styleName":"okn_point_regional"},"id":9390034},{"type":"Feature","geometry":{"type":"Point","coordinates":[50.1240332459,53.1879831478]},"properties":{"name":"Константиновская богадельня (ансамбль): здание богадельни двухэтажное; здание служб одноэтажное во дворе; подпорная стенка","description":"Регистрационный номер в реестре: <br\/>Вид объекта: ансамбль градостроительства и архитектуры<br\/>Категория: Регионального значения<br\/>Время создания объекта: 1938 г.<br\/>Адрес: ул. Красноармейская, 104 (одноэтажное во дворе); Спортивная, 11, литеры V,V1,V2 (двухэтажное)<br\/>Документ принятия на охрану: Постановление Правительства Сам.обл. от 29.12.2014 № 853<br\/>Границы территории: Приказ УГООКН №12 от 23.10.2015<br\/>Зона Охраны: Приказ УГООКН №12 от 23.10.2015","votes":0,"styleName":"okn_point_regional"},"id":9390035},{"type":"Feature","geometry":{"type":"Point","coordinates":[50.0901146693,53.1881834127]},"properties":{"name":"Усадьба купеческой семьи Гудковых П.Ф. и А.Г.","description":"Регистрационный номер в реестре: <br\/>Вид объекта: ансамбль архитектуры<br\/>Категория: Регионального значения<br\/>Время создания объекта: 1887 г; 1890 г.;  1898 г.<br\/>Адрес: ул. Куйбышева, 101, литеры А, Б<br\/>Документ принятия на охрану: Постановление Правительства Сам.обл. от 15.07.2014г. №394<br\/>Границы территории: <br\/>Зона Охраны: ","votes":0,"styleName":"okn_point_regional"},"id":9390036},{"type":"Feature","geometry":{"type":"Point","coordinates":[50.0860601247,53.1844091927]},"properties":{"name":"Усадьба нотариуса, надворного советника, гласного Городской Думы (с 1898 г.) Кавского А.В.","description":"Регистрационный номер в реестре: <br\/>Вид объекта: ансамбль архитектуры<br\/>Категория: Регионального значения<br\/>Время создания объекта: 1875г.;  1893 г.<br\/>Адрес: ул. Куйбышева, 52, литеры А, А1, ул. Куйбышева, 54, литеры А, А1<br\/>Документ принятия на охрану: Постановление Правительства Сам.обл. от 15.07.2014г. №394<br\/>Границы территории: Приказ УГООКН 29 от 06.04.2016<br\/>Зона Охраны: ","votes":0,"styleName":"okn_point_regional"},"id":9390037},{"type":"Feature","geometry":{"type":"Point","coordinates":[50.0957273163,53.1923188809]},"properties":{"name":"Усадьба фон Древиц-Красникова: жилой дом; флигель; ограда с воротами","description":"Регистрационный номер в реестре: <br\/>Вид объекта: ансамбль градостроительства и архитектуры<br\/>Категория: Регионального значения<br\/>Время создания объекта: 1895 г. 1990-е -реконструкция<br\/>Адрес: ул. Льва Толстого, 30, литера А, Б<br\/>Документ принятия на охрану: Постановление Правительства Сам.обл. от 29.12.2014 № 853<br\/>Границы территории: <br\/>Зона Охраны: ","votes":0,"styleName":"okn_point_regional"},"id":9390038},{"type":"Feature","geometry":{"type":"Point","coordinates":[50.282853598,53.3033877754]},"properties":{"name":"Часть жилой застройки поселка Мехзавод","description":"Регистрационный номер в реестре: <br\/>Вид объекта: ансамбль архитектуры<br\/>Категория: Регионального значения<br\/>Время создания объекта: 1954-1956 гг.<br\/>Адрес: пос. Мехзавод, 2 квартал, д. 49, 50, 52<br\/>Документ принятия на охрану: Постановление Правительства Самарской области от 29.12.2014  № 853<br\/>Границы территории: <br\/>Зона Охраны: ","votes":0,"styleName":"okn_point_regional"},"id":9390040},{"type":"Feature","geometry":{"type":"Point","coordinates":[50.1056101179,53.1948574431]},"properties":{"name":"Усадьба купца О.А. Полуэктова","description":"Регистрационный номер в реестре: <br\/>Вид объекта: памятник градостроительства и архитектуры<br\/>Категория: Регионального значения<br\/>Время создания объекта: кон. ХIХ в.<br\/>Адрес: ул. Рабочая, 16, литеры А, А1, А2, А3, А4, Б<br\/>Документ принятия на охрану: Постановление Правительства Самарской области от 29.12.2014 № 853<br\/>Границы территории: Приказ УГООКН №12 от 23.10.2015<br\/>Зона Охраны: Приказ УГООКН №12 от 23.10.2015","votes":0,"styleName":"okn_point_regional"},"id":9390041},{"type":"Feature","geometry":{"type":"Point","coordinates":[50.0822339654,53.1791761866]},"properties":{"name":"Комплекс зданий 1-й пожарной части: правление 1-й полицейской части и казармы; конюшни и помещения пожарного обоза","description":"Регистрационный номер в реестре: <br\/>Вид объекта: ансамбль архитектуры<br\/>Категория: Регионального значения<br\/>Время создания объекта: 1904 г.<br\/>Адрес: ул. Степана Разина,               д. 1а\/ ул. Крупской, 16, литеры А, А1, А2, Б, Б1, Б2<br\/>Документ принятия на охрану: Постановление Правительства Самарской области от 29.07.2014  № 433<br\/>Границы территории: Приказ УГООКН 54 от 25.05.2017<br\/>Зона Охраны: ","votes":0,"styleName":"okn_point_regional"},"id":9390042},{"type":"Feature","geometry":{"type":"Point","coordinates":[50.1163568855,53.1866141606]},"properties":{"name":"Спиртоводочный завод ","description":"Регистрационный номер в реестре: <br\/>Вид объекта: ансамбль архитектуры<br\/>Категория: Регионального значения<br\/>Время создания объекта: 1906 г.<br\/>Адрес: ул. Толстого Л., 131 <br\/>Документ принятия на охрану: Р.ОИ от 06.05.87 г. № 165 <br\/>Границы территории: Приказ УГООКН 129 от 02.12.2016 г<br\/>Зона Охраны: ","votes":0,"styleName":"okn_point_regional"},"id":9390043},{"type":"Feature","geometry":{"type":"Point","coordinates":[50.102414566,53.1900205799]},"properties":{"name":"Усадьба Бузиных: жилой дом с торговыми помещениями по улице, жилой дом во дворе","description":"Регистрационный номер в реестре: <br\/>Вид объекта: ансамбль архитектуры<br\/>Категория: Регионального значения<br\/>Время создания объекта: 1892-1912 гг.<br\/>Адрес: ул. Льва Толстого, 73, литеры А, В<br\/>Документ принятия на охрану: Постановление Правительства Самарской области от 25.11.2014  № 721<br\/>Границы территории: <br\/>Зона Охраны: ","votes":0,"styleName":"okn_point_regional"},"id":9390044},{"type":"Feature","geometry":{"type":"Point","coordinates":[50.096325053,53.193408044]},"properties":{"name":"Усадьба семьи  А.Н. Толстого","description":"Регистрационный номер в реестре: <br\/>Вид объекта: ансамбль истории<br\/>Категория: Регионального значения<br\/>Время создания объекта: 1899-1906 гг.<br\/>Адрес: ул. Фрунзе, 155 а,б,в.<br\/>Документ принятия на охрану: Р.ОИ от 14.12.82 г. № 827<br\/>Границы территории: Приказ УГООКН 22 от 01.03.2016 <br\/>Зона Охраны: Приказ УГООКН 22 от 01.03.2016 ","votes":0,"styleName":"okn_point_regional"},"id":9390045},{"type":"Feature","geometry":{"type":"Point","coordinates":[50.1140510489,53.1947265077]},"properties":{"name":"Общественное здание                  (бывшая школа)","description":"Регистрационный номер в реестре: <br\/>Вид объекта: памятник градостроительства и архитектуры<br\/>Категория: Регионального значения<br\/>Время создания объекта: начало XXв.<br\/>Адрес: ул. Вилоновская, 63\/ ул.Братьев Коростелевых, 146, литера А<br\/>Документ принятия на охрану: Постановление Правительства Самарской области от 25.11.2014 № 721 <br\/>Границы территории: Приказ УГООКН №12 от 23.10.2015<br\/>Зона Охраны: Приказ УГООКН №12 от 23.10.2015","votes":0,"styleName":"okn_point_regional"},"id":9390046},{"type":"Feature","geometry":{"type":"Point","coordinates":[50.1036225293,53.1935791143]},"properties":{"name":"Дом на усадьбе мещан Аржановых","description":"Регистрационный номер в реестре: <br\/>Вид объекта: памятник градостроительства и архитектуры<br\/>Категория: Регионального значения<br\/>Время создания объекта: 1899-1902 гг.<br\/>Адрес: ул. Галактионовская, 107, литеры А, А1<br\/>Документ принятия на охрану: Постановление Правительства Самарской области от 25.11.2014  № 721<br\/>Границы территории: Приказ № 23 УГООКН от 03.12.15  Приказ УГООКН 37 от 11.05.2016<br\/>Зона Охраны: Приказ № 23 УГООКН от 03.12.15  Приказ УГООКН 37 от 11.05.2016","votes":0,"styleName":"okn_point_regional"},"id":9390047},{"type":"Feature","geometry":{"type":"Point","coordinates":[50.1275275203,53.19591835]},"properties":{"name":"Казанской Божией Матери церковь-школа при епархиальной богадельне им. Государя Императора Александра III","description":"Регистрационный номер в реестре: <br\/>Вид объекта: памятник градостроительства и архитектуры<br\/>Категория: Регионального значения<br\/>Время создания объекта: 1899-1902 гг.<br\/>Адрес: ул. Коммунистическая, 1, литеры А, А1, А2<br\/>Документ принятия на охрану: Постановление Правительства Самарской области от 25.11.2014 № 721<br\/>Границы территории: Приказ УГООКН 54 от 25.05.2017<br\/>Зона Охраны: ","votes":0,"styleName":"okn_point_regional"},"id":9390048},{"type":"Feature","geometry":{"type":"Point","coordinates":[50.1103542544,53.1932579982]},"properties":{"name":"Дом жилой","description":"Регистрационный номер в реестре: <br\/>Вид объекта: памятник истории<br\/>Категория: Регионального значения<br\/>Время создания объекта: 1988г.<br\/>Адрес: ул. Ленинская, 158\/Рабочая, 35<br\/>Документ принятия на охрану: Р.ОИ от 29.12.83 г. № 720<br\/>Границы территории: Приказ УГООКН №12 от 23.10.2015<br\/>Зона Охраны: Приказ УГООКН №12 от 23.10.2015","votes":0,"styleName":"okn_point_regional"},"id":9390049},{"type":"Feature","geometry":{"type":"Point","coordinates":[50.0894532375,53.1910187618]},"properties":{"name":"Здание, в котором в  1874 -  1881  гг. работал художник Н.Е. Симаков ","description":"Регистрационный номер в реестре: <br\/>Вид объекта: памятник истории<br\/>Категория: Регионального значения<br\/>Время создания объекта: 1874-1881 гг.<br\/>Адрес: ул. Некрасова, 20 <br\/>Документ принятия на охрану: Р.ОИ от 06.05.87 г. № 165<br\/>Границы территории: Приказ № 23 УГООКН от 03.12.15 <br\/>Зона Охраны: Приказ № 23 УГООКН от 03.12.15 ","votes":0,"styleName":"okn_point_regional"},"id":9390050},{"type":"Feature","geometry":{"type":"Point","coordinates":[50.0931380144,53.1894825484]},"properties":{"name":"Усадьба врача Греве Л.А","description":"Регистрационный номер в реестре: <br\/>Вид объекта: памятник архитектуры<br\/>Категория: Регионального значения<br\/>Время создания объекта: 1890-е гг.<br\/>Адрес: ул. Некрасовская, 29\/ ул. Фрунзе, 115-117, литера Б<br\/>Документ принятия на охрану: Постановление Правительства Сам.обл. от 15.07.2014г. №394<br\/>Границы территории: <br\/>Зона Охраны: ","votes":0,"styleName":"okn_point_regional"},"id":9390051},{"type":"Feature","geometry":{"type":"Point","coordinates":[50.1114840071,53.1932958757]},"properties":{"name":"Жилой дом  уточненное наименование Жилой дом чиновницы А. Я. Дидимовой","description":"Регистрационный номер в реестре: <br\/>Вид объекта: памятник истории<br\/>Категория: Регионального значения<br\/>Время создания объекта: 1988г.<br\/>Адрес: ул. Рабочая, 46  уточненный адрес ул. Рабочая, 44-46\/ ул.Ленинская, 137-139, литеры Б,Б1,б<br\/>Документ принятия на охрану: Р.ОИ от 29.12.83 г. № 720<br\/>Границы территории: Приказ УГООКН №12 от 23.10.2015<br\/>Зона Охраны: Приказ УГООКН №12 от 23.10.2015","votes":0,"styleName":"okn_point_regional"},"id":9390052},{"type":"Feature","geometry":{"type":"Point","coordinates":[50.11441805,53.1991492212]},"properties":{"name":"Дом купца Н.И. Кириллова","description":"Регистрационный номер в реестре: <br\/>Вид объекта: памятник градостроительства и архитектуры<br\/>Категория: Регионального значения<br\/>Время создания объекта: 1903-1915<br\/>Адрес: ул. Садовая, 243\/ ул. Ярмарочная, 23, литеры А, А1<br\/>Документ принятия на охрану: Постановление Правительства Самарской области от 29.12.2014 № 853<br\/>Границы территории: Приказ УГООКН №12 от 23.10.2015<br\/>Зона Охраны: Приказ УГООКН №12 от 23.10.2015","votes":0,"styleName":"okn_point_regional"},"id":9390053},{"type":"Feature","geometry":{"type":"Point","coordinates":[50.0984310019,53.1976314531]},"properties":{"name":"Дом Ивановых","description":"Регистрационный номер в реестре: <br\/>Вид объекта: памятник градостроительства и архитектуры<br\/>Категория: Регионального значения<br\/>Время создания объекта: 1840-е гг<br\/>Адрес: ул. Фрунзе, 175, литера А<br\/>Документ принятия на охрану: Постановление Правительства Самарской области от 25.11.2014  № 721<br\/>Границы территории: Приказ УГООКН 47 от 20.06.2016 <br\/>Зона Охраны: Приказ УГООКН 47 от 20.06.2016 ","votes":0,"styleName":"okn_point_regional"},"id":9390054},{"type":"Feature","geometry":{"type":"Point","coordinates":[50.098499486,53.1977846108]},"properties":{"name":"Дом В.Г. Петровой","description":"Регистрационный номер в реестре: <br\/>Вид объекта: памятник градостроительства и архитектуры<br\/>Категория: Регионального значения<br\/>Время создания объекта: 1884-1901 гг.<br\/>Адрес: ул. Фрунзе, 177, литера А<br\/>Документ принятия на охрану: Постановление Правительства Самарской области от 29.12.2014  № 853<br\/>Границы территории: Приказ УГООКН 47 от 20.06.2016 <br\/>Зона Охраны: Приказ УГООКН 47 от 20.06.2016 ","votes":0,"styleName":"okn_point_regional"},"id":9390055},{"type":"Feature","geometry":{"type":"Point","coordinates":[50.0921106066,53.1892062797]},"properties":{"name":"Богадельня купца Л.С. Аржанова","description":"Регистрационный номер в реестре: <br\/>Вид объекта: памятник архитектуры<br\/>Категория: Регионального значения<br\/>Время создания объекта: 1898г.<br\/>Адрес: ул. Фрунзе, 98-98а-100\/ул. Некрасовская, 25-25а-27, литеры В,В1<br\/>Документ принятия на охрану: Постановление Правительства Самарской области от 25.11.2014 № 721<br\/>Границы территории: <br\/>Зона Охраны: ","votes":0,"styleName":"okn_point_regional"},"id":9390056},{"type":"Feature","geometry":{"type":"Point","coordinates":[50.0923261498,53.1893692737]},"properties":{"name":"Клуб швейников  (арх. П.А. Щербачев)","description":"Регистрационный номер в реестре: <br\/>Вид объекта: памятник градостроительства и архитектуры<br\/>Категория: Регионального значения<br\/>Время создания объекта: 1930 г., 1935 г.<br\/>Адрес: ул. Фрунзе, 98-98а-100\/ ул. Некрасовская, 25-25а-27, литеры Б, Б1<br\/>Документ принятия на охрану: Постановление Правительства Самарской области от 29.12.2014 № 853<br\/>Границы территории: <br\/>Зона Охраны: ","votes":0,"styleName":"okn_point_regional"},"id":9390057},{"type":"Feature","geometry":{"type":"Point","coordinates":[50.0911601681,53.1844389833]},"properties":{"name":"Гимназия Межак-Хованской А.С.","description":"Регистрационный номер в реестре: <br\/>Вид объекта: памятник архитектуры<br\/>Категория: Регионального значения<br\/>Время создания объекта: 1880 гг.<br\/>Адрес: ул. Чапаевская, 74\/ ул. Венцека, 51, литеры А, Б<br\/>Документ принятия на охрану: Постановление Правительства Самарской области от 29.12.2014 № 853<br\/>Границы территории: Приказ УГООКН 126 от 02.12.2016  <br\/>Зона Охраны: Приказ УГООКН 126 от 02.12.2016 ","votes":0,"styleName":"okn_point_regional"},"id":9390058},{"type":"Feature","geometry":{"type":"Point","coordinates":[50.0917047516,53.1848412133]},"properties":{"name":"Дом Е.Я. Жуковой с помещениями торгового и жилого назначения","description":"Регистрационный номер в реестре: <br\/>Вид объекта: памятник архитектуры<br\/>Категория: Регионального значения<br\/>Время создания объекта: 1875-1900 гг.<br\/>Адрес: ул. Чапаевская, 76-78\/ул. Венцека, 44, литеры А, А1, А2, Е, Е1, Е2<br\/>Документ принятия на охрану: Постановление Правительства Самарской области от 29.12.2014 № 853<br\/>Границы территории: Приказ УГООКН №8 от 11.02.2016 <br\/>Зона Охраны: Приказ УГООКН №8 от 11.02.2016 ","votes":0,"styleName":"okn_point_regional"},"id":9390059},{"type":"Feature","geometry":{"type":"Point","coordinates":[50.1233076068,53.1987515613]},"properties":{"name":"Здание городского ломбарда  ","description":"Регистрационный номер в реестре: <br\/>Вид объекта: Памятник архитектуры<br\/>Категория: Регионального значения <br\/>Время создания объекта: 1914-1915 гг. <br\/>Адрес:  ул. Арцыбушевская, 145, литеры А,Б<br\/>Документ принятия на охрану: Приказ Управления УГООКН от 27.02.2017 №21<br\/>Границы территории: Приказ Управления УГООКН от 27.02.2017 №21<br\/>Зона Охраны: ","votes":0,"styleName":"okn_point_regional"},"id":9390060},{"type":"Feature","geometry":{"type":"Point","coordinates":[50.121799397,53.1971586398]},"properties":{"name":"Каменная лавка и ворота на усадьбе купца В.Л.Прохорова","description":"Регистрационный номер в реестре: <br\/>Вид объекта: Памятник  архитектуры<br\/>Категория: Регионального значения <br\/>Время создания объекта: 1880-1902 гг<br\/>Адрес: ул. Буянова, 106, литера, Б, I<br\/>Документ принятия на охрану: Приказ Управления УГООКН от 27.02.2017 №21<br\/>Границы территории: Приказ Управления УГООКН от 27.02.2017 №21<br\/>Зона Охраны: ","votes":0,"styleName":"okn_point_regional"},"id":9390061},{"type":"Feature","geometry":{"type":"Point","coordinates":[50.0964760914,53.1878358114]},"properties":{"name":"Каменный флигель и ворота на усадьбе жены священника М.М. Соколовой","description":"Регистрационный номер в реестре: <br\/>Вид объекта: Памятник  архитектуры<br\/>Категория: Регионального значения <br\/>Время создания объекта: 1902 г.<br\/>Адрес: ул. Молодогвардейская, 92, литеры Аа, Б<br\/>Документ принятия на охрану: Приказ Управления УГООКН от 27.02.2017 №21<br\/>Границы территории: Приказ Управления УГООКН от 27.02.2017 №21<br\/>Зона Охраны: ","votes":0,"styleName":"okn_point_regional"},"id":9390062},{"type":"Feature","geometry":{"type":"Point","coordinates":[50.0774520971,53.1781833332]},"properties":{"name":"Особняк Аржанова","description":"Регистрационный номер в реестре: <br\/>Вид объекта: памятник архитектуры<br\/>Категория: Регионального значения<br\/>Время создания объекта: конец XIX в.<br\/>Адрес: ул. Толстого А., 6.  <br\/>Документ принятия на охрану: Р.ОИ от 06.05.87 г. № 165<br\/>Границы территории: Приказ министерства культуры Самарской области от 6.06.2012 г. № 8 <br\/>Зона Охраны: Приказ министерства культуры Самарской области от 6.06.2012 г. № 8 ","votes":0,"styleName":"okn_point_regional"},"id":9390063},{"type":"Feature","geometry":{"type":"Point","coordinates":[50.1000663952,53.1903209034]},"properties":{"name":"Больница Нефтяников","description":"Регистрационный номер в реестре: <br\/>Вид объекта: памятник архитектуры<br\/>Категория: Регионального значения<br\/>Время создания объекта: 1950 г.<br\/>Адрес: ул. Толстого Л., 59<br\/>Документ принятия на охрану: Р.ОИ от 06.05.87 г. № 165<br\/>Границы территории: Приказ министерства культуры Самарской области от 6.06.2012 г. № 8 <br\/>Зона Охраны: Приказ министерства культуры Самарской области от 6.06.2012 г. № 8 ","votes":0,"styleName":"okn_point_regional"},"id":9390064},{"type":"Feature","geometry":{"type":"Point","coordinates":[50.1049213038,53.1853622617]},"properties":{"name":"Дом С.Т.Максимова ","description":"Регистрационный номер в реестре: <br\/>Вид объекта: Памятник архитектуры<br\/>Категория: Регионального значения<br\/>Время создания объекта: до 1898 г.<br\/>Адрес: ул. Ленинская, 72,  литера, А<br\/>Документ принятия на охрану: Приказ УГООКН от 05.07.2017 №90<br\/>Границы территории: Приказ УГООКН от 05.07.2017 №90<br\/>Зона Охраны: ","votes":0,"styleName":"okn_point_regional"},"id":9390065},{"type":"Feature","geometry":{"type":"Point","coordinates":[50.0975656707,53.1893444086]},"properties":{"name":"Усадьба купцов Левиных: каменный дом, полукаменный флигель, кирпичная арка и полотно ворот","description":"Регистрационный номер в реестре: <br\/>Вид объекта: Ансамбль архитектуры<br\/>Категория: Регионального значения<br\/>Время создания объекта: 1898-1915 гг.<br\/>Адрес: ул. Молодогвардейская, 106, литеры А, А2, а, Г1<br\/>Документ принятия на охрану: Приказ Управления от 14.02.2018 №20<br\/>Границы территории: Приказ Управления от 14.02.2018 №20<br\/>Зона Охраны: ","votes":0,"styleName":"okn_point_regional"},"id":9390066},{"type":"Feature","geometry":{"type":"Point","coordinates":[50.0920399194,53.181980864]},"properties":{"name":"Жилой дом","description":"Регистрационный номер в реестре: <br\/>Вид объекта: Памятник архитектуры<br\/>Категория: Регионального значения<br\/>Время создания объекта: 1870-е годы<br\/>Адрес: ул. Пионерская, 82, литеры А,А1,Б<br\/>Документ принятия на охрану: Приказ Управления от 14.02.2018 №20<br\/>Границы территории: Приказ Управления от 14.02.2018 №20<br\/>Зона Охраны: ","votes":0,"styleName":"okn_point_regional"},"id":9390067},{"type":"Feature","geometry":{"type":"Point","coordinates":[50.0957700477,53.1893168734]},"properties":{"name":"Здание в стиле Ар-деко","description":"Регистрационный номер в реестре: <br\/>Вид объекта: Памятник архитектуры<br\/>Категория: Регионального значения<br\/>Время создания объекта: Начало ХХ в. (до 1917 г.)<br\/>Адрес: ул. Чапаевская, 121-123\/Некрасовская, 50, литера А<br\/>Документ принятия на охрану: Приказ Управления от 14.02.2018 №20<br\/>Границы территории: Приказ Управления от 14.02.2018 №20<br\/>Зона Охраны: ","votes":0,"styleName":"okn_point_regional"},"id":9390068},{"type":"Feature","geometry":{"type":"Point","coordinates":[50.0914517958,53.1816233284]},"properties":{"name":"Городская усадьба И.П. Корунова  и мещанина П.А. Кандальинцева: двухэтажный каменный жилой дом  по улице; одноэтажный каменный дом по переулку, в котором размещалось 6-е мужское приходское училище  и типолитография Жданова","description":"Регистрационный номер в реестре: <br\/>Вид объекта: Ансамбль архитектуры<br\/>Категория: Регионального значения<br\/>Время создания объекта: 1894-1902 гг.<br\/>Адрес: пер. Песочный, 21\/ ул. Пионерская, 55, литеры А, А1, В <br\/>Документ принятия на охрану: Приказ Управления от 14.05.2018 №46<br\/>Границы территории: Приказ Управления от 14.05.2018 №46<br\/>Зона Охраны: ","votes":0,"styleName":"okn_point_regional"},"id":9390069},{"type":"Feature","geometry":{"type":"Point","coordinates":[50.0916257681,53.1807341275]},"properties":{"name":"Городская усадьба А.А.Евстратовой: полукаменный флигель; доходный дом","description":"Регистрационный номер в реестре: <br\/>Вид объекта: Ансамбль архитектуры<br\/>Категория: Регионального значения<br\/>Время создания объекта: 1874-1891 гг. 1909 г.<br\/>Адрес: ул. Молодогвардейская, 20,  литеры А, Б <br\/>Документ принятия на охрану: Приказ Управления от 14.05.2018 №46<br\/>Границы территории: Приказ Управления от 14.05.2018 №46<br\/>Зона Охраны: ","votes":0,"styleName":"okn_point_regional"},"id":9390070},{"type":"Feature","geometry":{"type":"Point","coordinates":[50.0917688893,53.1810716236]},"properties":{"name":"Дом мещан Мельниковых","description":"Регистрационный номер в реестре: <br\/>Вид объекта: Памятник архитектуры <br\/>Категория: Регионального значения<br\/>Время создания объекта: 1874-1876 гг.<br\/>Адрес: ул. Молодогвардейская, 26,  литера А<br\/>Документ принятия на охрану: Приказ Управления от 14.05.2018 №46<br\/>Границы территории: Приказ Управления от 14.05.2018 №46<br\/>Зона Охраны: ","votes":0,"styleName":"okn_point_regional"},"id":9390071},{"type":"Feature","geometry":{"type":"Point","coordinates":[50.0917120607,53.1813550875]},"properties":{"name":"Дом Гусевых Николая Николаевича и Прасковьи Матвеевны","description":"Регистрационный номер в реестре: <br\/>Вид объекта: Памятник архитектуры <br\/>Категория: Регионального значения<br\/>Время создания объекта: 1902 г.<br\/>Адрес: ул. Молодогвардейская, 30, литера Б<br\/>Документ принятия на охрану: Приказ Управления от 14.05.2018 №46<br\/>Границы территории: Приказ Управления от 14.05.2018 №46<br\/>Зона Охраны: ","votes":0,"styleName":"okn_point_regional"},"id":9390072},{"type":"Feature","geometry":{"type":"Point","coordinates":[50.1046480924,53.1886588994]},"properties":{"name":"Усадьба купца И.Н.Александрова: каменная лавка с жилым помещением, кирпичная арка ворот, каменный флигель во дворе","description":"Регистрационный номер в реестре: <br\/>Вид объекта: Ансамбль архитектуры <br\/>Категория: Регионального значения<br\/>Время создания объекта: 1900-1910 гг.<br\/>Адрес: ул. Садовая, 92,  литеры Б,В, I-I<br\/>Документ принятия на охрану: Приказ Управления от 14.05.2018 №46<br\/>Границы территории: Приказ Управления от 14.05.2018 №46<br\/>Зона Охраны: ","votes":0,"styleName":"okn_point_regional"},"id":9390073},{"type":"Feature","geometry":{"type":"Point","coordinates":[50.2736265097,53.2353603796]},"properties":{"name":"Школа в квартале 43а","description":"Регистрационный номер в реестре: <br\/>Вид объекта: Памятник архитектуры<br\/>Категория: Регионального значения <br\/>Время создания объекта: 1958 г.<br\/>Адрес: ул. Республиканская, 50, литера А<br\/>Документ принятия на охрану: Приказ Управления от 26.09.2018 №81<br\/>Границы территории: Приказ Управления от 26.09.2018 №81<br\/>Зона Охраны: ","votes":0,"styleName":"okn_point_regional"},"id":9390074},{"type":"Feature","geometry":{"type":"Point","coordinates":[50.0999061787,53.1817636544]},"properties":{"name":"Жилой дом на усадьбе А.Д. Сусловой  ","description":"Регистрационный номер в реестре: <br\/>Вид объекта: Памятник архитектуры<br\/>Категория: Регионального значения <br\/>Время создания объекта: 1901-1910 гг.<br\/>Адрес: ул. Садовая, 20, литеры Аа1а2<br\/>Документ принятия на охрану: Приказ Управления от 02.10.2018 №85<br\/>Границы территории: Приказ Управления от 02.10.2018 №85<br\/>Зона Охраны: ","votes":0,"styleName":"okn_point_regional"},"id":9390075},{"type":"Feature","geometry":{"type":"Point","coordinates":[50.1038486769,53.1876535867]},"properties":{"name":"Доходный дом на участке А.Т.Поценковой","description":"Регистрационный номер в реестре: <br\/>Вид объекта: Памятник архитектуры<br\/>Категория: Регионального значения <br\/>Время создания объекта: 1902-1915 гг.<br\/>Адрес: ул. Садовая, 78, литеры АА1А2<br\/>Документ принятия на охрану: Приказ Управления от 02.10.2018 №85<br\/>Границы территории: Приказ Управления от 02.10.2018 №85<br\/>Зона Охраны: ","votes":0,"styleName":"okn_point_regional"},"id":9390076},{"type":"Feature","geometry":{"type":"Point","coordinates":[50.0931380144,53.1894825484]},"properties":{"name":"Дом жилой Савиновой А.И.","description":"Регистрационный номер в реестре: <br\/>Вид объекта: памятник архитектуры<br\/>Категория: Регионального значения<br\/>Время создания объекта: 1890-е г.<br\/>Адрес: ул. Некрасовская, 29-31\/ул. Фрунзе, 115-117, литеры Вв1 <br\/>Документ принятия на охрану: Постановление Правительства Сам.обл. от 31.10.2014 № 674<br\/>Границы территории: <br\/>Зона Охраны: ","votes":0,"styleName":"okn_point_regional"},"id":9390077},{"type":"Feature","geometry":{"type":"Point","coordinates":[50.0902908725,53.1853660368]},"properties":{"name":"Городская купеческая усадьба Жуковых: доходный дом-комплекс с помещениями торгового и жилого назначения, каменный двухэтажный флигель, арка ворот","description":"Регистрационный номер в реестре: <br\/>Вид объекта: ансамбль архитектуры<br\/>Категория: Регионального значения<br\/>Время создания объекта: начало ХХ в.<br\/>Адрес: ул. Фрунзе, 67-69\/ ул. Венцека, 36, литеры А, В<br\/>Документ принятия на охрану: Постановление Правительства Самарской области от 29.12.2014 № 853<br\/>Границы территории: Приказ УГООКН №8 от 11.02.2016 <br\/>Зона Охраны: Приказ УГООКН №8 от 11.02.2016 ","votes":0,"styleName":"okn_point_regional"},"id":9390078},{"type":"Feature","geometry":{"type":"Point","coordinates":[50.0958910004,53.1851392297]},"properties":{"name":"Каменные торговые корпуса № 32 и  № 33 Городского двора на Троицкой площади","description":"Регистрационный номер в реестре: <br\/>Вид объекта: Ансамбль архитектуры<br\/>Категория: Регионального значения <br\/>Время создания объекта: 1864 г., 1950-е гг.<br\/>Адрес: переулок Репина, 4, 6, 6а,  литеры, А, Б<br\/>Документ принятия на охрану: Приказ Управления УГООКН от 27.02.2017 №21<br\/>Границы территории: Приказ Управления УГООКН от 27.02.2017 №21<br\/>Зона Охраны: ","votes":0,"styleName":"okn_point_regional"},"id":9390079},{"type":"Feature","geometry":{"type":"Point","coordinates":[50.095544709,53.199759725]},"properties":{"name":"Комплекс зданий мукомольной паровой мельницы А.М.Эрлангера. С 1910 г. \u2013 комплекс казарм","description":"Регистрационный номер в реестре: <br\/>Вид объекта: ансамбль истории<br\/>Категория: Регионального значения<br\/>Время создания объекта: 1887 г.<br\/>Адрес: ул. Вилоновская, 2  уточненный адрес:  ул. Вилоновская, 2, литеры А,Г,Б3  (в части южной и восточной ограждающих стен)<br\/>Документ принятия на охрану: Постанов. Главы адм-ции Сам. обл. от 27.03.92 г. № 77 Приказ УГООКН от 17.08.2018 № 73 (об уточнении)<br\/>Границы территории: Приказ УГООКН №12 от 23.10.2015<br\/>Зона Охраны: Приказ УГООКН №12 от 23.10.2015","votes":0,"styleName":"okn_point_regional"},"id":9390080},{"type":"Feature","geometry":{"type":"Point","coordinates":[50.0840428676,53.1899095481]},"properties":{"name":"Ансамбль застройки ул.Максима Горького: жилой дом с культурным бытом, жилой дом плавсостава и ИТР Средневолжского речного пароходства, жилой дом грузчиков Госпароходства","description":"Регистрационный номер в реестре: <br\/>Вид объекта: ансамбль архитектуры<br\/>Категория: Регионального значения<br\/>Время создания объекта: 1936 г.<br\/>Адрес: ул. Максима Горького, 113а, 115,117, литеры А, Б, ул. Максима Горького, 119, литера А<br\/>Документ принятия на охрану: Постановление Правительства Самарской области от 25.11.2014  № 721<br\/>Границы территории: Приказ УГООКН 46 от 14.06.2016 <br\/>Зона Охраны: Приказ УГООКН 46 от 14.06.2016 ","votes":0,"styleName":"okn_point_regional"},"id":9390081},{"type":"Feature","geometry":{"type":"Point","coordinates":[50.074294232,53.1762144157]},"properties":{"name":"Мукомольная мельница Соколовых","description":"Регистрационный номер в реестре: <br\/>Вид объекта: памятник истории и культуры<br\/>Категория: Регионального значения<br\/>Время создания объекта: 1906г.<br\/>Адрес: ул. Карбюраторная, 1  уточненный адрес:  ул.Князя Григория Засекина, 1, литеры А, А1, А2, А5, А6, А7, Г, каменная дымовая труба<br\/>Документ принятия на охрану: Р.ОИ от 06.05.87 г. № 165  Приказ УГООКН от 17.08.2016 № 88<br\/>Границы территории: Приказ УГООКН №26 от 11.12.15 <br\/>Зона Охраны: Приказ УГООКН №26 от 11.12.15 ","votes":0,"styleName":"okn_point_regional"},"id":9390082},{"type":"Feature","geometry":{"type":"Point","coordinates":[50.1412382189,53.2047232513]},"properties":{"name":"Комплекс военных казарм Линдовского городка","description":"Регистрационный номер в реестре: <br\/>Вид объекта: Ансамбль архитектуры<br\/>Категория: Регионального значения<br\/>Время создания объекта: 1915-1916 гг.<br\/>Адрес: ул. Мичурина, д. 64, 74, 78, 90<br\/>Документ принятия на охрану: Приказ УГООКН от 04.07.2016 № 52<br\/>Границы территории: Приказ УГООКН 85 от 09.08.2016<br\/>Зона Охраны: Приказ УГООКН 85 от 09.08.2016","votes":0,"styleName":"okn_point_regional"},"id":9390083},{"type":"Feature","geometry":{"type":"Point","coordinates":[50.099137001,53.1916266382]},"properties":{"name":"Усадьба купчихи Ивановой А.С.:- три дома полукаменных.","description":"Регистрационный номер в реестре: <br\/>Вид объекта: Ансамбль<br\/>Категория: Регионального значения<br\/>Время создания объекта: 1885-1910 гг<br\/>Адрес: ул. Молодогвардейская, 130-132, литеры А,Б,В<br\/>Документ принятия на охрану: Приказ УГООКН от 25.07.2019 №86<br\/>Границы территории: Приказ УГООКН от 25.07.2019 №86<br\/>Зона Охраны: ","votes":0,"styleName":"okn_point_regional"},"id":9390084},{"type":"Feature","geometry":{"type":"Point","coordinates":[50.0919274889,53.1802998706]},"properties":{"name":"Дом крестьянки Е.Н. Гавриловой","description":"Регистрационный номер в реестре: <br\/>Вид объекта: Памятник<br\/>Категория: Регионального значения<br\/>Время создания объекта: 1902 г.<br\/>Адрес: ул. Молодогвардейская, 9 литера А<br\/>Документ принятия на охрану: Приказ УГООКН от 25.07.2019 №86<br\/>Границы территории: Приказ УГООКН от 25.07.2019 №86<br\/>Зона Охраны: ","votes":0,"styleName":"okn_point_regional"},"id":9390085},{"type":"Feature","geometry":{"type":"Point","coordinates":[50.1067865529,53.1917322797]},"properties":{"name":"Дом Ф.С. Пугина","description":"Регистрационный номер в реестре: <br\/>Вид объекта: Памятник<br\/>Категория: Регионального значения<br\/>Время создания объекта: 1880-1884 гг<br\/>Адрес: ул. Красноармейская, 61\/Садовая, 132, литера А<br\/>Документ принятия на охрану: Приказ УГООКН от 25.07.2019 №86<br\/>Границы территории: Приказ УГООКН от 25.07.2019 №86<br\/>Зона Охраны: ","votes":0,"styleName":"okn_point_regional"},"id":9390086},{"type":"Feature","geometry":{"type":"Point","coordinates":[50.1657989061,53.2301045419]},"properties":{"name":"Дача №56, принадлежавшая жене поручика Е.П. Сипиной","description":"Категория: Выявленный<br\/>Время создания объекта: 1903-1917 гг.<br\/>Адрес:  1-ая дачная просека, территория ЦПКиО им. М. Горького (ул. Ново-Садовая, 150, литера М)","resource":"","image":"","audio":"","video":"","votes":0,"reestrId":"","styleName":"okn_point_identified"},"id":9403277},{"type":"Feature","geometry":{"type":"Point","coordinates":[50.1117060836,53.1864463311]},"properties":{"name":"Дом крестьянина И.Е. Киселева","description":"Категория: Выявленный<br\/>Время создания объекта: Конец XIX в. - начало XX в. <br\/>Адрес:  переулок Гончарова, 16 ","votes":0,"styleName":"okn_point_identified"},"id":9403278},{"type":"Feature","geometry":{"type":"Point","coordinates":[50.1025127071,53.1954565856]},"properties":{"name":"Памятник В.В.Куйбышеву","description":"Категория: Выявленный<br\/>Время создания объекта: 1938 г. Пост. ЦИК СССР от 27.04. 1935 г.<br\/>Адрес:  площадь Куйбышева.","votes":0,"styleName":"okn_point_identified"},"id":9403279},{"type":"Feature","geometry":{"type":"Point","coordinates":[50.1099978595,53.204149291]},"properties":{"name":"Монумент Славы и мемориальный ансамбль, сооруженные в честь воинов-земляков, погибших в годы Великой Отечественной войны 1941-1945 гг.","description":"Категория: Выявленный<br\/>Время создания объекта: <br\/>Адрес:  площадь Славы","votes":0,"styleName":"okn_point_identified"},"id":9403280},{"type":"Feature","geometry":{"type":"Point","coordinates":[50.1083018283,53.1873143217]},"properties":{"name":"Комплекс стадиона \"Динамо\" ","description":"Категория: Выявленный<br\/>Время создания объекта: 1980-е гг.<br\/>Адрес:  Самарский р., территория стадиона «Динамо»","votes":0,"styleName":"okn_point_identified"},"id":9403281},{"type":"Feature","geometry":{"type":"Point","coordinates":[50.0799113791,53.1805404771]},"properties":{"name":"Комплекс строений Оренбургской экспедиции ","description":"Категория: Выявленный<br\/>Время создания объекта: 1730 - 40-е гг. <br\/>Адрес:  ул. Алексея Толстого, 19\/ Ст. Разина, 24-26;  ул. А. Толстого, 21;  ул. А. Толстого, 23-25","resource":"","image":"","audio":"","video":"","votes":0,"reestrId":"","styleName":"okn_point_identified"},"id":9403282},{"type":"Feature","geometry":{"type":"Point","coordinates":[50.1048864716,53.1821689602]},"properties":{"name":"Дом на усадьбе Гайского А.Ф.","description":"Категория: Выявленный<br\/>Время создания объекта: 1905-1910 гг.<br\/>Адрес:  ул. Братьев Коростелевых, 28","votes":0,"styleName":"okn_point_identified"},"id":9403283},{"type":"Feature","geometry":{"type":"Point","coordinates":[50.0961433615,53.1839986865]},"properties":{"name":"Усадьба Коруновых","description":"Категория: Выявленный<br\/>Время создания объекта: 1867, 1907, 1883 - 1889, 1900 годы <br\/>Адрес:  ул. Галактионовская, 24-26 ","votes":0,"styleName":"okn_point_identified"},"id":9403284},{"type":"Feature","geometry":{"type":"Point","coordinates":[50.0874997422,53.1801044462]},"properties":{"name":"Городская усадьба мещан  М.В. Рачеевой и С.П.Вырыпаева ансамбль: - двухэтажный полукаменный дом; - двухэтажный полукаменный флигель.","description":"Категория: Выявленный<br\/>Время создания объекта:   до 1874, 1899 гг.  до 1874 г., 1903-1918 гг.<br\/>Адрес:  ул. Комсомольская, 55              ","votes":0,"styleName":"okn_point_identified"},"id":9403285},{"type":"Feature","geometry":{"type":"Point","coordinates":[50.0893760336,53.1800232557]},"properties":{"name":"Городская усадьба","description":"Категория: Выявленный<br\/>Время создания объекта: 1898 г.<br\/>Адрес:  ул. Комсомольская, 66","votes":0,"styleName":"okn_point_identified"},"id":9403286},{"type":"Feature","geometry":{"type":"Point","coordinates":[50.1070347308,53.1884540174]},"properties":{"name":"Дом Серебрякова М.Н.","description":"Категория: Выявленный<br\/>Время создания объекта: кон. XIX в.<br\/>Адрес:  ул. Ленинская, 112","votes":0,"styleName":"okn_point_identified"},"id":9403287},{"type":"Feature","geometry":{"type":"Point","coordinates":[50.0974263838,53.1881994413]},"properties":{"name":"Усадьба Матвеевых Ивана и Петра Игнатьевичей.","description":"Категория: Выявленный<br\/>Время создания объекта: Конец ХIХ в. - начало ХХ в.<br\/>Адрес:  ул. Молодогвардейская, 63.","votes":0,"styleName":"okn_point_identified"},"id":9403288},{"type":"Feature","geometry":{"type":"Point","coordinates":[50.086492878,53.1828345671]},"properties":{"name":"Дом жилой","description":"Категория: Выявленный<br\/>Время создания объекта: конец XIX века <br\/>Адрес:  ул. Пионерская, 27","votes":0,"styleName":"okn_point_identified"},"id":9403289},{"type":"Feature","geometry":{"type":"Point","coordinates":[50.1413075124,53.2058364989]},"properties":{"name":"Здание Церковно-учительской семинарии (школы) с домовой церковью Святого Иоанна Златоуста \u2013 ныне святых Кирилла и Марии при Самарской Духовной семинарии Арх. А.А.Щербачев","description":"Категория: Выявленный<br\/>Время создания объекта: 1908-1909 гг.<br\/>Адрес:  ул. Радонежская, 2","votes":0,"styleName":"okn_point_identified"},"id":9403290},{"type":"Feature","geometry":{"type":"Point","coordinates":[50.082761902,53.181588103]},"properties":{"name":"Доходный дом купца Н.Ф. Дунаева ","description":"Категория: Выявленный<br\/>Время создания объекта: Конец XIX в. <br\/>Адрес:  ул. Степана Разина, 25\/Комсомольская, 26","votes":0,"styleName":"okn_point_identified"},"id":9403291},{"type":"Feature","geometry":{"type":"Point","coordinates":[50.08538908,53.1855526229]},"properties":{"name":"Дом жилой","description":"Категория: Выявленный<br\/>Время создания объекта: 40-50-е гг.  ХХ в.<br\/>Адрес:  ул. Степана Разина, 51.","votes":0,"styleName":"okn_point_identified"},"id":9403292},{"type":"Feature","geometry":{"type":"Point","coordinates":[50.2660372025,53.2182296048]},"properties":{"name":"Дом жилой с магазином \"Шанхай\"                     ","description":"Категория: Выявленный<br\/>Время создания объекта: 40-50-е гг. ХХ в.<br\/>Адрес:  проспект Кирова, 143\/ул. Физкультурная, 117\/ул. Теннисная, 14                                    ","resource":"","image":"","audio":"","video":"","votes":0,"reestrId":"","styleName":"okn_point_identified"},"id":9403293},{"type":"Feature","geometry":{"type":"Point","coordinates":[50.2662725022,53.2159395787]},"properties":{"name":"Дом жилой                    ","description":"Категория: Выявленный<br\/>Время создания объекта: 1952 г.<br\/>Адрес:  проспект Кирова, 40\/ул. Теннисная, 4                      ","votes":0,"styleName":"okn_point_identified"},"id":9403294},{"type":"Feature","geometry":{"type":"Point","coordinates":[50.2647676734,53.2171480406]},"properties":{"name":"Дом жилой                    ","description":"Категория: Выявленный<br\/>Время создания объекта: 40-50-е гг. ХХ в.<br\/>Адрес:  проспект Кирова, 42\/ул. Физкультурная, 115                ","votes":0,"styleName":"okn_point_identified"},"id":9403295},{"type":"Feature","geometry":{"type":"Point","coordinates":[50.263467386,53.2178392552]},"properties":{"name":"Дом жилой с учреждениями     ","description":"Категория: Выявленный<br\/>Время создания объекта: 40-50-е гг. ХХ в.<br\/>Адрес:  проспект Кирова, 44\/ул. Физкультурная, 112                ","votes":0,"styleName":"okn_point_identified"},"id":9403296},{"type":"Feature","geometry":{"type":"Point","coordinates":[50.2629336963,53.2182962529]},"properties":{"name":"Дом жилой                    ","description":"Категория: Выявленный<br\/>Время создания объекта: 40-50-е гг. ХХ в.<br\/>Адрес:  проспект Кирова, 46        ","votes":0,"styleName":"okn_point_identified"},"id":9403297},{"type":"Feature","geometry":{"type":"Point","coordinates":[50.2623016953,53.2186565786]},"properties":{"name":"Дом жилой с магазином        ","description":"Категория: Выявленный<br\/>Время создания объекта: 40-50-е гг. ХХ в.<br\/>Адрес:  проспект Кирова, 48\/ул.Победы, 113                           ","votes":0,"styleName":"okn_point_identified"},"id":9403298},{"type":"Feature","geometry":{"type":"Point","coordinates":[50.1555201404,53.2121873303]},"properties":{"name":"Дом жилой                    ","description":"Категория: Выявленный<br\/>Время создания объекта: 50-е гг. ХХ в.<br\/>Адрес:  проспект Масленникова, 10  ","votes":0,"styleName":"okn_point_identified"},"id":9403299},{"type":"Feature","geometry":{"type":"Point","coordinates":[50.1528560761,53.2123967913]},"properties":{"name":"Дом жилой                    ","description":"Категория: Выявленный<br\/>Время создания объекта: 50-е гг. ХХ в.<br\/>Адрес:  проспект Масленникова, 15\/ул. Скляренко, 5                   ","votes":0,"styleName":"okn_point_identified"},"id":9403300},{"type":"Feature","geometry":{"type":"Point","coordinates":[50.1566611046,53.2100064208]},"properties":{"name":"Дом жилой                    ","description":"Категория: Выявленный<br\/>Время создания объекта: 50-е гг. ХХ в.<br\/>Адрес:  проспект Масленникова, 23  ","votes":0,"styleName":"okn_point_identified"},"id":9403301},{"type":"Feature","geometry":{"type":"Point","coordinates":[50.1607417458,53.2076036545]},"properties":{"name":"Дом жилой                    ","description":"Категория: Выявленный<br\/>Время создания объекта: 50-е гг. ХХ в.<br\/>Адрес:  проспект Масленникова, 24  ","votes":0,"styleName":"okn_point_identified"},"id":9403302},{"type":"Feature","geometry":{"type":"Point","coordinates":[50.1573615857,53.2095472522]},"properties":{"name":"Дом жилой                    ","description":"Категория: Выявленный<br\/>Время создания объекта: 50-е гг. ХХ в.<br\/>Адрес:  проспект Масленникова, 25  ","votes":0,"styleName":"okn_point_identified"},"id":9403303},{"type":"Feature","geometry":{"type":"Point","coordinates":[50.1615975552,53.207060561]},"properties":{"name":"Школа N 110                  ","description":"Категория: Выявленный<br\/>Время создания объекта: 50-е гг. ХХ в.<br\/>Адрес:  проспект Масленникова, 26  ","votes":0,"styleName":"okn_point_identified"},"id":9403304},{"type":"Feature","geometry":{"type":"Point","coordinates":[50.1574157454,53.2086738079]},"properties":{"name":"Дом жилой                    ","description":"Категория: Выявленный<br\/>Время создания объекта: 50-е гг. ХХ в.<br\/>Адрес:  проспект Масленникова, 27\/ул. Гая, 6                         ","votes":0,"styleName":"okn_point_identified"},"id":9403305},{"type":"Feature","geometry":{"type":"Point","coordinates":[50.1585430421,53.2084619151]},"properties":{"name":"Дом жилой                    ","description":"Категория: Выявленный<br\/>Время создания объекта: 50-е гг. ХХ в.<br\/>Адрес:  проспект Масленникова, 29  ","votes":0,"styleName":"okn_point_identified"},"id":9403306},{"type":"Feature","geometry":{"type":"Point","coordinates":[50.1589244812,53.2070746861]},"properties":{"name":"Дом жилой                    ","description":"Категория: Выявленный<br\/>Время создания объекта: 50-е гг. ХХ в.<br\/>Адрес:  проспект Масленникова, 35  ","votes":0,"styleName":"okn_point_identified"},"id":9403307},{"type":"Feature","geometry":{"type":"Point","coordinates":[50.1591373056,53.2078022715]},"properties":{"name":"Машиностроительный техникум  ","description":"Категория: Выявленный<br\/>Время создания объекта: 50-е гг. ХХ в.<br\/>Адрес:  проспект Масленникова, 37  ","votes":0,"styleName":"okn_point_identified"},"id":9403308},{"type":"Feature","geometry":{"type":"Point","coordinates":[50.1600801254,53.2072456637]},"properties":{"name":"Дом жилой                    ","description":"Категория: Выявленный<br\/>Время создания объекта: 50-е гг. ХХ в.<br\/>Адрес:  проспект Масленникова, 39\/ ул. Подшипниковая, 6                  ","votes":0,"styleName":"okn_point_identified"},"id":9403309},{"type":"Feature","geometry":{"type":"Point","coordinates":[50.1543791106,53.2125002713]},"properties":{"name":"Дом жилой                    ","description":"Категория: Выявленный<br\/>Время создания объекта: 50-е гг. ХХ в. <br\/>Адрес:  проспект Масленникова, 8   ","votes":0,"styleName":"okn_point_identified"},"id":9403310},{"type":"Feature","geometry":{"type":"Point","coordinates":[50.2740293364,53.2324981503]},"properties":{"name":"Общежитие                    ","description":"Категория: Выявленный<br\/>Время создания объекта: 40-50-е гг.  ХХ в.<br\/>Адрес:  проспект Металлургов, 74   ","votes":0,"styleName":"okn_point_identified"},"id":9403311},{"type":"Feature","geometry":{"type":"Point","coordinates":[50.2746495046,53.2328123973]},"properties":{"name":"Дом жилой                    ","description":"Категория: Выявленный<br\/>Время создания объекта: 40-50-е гг.  ХХ в.<br\/>Адрес:  проспект Металлургов, 76   ","votes":0,"styleName":"okn_point_identified"},"id":9403312},{"type":"Feature","geometry":{"type":"Point","coordinates":[50.2771822111,53.2339923602]},"properties":{"name":"Дом жилой со встроенными      помещениями                  ","description":"Категория: Выявленный<br\/>Время создания объекта: 50-е гг. ХХ в.<br\/>Адрес:  проспект Металлургов, 77   ","votes":0,"styleName":"okn_point_identified"},"id":9403313},{"type":"Feature","geometry":{"type":"Point","coordinates":[50.2751528706,53.2334197984]},"properties":{"name":"Кинотеатр \"Октябрь\"          ","description":"Категория: Выявленный<br\/>Время создания объекта: 50-е гг. ХХ в.<br\/>Адрес:  проспект Металлургов, 78   ","votes":0,"styleName":"okn_point_identified"},"id":9403314},{"type":"Feature","geometry":{"type":"Point","coordinates":[50.2779499063,53.2344131026]},"properties":{"name":"Дом жилой                    ","description":"Категория: Выявленный<br\/>Время создания объекта: 50-е гг. ХХ в.<br\/>Адрес: проспект Металлургов, 79","votes":0,"styleName":"okn_point_identified"},"id":9403315},{"type":"Feature","geometry":{"type":"Point","coordinates":[50.2760805228,53.2340369412]},"properties":{"name":"Дом жилой со встроенными      помещениями                  ","description":"Категория: Выявленный<br\/>Время создания объекта: 50-е гг. ХХ в. <br\/>Адрес: проспект Металлургов, 80","votes":0,"styleName":"okn_point_identified"},"id":9403316},{"type":"Feature","geometry":{"type":"Point","coordinates":[50.2780849622,53.2355473073]},"properties":{"name":"Дом жилой                    ","description":"Категория: Выявленный<br\/>Время создания объекта: <br\/>Адрес: проспект Металлургов, 81","votes":0,"styleName":"okn_point_identified"},"id":9403317},{"type":"Feature","geometry":{"type":"Point","coordinates":[50.276833151,53.2352930218]},"properties":{"name":"Дом жилой                    ","description":"Категория: Выявленный<br\/>Время создания объекта: 40-50-е гг. ХХ в.<br\/>Адрес: проспект Металлургов, 84","votes":0,"styleName":"okn_point_identified"},"id":9403318},{"type":"Feature","geometry":{"type":"Point","coordinates":[50.2144115522,53.2010295645]},"properties":{"name":"Дом жилой с магазином","description":"Категория: Выявленный<br\/>Время создания объекта: 1940-50-е гг.<br\/>Адрес: ул.Гагарина, 145","votes":0,"styleName":"okn_point_identified"},"id":9403319},{"type":"Feature","geometry":{"type":"Point","coordinates":[50.2217251589,53.201071672]},"properties":{"name":"Дом жилой с магазином","description":"Категория: Выявленный<br\/>Время создания объекта: Около 1950 г.<br\/>Адрес: ул.Гагарина, 155\/ул.Запорожская, 7","votes":0,"styleName":"okn_point_identified"},"id":9403320},{"type":"Feature","geometry":{"type":"Point","coordinates":[50.2227693739,53.201234486]},"properties":{"name":"Дом жилой с магазином и рестораном","description":"Категория: Выявленный<br\/>Время создания объекта: Около 1950 г.<br\/>Адрес: ул.Гагарина, 157","votes":0,"styleName":"okn_point_identified"},"id":9403321},{"type":"Feature","geometry":{"type":"Point","coordinates":[50.2242466152,53.2012563352]},"properties":{"name":"Дом жилой с магазином","description":"Категория: Выявленный<br\/>Время создания объекта: 1950 г.<br\/>Адрес: ул.Гагарина, 159","votes":0,"styleName":"okn_point_identified"},"id":9403322},{"type":"Feature","geometry":{"type":"Point","coordinates":[50.0747727473,53.1686644466]},"properties":{"name":"Дом жилой","description":"Категория: Выявленный<br\/>Время создания объекта: Начало ХХ в.<br\/>Адрес: ул.Главная, 5","votes":0,"styleName":"okn_point_identified"},"id":9403323},{"type":"Feature","geometry":{"type":"Point","coordinates":[50.0745226432,53.1683437653]},"properties":{"name":"Дом жилой","description":"Категория: Выявленный<br\/>Время создания объекта: Начало ХХ в.<br\/>Адрес: ул.Главная, 9","votes":0,"styleName":"okn_point_identified"},"id":9403324},{"type":"Feature","geometry":{"type":"Point","coordinates":[50.2746495046,53.2328123973]},"properties":{"name":"Дом жилой с общественным учреждением","description":"Категория: Выявленный<br\/>Время создания объекта: 40-50-е гг. ХХ в.<br\/>Адрес: ул.Елизарова, 60\/проспект Металлургов, 76","votes":0,"styleName":"okn_point_identified"},"id":9403325},{"type":"Feature","geometry":{"type":"Point","coordinates":[50.2623497422,53.2173042836]},"properties":{"name":"Дом жилой с магазином","description":"Категория: Выявленный<br\/>Время создания объекта: 40-50-е гг. ХХ в.<br\/>Адрес: ул.Краснодонская, 11\/ ул.Физкультурная, 110","votes":0,"styleName":"okn_point_identified"},"id":9403326},{"type":"Feature","geometry":{"type":"Point","coordinates":[50.2612911168,53.216838789]},"properties":{"name":"Дом жилой","description":"Категория: Выявленный<br\/>Время создания объекта: 40-50-е гг. ХХ в.<br\/>Адрес: ул.Краснодонская, 12\/ул.Физкультурная, 108","votes":0,"styleName":"okn_point_identified"},"id":9403327},{"type":"Feature","geometry":{"type":"Point","coordinates":[50.2609586838,53.2173898786]},"properties":{"name":"Дом жилой","description":"Категория: Выявленный<br\/>Время создания объекта: 40-50-е гг. ХХ в.<br\/>Адрес: ул.Краснодонская, 14","votes":0,"styleName":"okn_point_identified"},"id":9403328},{"type":"Feature","geometry":{"type":"Point","coordinates":[50.2612381651,53.2182335127]},"properties":{"name":"Дом жилой","description":"Категория: Выявленный<br\/>Время создания объекта: 40-50-е гг.ХХ в.<br\/>Адрес: ул.Краснодонская, 15","votes":0,"styleName":"okn_point_identified"},"id":9403329},{"type":"Feature","geometry":{"type":"Point","coordinates":[50.2595166573,53.2184981363]},"properties":{"name":"Дом жилой","description":"Категория: Выявленный<br\/>Время создания объекта: 1941 г.<br\/>Адрес: ул.Краснодонская, 18\/ул.Победы, 106","votes":0,"styleName":"okn_point_identified"},"id":9403330},{"type":"Feature","geometry":{"type":"Point","coordinates":[50.2637197328,53.2161418157]},"properties":{"name":"Дом жилой","description":"Категория: Выявленный<br\/>Время создания объекта: 40-50-е гг. ХХ в.<br\/>Адрес: ул.Краснодонская, 7","votes":0,"styleName":"okn_point_identified"},"id":9403331},{"type":"Feature","geometry":{"type":"Point","coordinates":[50.100406607,53.1877370431]},"properties":{"name":"Дом жилой","description":"Категория: Выявленный<br\/>Время создания объекта: <br\/>Адрес: ул. Некрасовская, 69","votes":0,"styleName":"okn_point_identified"},"id":9403332},{"type":"Feature","geometry":{"type":"Point","coordinates":[50.1005937218,53.1876504398]},"properties":{"name":"Дом жилой","description":"Категория: Выявленный<br\/>Время создания объекта: <br\/>Адрес: ул.Некрасовская, 71","votes":0,"styleName":"okn_point_identified"},"id":9403333},{"type":"Feature","geometry":{"type":"Point","coordinates":[50.1048098728,53.187029453]},"properties":{"name":"Дом жилой","description":"Категория: Выявленный<br\/>Время создания объекта: <br\/>Адрес: ул.Некрасовская, 92","votes":0,"styleName":"okn_point_identified"},"id":9403334},{"type":"Feature","geometry":{"type":"Point","coordinates":[50.1053173293,53.1869101828]},"properties":{"name":"Дом жилой в составе усадьбы","description":"Категория: Выявленный<br\/>Время создания объекта: <br\/>Адрес: ул.Некрасовская, 94","votes":0,"styleName":"okn_point_identified"},"id":9403335},{"type":"Feature","geometry":{"type":"Point","coordinates":[50.0852889703,53.1835411966]},"properties":{"name":"Торговая лавка","description":"Категория: Выявленный<br\/>Время создания объекта: <br\/>Адрес: ул.Пионерская, 42","votes":0,"styleName":"okn_point_identified"},"id":9403336},{"type":"Feature","geometry":{"type":"Point","coordinates":[50.255875286,53.2167597499]},"properties":{"name":"Дом жилой с учреждениями     ","description":"Категория: Выявленный<br\/>Время создания объекта: 40-50-е гг. ХХ в.<br\/>Адрес:  ул. Победы, 100\/ул. Воронежская, 5                    ","votes":0,"styleName":"okn_point_identified"},"id":9403337},{"type":"Feature","geometry":{"type":"Point","coordinates":[50.2567372611,53.216206698]},"properties":{"name":"Дом жилой с магазином        ","description":"Категория: Выявленный<br\/>Время создания объекта: 40-50-е гг. ХХ в.<br\/>Адрес:  ул. Победы, 101\/ул. Воронежская, 3                    ","votes":0,"styleName":"okn_point_identified"},"id":9403338},{"type":"Feature","geometry":{"type":"Point","coordinates":[50.2577914821,53.2163640714]},"properties":{"name":"Дом жилой                    ","description":"Категория: Выявленный<br\/>Время создания объекта: 40-50-е гг. ХХ в.<br\/>Адрес:  ул. Победы, 103            ","votes":0,"styleName":"okn_point_identified"},"id":9403339},{"type":"Feature","geometry":{"type":"Point","coordinates":[50.2584429228,53.2180363182]},"properties":{"name":"Дом жилой                    ","description":"Категория: Выявленный<br\/>Время создания объекта: 40-50-е гг. ХХ в.<br\/>Адрес:  ул. Победы, 104            ","votes":0,"styleName":"okn_point_identified"},"id":9403340},{"type":"Feature","geometry":{"type":"Point","coordinates":[50.2584040992,53.2170278785]},"properties":{"name":"Дом жилой с магазином        ","description":"Категория: Выявленный<br\/>Время создания объекта: 40-50-е гг. ХХ в.<br\/>Адрес:  ул. Победы, 105            ","votes":0,"styleName":"okn_point_identified"},"id":9403341},{"type":"Feature","geometry":{"type":"Point","coordinates":[50.2596207344,53.2171950875]},"properties":{"name":"Дом жилой                    ","description":"Категория: Выявленный<br\/>Время создания объекта: 40-50-е гг. ХХ в.<br\/>Адрес:  ул. Победы, 107 ","votes":0,"styleName":"okn_point_identified"},"id":9403342},{"type":"Feature","geometry":{"type":"Point","coordinates":[50.2601982905,53.2177811985]},"properties":{"name":"Дом жилой с магазином        ","description":"Категория: Выявленный<br\/>Время создания объекта: 40-50-е гг. ХХ в.<br\/>Адрес:  ул. Победы, 109\/ул. Краснодонская, 16                 ","votes":0,"styleName":"okn_point_identified"},"id":9403343},{"type":"Feature","geometry":{"type":"Point","coordinates":[50.2612381651,53.2182335127]},"properties":{"name":"Дом жилой                    ","description":"Категория: Выявленный<br\/>Время создания объекта: 40-50-е гг. ХХ в.<br\/>Адрес:  ул. Победы, 111            ","votes":0,"styleName":"okn_point_identified"},"id":9403344},{"type":"Feature","geometry":{"type":"Point","coordinates":[50.2462144679,53.2121767446]},"properties":{"name":"Дом жилой с магазином        ","description":"Категория: Выявленный<br\/>Время создания объекта: 40-50-е гг. ХХ в.<br\/>Адрес:  ул. Победы, 92             ","votes":0,"styleName":"okn_point_identified"},"id":9403345},{"type":"Feature","geometry":{"type":"Point","coordinates":[50.2495556678,53.2138435369]},"properties":{"name":"Дом жилой с магазином        ","description":"Категория: Выявленный<br\/>Время создания объекта: 40-50-е гг. ХХ в.<br\/>Адрес:  ул. Победы, 94             ","votes":0,"styleName":"okn_point_identified"},"id":9403346},{"type":"Feature","geometry":{"type":"Point","coordinates":[50.250151808,53.2132227634]},"properties":{"name":"Дом жилой с магазином        ","description":"Категория: Выявленный<br\/>Время создания объекта: 40-50-е гг. ХХ в.<br\/>Адрес:  ул. Победы, 95             ","votes":0,"styleName":"okn_point_identified"},"id":9403347},{"type":"Feature","geometry":{"type":"Point","coordinates":[50.2521454574,53.2149366291]},"properties":{"name":"Дом жилой                    ","description":"Категория: Выявленный<br\/>Время создания объекта: 40-50-е гг. ХХ в.<br\/>Адрес:  ул. Победы, 96             ","votes":0,"styleName":"okn_point_identified"},"id":9403348},{"type":"Feature","geometry":{"type":"Point","coordinates":[50.2516476784,53.2137504956]},"properties":{"name":"Дом жилой с учреждениями     ","description":"Категория: Выявленный<br\/>Время создания объекта: 40-50-е гг. ХХ в.<br\/>Адрес:  ул. Победы, 97             ","votes":0,"styleName":"okn_point_identified"},"id":9403349},{"type":"Feature","geometry":{"type":"Point","coordinates":[50.253282405,53.2154417086]},"properties":{"name":"Дом жилой с почтой           ","description":"Категория: Выявленный<br\/>Время создания объекта: 40-50-е гг. ХХ в.<br\/>Адрес:  ул. Победы, 98\/ул. Калинина, 8","resource":"","image":"","audio":"","video":"","votes":0,"reestrId":"","styleName":"okn_point_identified"},"id":9403350},{"type":"Feature","geometry":{"type":"Point","coordinates":[50.2539361503,53.2149599118]},"properties":{"name":"Дом жилой с магазином        ","description":"Категория: Выявленный<br\/>Время создания объекта: 40-50-е гг. ХХ в.<br\/>Адрес:  ул. Победы, 99\/ сквер Калинина                        ","resource":"","image":"","audio":"","video":"","votes":0,"reestrId":"","styleName":"okn_point_identified"},"id":9403351},{"type":"Feature","geometry":{"type":"Point","coordinates":[50.1592578887,53.2068075526]},"properties":{"name":"Дом жилой                    ","description":"Категория: Выявленный<br\/>Время создания объекта: 50-е гг. ХХ в.<br\/>Адрес:  ул. Подшипниковая, 2       ","votes":0,"styleName":"okn_point_identified"},"id":9403352},{"type":"Feature","geometry":{"type":"Point","coordinates":[50.1598609979,53.2070052822]},"properties":{"name":"Дом жилой                    ","description":"Категория: Выявленный<br\/>Время создания объекта: 50-е гг. ХХ в.<br\/>Адрес:  ул. Подшипниковая, 4       ","votes":0,"styleName":"okn_point_identified"},"id":9403353},{"type":"Feature","geometry":{"type":"Point","coordinates":[50.105195295,53.1885506919]},"properties":{"name":"Дом жилой                    ","description":"Категория: Выявленный<br\/>Время создания объекта: <br\/>Адрес:  ул. Садовая, 105           ","votes":0,"styleName":"okn_point_identified"},"id":9403354},{"type":"Feature","geometry":{"type":"Point","coordinates":[50.1008643865,53.183097616]},"properties":{"name":"Жилой дом                    ","description":"Категория: Выявленный<br\/>Время создания объекта: <br\/>Адрес:  ул. Садовая, 32            ","votes":0,"styleName":"okn_point_identified"},"id":9403355},{"type":"Feature","geometry":{"type":"Point","coordinates":[50.1011706866,53.1859057908]},"properties":{"name":"Торговый пассаж купчихи       М.М. Дьяковой                ","description":"Категория: Выявленный<br\/>Время создания объекта: <br\/>Адрес:  ул. Самарская, 63          ","votes":0,"styleName":"okn_point_identified"},"id":9403356},{"type":"Feature","geometry":{"type":"Point","coordinates":[50.1011031331,53.1860304343]},"properties":{"name":"Дом жилой                    ","description":"Категория: Выявленный<br\/>Время создания объекта: <br\/>Адрес:  ул. Самарская, 65          ","votes":0,"styleName":"okn_point_identified"},"id":9403357},{"type":"Feature","geometry":{"type":"Point","coordinates":[50.1015818597,53.1869221585]},"properties":{"name":"Дом жилой                    ","description":"Категория: Выявленный<br\/>Время создания объекта: <br\/>Адрес:  ул. Самарская, 75          ","votes":0,"styleName":"okn_point_identified"},"id":9403358},{"type":"Feature","geometry":{"type":"Point","coordinates":[50.0845706438,53.1843688405]},"properties":{"name":"Жилой дом                    ","description":"Категория: Выявленный<br\/>Время создания объекта: <br\/>Адрес:  ул. Степана Разина, 43     ","votes":0,"styleName":"okn_point_identified"},"id":9403359},{"type":"Feature","geometry":{"type":"Point","coordinates":[50.2794846264,53.2352045794]},"properties":{"name":"Дом жилой                 ","description":"Категория: Выявленный<br\/>Время создания объекта: <br\/>Адрес:  ул. Строителей, 22\/ул. Гвардейская, 16                   ","votes":0,"styleName":"okn_point_identified"},"id":9403360},{"type":"Feature","geometry":{"type":"Point","coordinates":[50.2578070201,53.2152719179]},"properties":{"name":"Дом жилой                    ","description":"Категория: Выявленный<br\/>Время создания объекта: 40-50-е гг. ХХ в.<br\/>Адрес:  ул. Физкультурная, 100\/ул. Воронежская, 1                    ","votes":0,"styleName":"okn_point_identified"},"id":9403361},{"type":"Feature","geometry":{"type":"Point","coordinates":[50.2588536852,53.2156748771]},"properties":{"name":"Дом жилой              ","description":"Категория: Выявленный<br\/>Время создания объекта: 40-50-е гг. ХХ в.<br\/>Адрес:  ул. Физкультурная, 102     ","votes":0,"styleName":"okn_point_identified"},"id":9403362},{"type":"Feature","geometry":{"type":"Point","coordinates":[50.2593711093,53.2162044266]},"properties":{"name":"Школа № 120                 ","description":"Категория: Выявленный<br\/>Время создания объекта: 40-50-е гг. ХХ в.<br\/>Адрес:  ул. Физкультурная, 104     ","votes":0,"styleName":"okn_point_identified"},"id":9403363},{"type":"Feature","geometry":{"type":"Point","coordinates":[50.2604097646,53.2163864919]},"properties":{"name":"Дом жилой                    ","description":"Категория: Выявленный<br\/>Время создания объекта: 40-50-е гг. ХХ в.<br\/>Адрес:  ул. Физкультурная, 106     ","votes":0,"styleName":"okn_point_identified"},"id":9403364},{"type":"Feature","geometry":{"type":"Point","coordinates":[50.2512476664,53.2122760521]},"properties":{"name":"Дом жилой   ","description":"Категория: Выявленный<br\/>Время создания объекта: 40-50-е гг. ХХ в.<br\/>Адрес:  ул. Физкультурная, 96      ","votes":0,"styleName":"okn_point_identified"},"id":9403365},{"type":"Feature","geometry":{"type":"Point","coordinates":[50.1114193493,53.1890516384]},"properties":{"name":"Дом жилой","description":"Категория: Выявленный<br\/>Время создания объекта: Кон. XIX в.- нач. ХХ в.<br\/>Адрес:  переулок Белинского, 3, литер А.","votes":0,"styleName":"okn_point_identified"},"id":9403958},{"type":"Feature","geometry":{"type":"Point","coordinates":[50.1056396327,53.1937533717]},"properties":{"name":"Дом Петровой, 1880-1890-е годы  уточненное наименование Дом на усадьбе мещанки Петровой Д.И.","description":"Категория: Выявленный<br\/>Время создания объекта: 1880-1890 \u2013е гг..<br\/>Адрес:  Самарская ул., 126  уточненный адрес ул.Самарская, 126, литеры А,А1","resource":"","image":"","audio":"","video":"","votes":0,"reestrId":"","styleName":"okn_point_identified"},"id":9403959},{"type":"Feature","geometry":{"type":"Point","coordinates":[50.0789800367,53.1804923992]},"properties":{"name":"Дом В.Ф. Санникова","description":"Категория: Выявленный<br\/>Время создания объекта: 1898 г.<br\/>Адрес:  ул. Алексея Толстого, 26, литер А","resource":"","image":"","audio":"","video":"","votes":0,"reestrId":"","styleName":"okn_point_identified"},"id":9403960},{"type":"Feature","geometry":{"type":"Point","coordinates":[50.1167510504,53.1933730196]},"properties":{"name":"Дом семейства надворного советника Малыгина П.А., в последствии Тулупова П.С. и Васильева Н.П.","description":"Категория: Выявленный<br\/>Время создания объекта: 1889-1915 гг.<br\/>Адрес:  ул. Арцыбушевская, 57, литер А","resource":"","image":"","audio":"","video":"","votes":0,"reestrId":"","styleName":"okn_point_identified"},"id":9403961},{"type":"Feature","geometry":{"type":"Point","coordinates":[50.1055335889,53.1826122754]},"properties":{"name":"Дом мещанина В.С. Васильева","description":"Категория: Выявленный<br\/>Время создания объекта: 1905 г.<br\/>Адрес:  ул. Братьев Коростелевых, 36-38, литера Б","resource":"","image":"","audio":"","video":"","votes":0,"reestrId":"","styleName":"okn_point_identified"},"id":9403962},{"type":"Feature","geometry":{"type":"Point","coordinates":[50.1250690999,53.1985834712]},"properties":{"name":"Дом мещанина Симонова А.М.","description":"Категория: Выявленный<br\/>Время создания объекта: 1903-1914 гг.<br\/>Адрес:  ул. Буянова, 142, литеры А, а","votes":0,"styleName":"okn_point_identified"},"id":9403963},{"type":"Feature","geometry":{"type":"Point","coordinates":[50.1133725971,53.1870711575]},"properties":{"name":"Трехэтажная каменная баня М.А. Чаковского","description":"Категория: Выявленный<br\/>Время создания объекта: Конец  XIX в. <br\/>Адрес:  ул. Буянова, 6, литера 1,             ","votes":0,"styleName":"okn_point_identified"},"id":9403964},{"type":"Feature","geometry":{"type":"Point","coordinates":[50.0975142322,53.1873910224]},"properties":{"name":"Доходный дом Чаковского М.А.","description":"Категория: Выявленный<br\/>Время создания объекта: 1898 г.<br\/>Адрес:  ул. Владимира Высоцкого, 4, литера Б","resource":"","image":"","audio":"","video":"","votes":0,"reestrId":"","styleName":"okn_point_identified"},"id":9403965},{"type":"Feature","geometry":{"type":"Point","coordinates":[50.1382309049,53.1939956696]},"properties":{"name":"Здание школы в Мещанском поселке. (арх. Д.А.Вернер).","description":"Категория: Выявленный<br\/>Время создания объекта: 1914 г.<br\/>Адрес:  ул. Владимирская, 31 а","votes":0,"styleName":"okn_point_identified"},"id":9403966},{"type":"Feature","geometry":{"type":"Point","coordinates":[50.0754003975,53.1779262133]},"properties":{"name":"Усадьба купчихи О.В. Шадриной","description":"Категория: Выявленный<br\/>Время создания объекта: 1851, 1887, 1888 гг. <br\/>Адрес:  ул. Водников, 1\/ул. Кутякова, 6, литеры А, А1, Б, Д ","resource":"","image":"","audio":"","video":"","votes":0,"reestrId":"","styleName":"okn_point_identified"},"id":9403967},{"type":"Feature","geometry":{"type":"Point","coordinates":[50.0759879228,53.179738188]},"properties":{"name":"Торгово-складские корпуса мельницы Башкировых с квартирами для служащих","description":"Категория: Выявленный<br\/>Время создания объекта: около 1860 г.<br\/>Адрес:  ул. Водников, 20\/Крупской, 3, литеры АБ","resource":"","image":"","audio":"","video":"","votes":0,"reestrId":"","styleName":"okn_point_identified"},"id":9403968},{"type":"Feature","geometry":{"type":"Point","coordinates":[50.077835012,53.1804716836]},"properties":{"name":"Здание каменной кладовой на усадьбе купчихи Е.А.Субботиной ","description":"Категория: Выявленный<br\/>Время создания объекта: 1901 г.<br\/>Адрес:  ул. Водников, 21-23, литер Б ","votes":0,"styleName":"okn_point_identified"},"id":9403969},{"type":"Feature","geometry":{"type":"Point","coordinates":[50.0776147721,53.1807748458]},"properties":{"name":"Городская усадьба купца К.Ф.Чубакова и крестьянина К.А.Абрамова (ансамбль): двухэтажный каменный жилой дом; каменная лавка с жильем; каменный амбар, перестроенный в жилое помещение.","description":"Категория: Выявленный<br\/>Время создания объекта:   1897-1899 гг.  1897-1899 гг.  1899-1900 гг.<br\/>Адрес:  ул. Водников, 25, литеры А, А1, А2, а, Б, Б1, Б2, Б3, Г. ","resource":"","image":"","audio":"","video":"","votes":0,"reestrId":"","styleName":"okn_point_identified"},"id":9403970},{"type":"Feature","geometry":{"type":"Point","coordinates":[50.0774409057,53.1809770685]},"properties":{"name":"Дом бузулукского мещанина К.С.Шерстникова","description":"Категория: Выявленный<br\/>Время создания объекта: 1903-1915 гг.<br\/>Адрес:  ул. Водников, 27, литер А ","resource":"","image":"","audio":"","video":"","votes":0,"reestrId":"","styleName":"okn_point_identified"},"id":9403971},{"type":"Feature","geometry":{"type":"Point","coordinates":[50.0780590222,53.1809049747]},"properties":{"name":"Дом крестьян Шадриных ","description":"Категория: Выявленный<br\/>Время создания объекта: 1878-1898 гг.<br\/>Адрес:  ул. Водников, 27, литер Б ","resource":"","image":"","audio":"","video":"","votes":0,"reestrId":"","styleName":"okn_point_identified"},"id":9403972},{"type":"Feature","geometry":{"type":"Point","coordinates":[50.0786969633,53.1829193286]},"properties":{"name":"Жилой дом Т.И.Голосовой","description":"Категория: Выявленный<br\/>Время создания объекта: 1780, конец XIX в. - начало XX в. <br\/>Адрес:  ул. Водников, 43, литера А","votes":0,"styleName":"okn_point_identified"},"id":9403973},{"type":"Feature","geometry":{"type":"Point","coordinates":[50.0795445703,53.1850513074]},"properties":{"name":"Каменный хлебный амбар с подвалом и аркой ворот на усадьбе Слининых (Коробовых)","description":"Категория: Выявленный<br\/>Время создания объекта: до 1898 г.<br\/>Адрес:  ул. Водников, 66, литер Г, I ","votes":0,"styleName":"okn_point_identified"},"id":9403974},{"type":"Feature","geometry":{"type":"Point","coordinates":[50.0796885326,53.1853200236]},"properties":{"name":"Дом мещанина Е.С.Овсянникова","description":"Категория: Выявленный<br\/>Время создания объекта: 1874 г.<br\/>Адрес:  ул. Водников, 68 литеры А, А2 ","votes":0,"styleName":"okn_point_identified"},"id":9403975},{"type":"Feature","geometry":{"type":"Point","coordinates":[50.0798736884,53.1856541366]},"properties":{"name":"Дом и флигель на усадьбе мещан Фадеевых","description":"Категория: Выявленный<br\/>Время создания объекта: до 1874 г., 1903-1915 гг.<br\/>Адрес:  ул. Водников, 72, литеры А, а, А1 ","votes":0,"styleName":"okn_point_identified"},"id":9403976},{"type":"Feature","geometry":{"type":"Point","coordinates":[50.0815451953,53.1862845146]},"properties":{"name":"Дом И.В. Рябинина","description":"Категория: Выявленный<br\/>Время создания объекта: 1909 г.<br\/>Адрес:  ул. Водников, 81, литер А ","votes":0,"styleName":"okn_point_identified"},"id":9403977},{"type":"Feature","geometry":{"type":"Point","coordinates":[50.0812142745,53.186602285]},"properties":{"name":"Дом жилой","description":"Категория: Выявленный<br\/>Время создания объекта: 1874 г.<br\/>Адрес:  ул. Водников, 83, литеры А, А1, а, а1, а2","votes":0,"styleName":"okn_point_identified"},"id":9403978},{"type":"Feature","geometry":{"type":"Point","coordinates":[50.0805898454,53.1866465698]},"properties":{"name":"Дом потомственного почетного гражданина, купца К.И. Курлина","description":"Категория: Выявленный<br\/>Время создания объекта: сер. ХIХ в.,  1890 г.<br\/>Адрес:  ул. Водников, 84, литеры А, А1, А2 ","votes":0,"styleName":"okn_point_identified"},"id":9403979},{"type":"Feature","geometry":{"type":"Point","coordinates":[50.0806974206,53.1868358968]},"properties":{"name":"Дом купца Е.В. Хрунтяева","description":"Категория: Выявленный<br\/>Время создания объекта: до 1874 г.<br\/>Адрес:  ул. Водников, 86, литеры А, А1  ","votes":0,"styleName":"okn_point_identified"},"id":9403980},{"type":"Feature","geometry":{"type":"Point","coordinates":[50.0965367759,53.1826131105]},"properties":{"name":"Дом жилой Е.А.Иванова","description":"Категория: Выявленный<br\/>Время создания объекта: Конец XIX в., начало XX в. <br\/>Адрес:  ул. Галактионовская, 17, литера А ","resource":"","image":"","audio":"","video":"","votes":0,"reestrId":"","styleName":"okn_point_identified"},"id":9403981},{"type":"Feature","geometry":{"type":"Point","coordinates":[50.0983589577,53.1872344929]},"properties":{"name":"Дом торговый «Кудряшов и Чесноков","description":"Категория: Выявленный<br\/>Время создания объекта: 1890-е гг.<br\/>Адрес:  ул. Галактионовская, 40\/ул.Высоцкого, 6, литеры А, А1","votes":0,"styleName":"okn_point_identified"},"id":9403982},{"type":"Feature","geometry":{"type":"Point","coordinates":[50.0752043979,53.1695222074]},"properties":{"name":"Доходный дом Чемодуровых в За-Самарской слободе","description":"Категория: Выявленный<br\/>Время создания объекта: 90-е гг. ХIХ в.<br\/>Адрес:  ул. Главная, 1, литера А","votes":0,"styleName":"okn_point_identified"},"id":9403983},{"type":"Feature","geometry":{"type":"Point","coordinates":[50.0758517718,53.1693942707]},"properties":{"name":"Доходный дом И.М. Ливнева в За-Самарской слободе","description":"Категория: Выявленный<br\/>Время создания объекта: 1870-е гг.<br\/>Адрес:  ул. Главная, 10\/ ул. Мельничная, 20, литера А","votes":0,"styleName":"okn_point_identified"},"id":9403984},{"type":"Feature","geometry":{"type":"Point","coordinates":[50.0764370189,53.1690168401]},"properties":{"name":"Доходный дом на усадьбе Кравцевых в За-Самарской слободе","description":"Категория: Выявленный<br\/>Время создания объекта: 80-е гг. ХIХ в.<br\/>Адрес:  ул. Главная, 14, литера А","votes":0,"styleName":"okn_point_identified"},"id":9403985},{"type":"Feature","geometry":{"type":"Point","coordinates":[50.0755734786,53.1688621665]},"properties":{"name":"Усадьба Я.Ф. Маркова с постоялым двором, торговым заведением и чайным залом; Дом И.Я. Толкачевой с Биоскопом в За-Самарской слободе","description":"Категория: Выявленный<br\/>Время создания объекта: 70-80-е гг.  ХIХ в.<br\/>Адрес:  ул. Главная, 16, литеры АА1","votes":0,"styleName":"okn_point_identified"},"id":9403986},{"type":"Feature","geometry":{"type":"Point","coordinates":[50.0751180967,53.1682397261]},"properties":{"name":"Доходный дом  К.К. Соловьева в За-Самарской слободе","description":"Категория: Выявленный<br\/>Время создания объекта: Начало ХХ в.<br\/>Адрес:  ул. Главная, 24, литеры Аа","votes":0,"styleName":"okn_point_identified"},"id":9403987},{"type":"Feature","geometry":{"type":"Point","coordinates":[50.0760639699,53.1696591971]},"properties":{"name":"Усадьба Антоновых с постоялым двором, торговым заведением и квартирами сдаваемыми внаем в За-Самарской слободе","description":"Категория: Выявленный<br\/>Время создания объекта: 1870-е гг.<br\/>Адрес:  ул. Главная, 8, литеры Аа,А1","votes":0,"styleName":"okn_point_identified"},"id":9403988},{"type":"Feature","geometry":{"type":"Point","coordinates":[50.2408177965,53.2201520743]},"properties":{"name":"Ансамбль застройки Больничного городка: 1) здание горбольницы; 2) детский инфекционный корпус;  3) родильный дом","description":"Категория: Выявленный<br\/>Время создания объекта: 1940-50-е гг. <br\/>Адрес:  ул. Калинина, 32, литеры А, А1, Б;  ул. Вольская, 72, литера В, В1, В2","votes":0,"styleName":"okn_point_identified"},"id":9403989},{"type":"Feature","geometry":{"type":"Point","coordinates":[50.076741724,53.175652276]},"properties":{"name":"Усадьба Соколовых: - дом для служащих; - жилой дом с аркой ворот; - службы","description":"Категория: Выявленный<br\/>Время создания объекта: Конец XI - X в. <br\/>Адрес:  ул. Карбюраторная (ул. Григория Засекина), д. 7, литера А, Б, В","votes":0,"styleName":"okn_point_identified"},"id":9403990},{"type":"Feature","geometry":{"type":"Point","coordinates":[50.0790966717,53.1824337051]},"properties":{"name":"Дом временного-поверенного крестьянина А.И.Гальянова","description":"Категория: Выявленный<br\/>Время создания объекта: 1872 г.<br\/>Адрес:  ул. Комсомольская, 14 литеры А, а","votes":0,"styleName":"okn_point_identified"},"id":9403991},{"type":"Feature","geometry":{"type":"Point","coordinates":[50.0782765441,53.1823117711]},"properties":{"name":"Дом П.Е. Каткова ","description":"Категория: Выявленный<br\/>Время создания объекта: 1850-1860-е годы <br\/>Адрес:  ул. Комсомольская, 15\/Водников, 39, литера А","votes":0,"styleName":"okn_point_identified"},"id":9403992},{"type":"Feature","geometry":{"type":"Point","coordinates":[50.0812196601,53.1819941088]},"properties":{"name":"Усадьба купца А.И.Безпалова (ансамбль): - двухэтажный каменный жилой дом; - одноэтажный каменный жилой дом; - каменный амбар на 5 растворов; - каменные: конюшня, каретник и погребицы; - каменная ограда с воротами.","description":"Категория: Выявленный<br\/>Время создания объекта: 1877 г.<br\/>Адрес:  ул. Комсомольская, 18-20-22, литеры: А, Б, В, Д, Д1, Д2, I, II.","votes":0,"styleName":"okn_point_identified"},"id":9403993},{"type":"Feature","geometry":{"type":"Point","coordinates":[50.0792040458,53.1820386052]},"properties":{"name":"Лавка купца Шемякина","description":"Категория: Выявленный<br\/>Время создания объекта: 80-е гг. ХIХ в.<br\/>Адрес:  ул. Комсомольская, 21, литер Б","votes":0,"styleName":"okn_point_identified"},"id":9403994},{"type":"Feature","geometry":{"type":"Point","coordinates":[50.082761902,53.181588103]},"properties":{"name":"Городская усадьба купцов Дунаевых (ансамбль): - каменный дом, в котором размещалась казенная винная лавка; - одноэтажный каменный флигель, в котором размещалась портерная лавка Н.Ф.Дунаева.","description":"Категория: Выявленный<br\/>Время создания объекта:   1871-1908 гг.   1897 г.<br\/>Адрес:  ул. Комсомольская, 26-28\/ул. Ст. Разина, 25, литеры А.Б,Б1","votes":0,"styleName":"okn_point_identified"},"id":9403995},{"type":"Feature","geometry":{"type":"Point","coordinates":[50.083453415,53.1810487108]},"properties":{"name":"Дом мещанки И.Е. Баламожновой - каменный дом по улице; - проездная арка.","description":"Категория: Выявленный<br\/>Время создания объекта: до 1894 г.<br\/>Адрес:  ул. Комсомольская, 33, литер А, а","votes":0,"styleName":"okn_point_identified"},"id":9403996},{"type":"Feature","geometry":{"type":"Point","coordinates":[50.0858177745,53.1805151358]},"properties":{"name":"Дом мещан Вырыпаевых","description":"Категория: Выявленный<br\/>Время создания объекта: 1898-1902 гг.<br\/>Адрес:  ул. Комсомольская, 45, литер А ","votes":0,"styleName":"okn_point_identified"},"id":9403997},{"type":"Feature","geometry":{"type":"Point","coordinates":[50.0847509361,53.1800681134]},"properties":{"name":"Усадьба купеческой семьи Куниных","description":"Категория: Выявленный<br\/>Время создания объекта: 1883, 1850-е; 1886 гг. <br\/>Адрес:  ул. Куйбышева, 17, литеры А, Б ","votes":0,"styleName":"okn_point_identified"},"id":9403998},{"type":"Feature","geometry":{"type":"Point","coordinates":[50.0837003127,53.179083266]},"properties":{"name":"Дом мещанина Я.С.Самсонова","description":"Категория: Выявленный<br\/>Время создания объекта: 1876-1902 гг.<br\/>Адрес:  ул. Куйбышева, 3, литер А","votes":0,"styleName":"okn_point_identified"},"id":9403999},{"type":"Feature","geometry":{"type":"Point","coordinates":[50.0843981607,53.1814640821]},"properties":{"name":"Дом самарского временного купца, коллежского советника, врача Я. Г. Гонелина (Нахимовича)","description":"Категория: Выявленный<br\/>Время создания объекта: начало XX в. <br\/>Адрес:  ул. Куйбышева, 30, литеры А,А1 ","votes":0,"styleName":"okn_point_identified"},"id":9404000},{"type":"Feature","geometry":{"type":"Point","coordinates":[50.0850210626,53.1822339683]},"properties":{"name":"Городская усадьба Молчановых - П.Г. Колесникова (ансамбль): - двухэтажный каменный флигель с подвалом по улице; -двухэтажный каменный дом во дворе.","description":"Категория: Выявленный<br\/>Время создания объекта:   1898 г., 1908 г., 1915-1918 гг. 1907-1908 гг.<br\/>Адрес:  ул. Куйбышева, 40, литеры А, а, С, В ","votes":0,"styleName":"okn_point_identified"},"id":9404001},{"type":"Feature","geometry":{"type":"Point","coordinates":[50.0831820624,53.1793106703]},"properties":{"name":"Лавка мещанина А.И.Суханова","description":"Категория: Выявленный<br\/>Время создания объекта: 1894-1902 гг.<br\/>Адрес:  ул. Куйбышева, 6, литеры А, А1","votes":0,"styleName":"okn_point_identified"},"id":9404002},{"type":"Feature","geometry":{"type":"Point","coordinates":[50.0765807919,53.1780490323]},"properties":{"name":"Городская усадьба купца Е.М.Полякова и потомственной почетной гражданки А.М. Неклютиной (ансамбль): каменный двухэтажный жилой дом; пристрой; каменный гараж для автомобилей.","description":"Категория: Выявленный<br\/>Время создания объекта:  до 1872 г.  1872 г. м\/у 1902 и 1917 гг.<br\/>Адрес:  ул. Кутякова, 10, литеры А, Б5 ","votes":0,"styleName":"okn_point_identified"},"id":9404003},{"type":"Feature","geometry":{"type":"Point","coordinates":[50.0760476106,53.1777280771]},"properties":{"name":"Дом купца А.Н. Шадрина","description":"Категория: Выявленный<br\/>Время создания объекта: 1887 г.<br\/>Адрес:  ул. Кутякова, 8, литеры А, а1, а2, а3, а4","votes":0,"styleName":"okn_point_identified"},"id":9404004},{"type":"Feature","geometry":{"type":"Point","coordinates":[50.0911563533,53.1876901374]},"properties":{"name":"Усадьба Позерн","description":"Категория: Выявленный<br\/>Время создания объекта: 1874 - 1915 гг. <br\/>Адрес:  ул. Ленинградская, 40\/ул. Фрунзе, 90-92, литера А, ул. Фрунзе, 94, литеры А, В","votes":0,"styleName":"okn_point_identified"},"id":9404005},{"type":"Feature","geometry":{"type":"Point","coordinates":[50.1014051602,53.1851728228]},"properties":{"name":"Дом Шихобаловой Ф.Д. с воротами","description":"Категория: Выявленный<br\/>Время создания объекта: 1898 г.<br\/>Адрес:  ул. Ленинградская, 84, литера А","votes":0,"styleName":"okn_point_identified"},"id":9404006},{"type":"Feature","geometry":{"type":"Point","coordinates":[50.1018279684,53.1852041826]},"properties":{"name":"Дом жилой И.Н. Шихобалова ","description":"Категория: Выявленный<br\/>Время создания объекта: 1897 г. <br\/>Адрес:  ул. Ленинградская, 86, литеры А, А1, А2,А3 ","votes":0,"styleName":"okn_point_identified"},"id":9404007},{"type":"Feature","geometry":{"type":"Point","coordinates":[50.1028057474,53.1848537407]},"properties":{"name":"Доходный дом А.М.Болотникова","description":"Категория: Выявленный<br\/>Время создания объекта: 1911 г. <br\/>Адрес:  ул. Ленинградская, 92\/Садовая, 61, литера А ","votes":0,"styleName":"okn_point_identified"},"id":9404008},{"type":"Feature","geometry":{"type":"Point","coordinates":[50.1037327646,53.1849134413]},"properties":{"name":"Усадьба С.В.Морозова (жилой дом и флигель)","description":"Категория: Выявленный<br\/>Время создания объекта: Конец XIX в. <br\/>Адрес:  ул. Ленинградская, 96, литеры А, Г","votes":0,"styleName":"okn_point_identified"},"id":9404009},{"type":"Feature","geometry":{"type":"Point","coordinates":[50.10908271,53.1905293999]},"properties":{"name":"Дом Осокиной Е.И.","description":"Категория: Выявленный<br\/>Время создания объекта: 1891 г.<br\/>Адрес:  ул. Ленинская, 105, литера А, а","votes":0,"styleName":"okn_point_identified"},"id":9404010},{"type":"Feature","geometry":{"type":"Point","coordinates":[50.1067424809,53.1879982891]},"properties":{"name":"Дом на усадьбе мещанина Лесина Ф.Д.","description":"Категория: Выявленный<br\/>Время создания объекта: 1903-1918 гг.<br\/>Адрес:  ул. Ленинская, 106, Литер А","votes":0,"styleName":"okn_point_identified"},"id":9404011},{"type":"Feature","geometry":{"type":"Point","coordinates":[50.1128494925,53.1961061874]},"properties":{"name":"Дом жилой","description":"Категория: Выявленный<br\/>Время создания объекта: Начало ХХ в.<br\/>Адрес:  ул. Ленинская, 169, литер А.","votes":0,"styleName":"okn_point_identified"},"id":9404012},{"type":"Feature","geometry":{"type":"Point","coordinates":[50.1212666559,53.2009267373]},"properties":{"name":"Дом жилой","description":"Категория: Выявленный<br\/>Время создания объекта: Нач. ХХ в.<br\/>Адрес:  ул. Ленинская, 261, литер А.","votes":0,"styleName":"okn_point_identified"},"id":9404013},{"type":"Feature","geometry":{"type":"Point","coordinates":[50.1052145162,53.1848685285]},"properties":{"name":"Жилой дом, флигель и арка на городской усадьбе Шигаева","description":"Категория: Выявленный<br\/>Время создания объекта: Начало XX в. <br\/>Адрес:  ул. Ленинская, 69, литеры А, А1, А2, Б ","votes":0,"styleName":"okn_point_identified"},"id":9404014},{"type":"Feature","geometry":{"type":"Point","coordinates":[50.105089215,53.1855755094]},"properties":{"name":"Деревянный флигель на усадьбе В.Н.Маслова","description":"Категория: Выявленный<br\/>Время создания объекта: Конец XIX в. <br\/>Адрес:  ул. Ленинская, 76, литеры А, а","votes":0,"styleName":"okn_point_identified"},"id":9404015},{"type":"Feature","geometry":{"type":"Point","coordinates":[50.1070501446,53.1889159238]},"properties":{"name":"Дом Дюкова-Борисовых","description":"Категория: Выявленный<br\/>Время создания объекта: 1898-1902 г..<br\/>Адрес:  ул. Льва Толстого, 95, литеры А, А1","votes":0,"styleName":"okn_point_identified"},"id":9404016},{"type":"Feature","geometry":{"type":"Point","coordinates":[50.0790678281,53.1863650245]},"properties":{"name":"Дом мещанина М.А. Коленева","description":"Категория: Выявленный<br\/>Время создания объекта: Конец XIX в., начало XX в. <br\/>Адрес:  ул. Максима Горького, 81, литеры А, А1","votes":0,"styleName":"okn_point_identified"},"id":9404017},{"type":"Feature","geometry":{"type":"Point","coordinates":[50.0794308767,53.1867155597]},"properties":{"name":"Дом Богомоловых с галереей","description":"Категория: Выявленный<br\/>Время создания объекта: XIX в. <br\/>Адрес:  ул. Максима Горького, 85, литеры А, А1, а","votes":0,"styleName":"okn_point_identified"},"id":9404018},{"type":"Feature","geometry":{"type":"Point","coordinates":[50.0795572889,53.1867571257]},"properties":{"name":"Дом Мясниковых","description":"Категория: Выявленный<br\/>Время создания объекта: конец XIX в. <br\/>Адрес:  ул. Максима Горького, 87, литеры А, А1","votes":0,"styleName":"okn_point_identified"},"id":9404019},{"type":"Feature","geometry":{"type":"Point","coordinates":[50.0796083024,53.1868621839]},"properties":{"name":"Дом Крылова","description":"Категория: Выявленный<br\/>Время создания объекта: XX в. <br\/>Адрес:  ул. Максима Горького, 89, литера А","votes":0,"styleName":"okn_point_identified"},"id":9404020},{"type":"Feature","geometry":{"type":"Point","coordinates":[50.1057045091,53.2008636038]},"properties":{"name":"Здание 2-й женской гимназии","description":"Категория: Выявленный<br\/>Время создания объекта: 1911 г.<br\/>Адрес:  ул. Молодогвардейская, 196, литеры А, А1, А2, А3, А4.","votes":0,"styleName":"okn_point_identified"},"id":9404021},{"type":"Feature","geometry":{"type":"Point","coordinates":[50.0920662905,53.1815024922]},"properties":{"name":"Городская усадьба мещан Трофимовых (ансамбль): - жилой дом по улице; - жилой дом во дворе; - кирпичная стена надворных служб с воротами.","description":"Категория: Выявленный<br\/>Время создания объекта:   1880-1902 гг. 1902-1913 гг. 1889 г.<br\/>Адрес:  ул. Молодогвардейская, 32 \/Пионерская, 59, литеры А, В, I-I            ","votes":0,"styleName":"okn_point_identified"},"id":9404022},{"type":"Feature","geometry":{"type":"Point","coordinates":[50.0918753607,53.182321591]},"properties":{"name":"Доходный дом","description":"Категория: Выявленный<br\/>Время создания объекта: Кон. XIX в. - нач. ХХ в.<br\/>Адрес:  ул. Молодогвардейская, 36, Литер А ","votes":0,"styleName":"okn_point_identified"},"id":9404023},{"type":"Feature","geometry":{"type":"Point","coordinates":[50.0949835358,53.1844084788]},"properties":{"name":"Городская усадьба купцов Головкиных","description":"Категория: Выявленный<br\/>Время создания объекта: Конец XIX в. <br\/>Адрес:  ул. Молодогвардейская, 43-45\/ул. Венцека, 54, литеры А, А1, А2, А3, А4, А5, А6, ул. Молодогвардейская, 45","votes":0,"styleName":"okn_point_identified"},"id":9404024},{"type":"Feature","geometry":{"type":"Point","coordinates":[50.0955775315,53.1854515202]},"properties":{"name":"Дом жилой ","description":"Категория: Выявленный<br\/>Время создания объекта: Конец XIX в. <br\/>Адрес:  ул. Молодогвардейская, 53\/Репина пер., 2, литера А ","votes":0,"styleName":"okn_point_identified"},"id":9404025},{"type":"Feature","geometry":{"type":"Point","coordinates":[50.0944456295,53.1846519934]},"properties":{"name":"Жилой дом на усадьбе купца Кириллова Д.В.","description":"Категория: Выявленный<br\/>Время создания объекта: Начало XX в. <br\/>Адрес:  ул. Молодогвардейская, 58, литера А ","votes":0,"styleName":"okn_point_identified"},"id":9404026},{"type":"Feature","geometry":{"type":"Point","coordinates":[50.0910417227,53.1798930504]},"properties":{"name":"Городская усадьба мещан Поташиных (ансамбль): двухэтажный каменный жилой дом по улице; полукаменный флигель на подвальном этаже; каменная кладовая; деревянная изба, обложенная кирпичом.","description":"Категория: Выявленный<br\/>Время создания объекта: 1886-1890 гг.  1886-1890 гг.  1875 г.  1887-1890 гг. 1887-1890 гг. <br\/>Адрес:  ул. Молодогвардейская, 6, литеры А, Б, В, Г","votes":0,"styleName":"okn_point_identified"},"id":9404027},{"type":"Feature","geometry":{"type":"Point","coordinates":[50.0973613593,53.1878103228]},"properties":{"name":"Усадьба Сидоровых","description":"Категория: Выявленный<br\/>Время создания объекта: 1904 г. <br\/>Адрес:  ул. Молодогвардейская, 61, литеры А, А1, Б, Б1 ","votes":0,"styleName":"okn_point_identified"},"id":9404028},{"type":"Feature","geometry":{"type":"Point","coordinates":[50.0980851876,53.1890875106]},"properties":{"name":"Дом Зарубаловых","description":"Категория: Выявленный<br\/>Время создания объекта: 1903-1915 гг.<br\/>Адрес:  ул. Молодогвардейская, 71, литера Б","votes":0,"styleName":"okn_point_identified"},"id":9404029},{"type":"Feature","geometry":{"type":"Point","coordinates":[50.0953257395,53.186009171]},"properties":{"name":"Жилой дом на усадьбе купцов Юриных","description":"Категория: Выявленный<br\/>Время создания объекта: Начало XX в. <br\/>Адрес:  ул. Молодогвардейская, 72, литера А ","votes":0,"styleName":"okn_point_identified"},"id":9404030},{"type":"Feature","geometry":{"type":"Point","coordinates":[50.0982583005,53.1893704796]},"properties":{"name":"Дом Тихомировой Л.А.","description":"Категория: Выявленный<br\/>Время создания объекта: 1898 г.<br\/>Адрес:  ул. Молодогвардейская, 75, литера А","votes":0,"styleName":"okn_point_identified"},"id":9404031},{"type":"Feature","geometry":{"type":"Point","coordinates":[50.0987062507,53.1899919651]},"properties":{"name":"Усадьба мещанина  Кускова М.Ф. ","description":"Категория: Выявленный<br\/>Время создания объекта: 1890-е гг.<br\/>Адрес:  ул. Молодогвардейская, 89, лит. А, А1, А2","votes":0,"styleName":"okn_point_identified"},"id":9404032},{"type":"Feature","geometry":{"type":"Point","coordinates":[50.0996126432,53.1900450932]},"properties":{"name":"Дом Тычининой-Кудрявцевой","description":"Категория: Выявленный<br\/>Время создания объекта: 1902-1915 гг.<br\/>Адрес:  ул. Молодогвардейская, 95, литеры А, А1, А2, А3, Б","votes":0,"styleName":"okn_point_identified"},"id":9404033},{"type":"Feature","geometry":{"type":"Point","coordinates":[50.2296595594,53.224498033]},"properties":{"name":"Больница для душевнобольных на Томашевом колке","description":"Категория: Выявленный<br\/>Время создания объекта: <br\/>Адрес:  ул. Нагорная, 78, литеры К, Ц, Я3, Я4","votes":0,"styleName":"okn_point_identified"},"id":9404034},{"type":"Feature","geometry":{"type":"Point","coordinates":[50.1551058565,53.2157075164]},"properties":{"name":"Казармы 5-го Гусарского Александрийского полка и конноартиллерийского дивизиона в г. Самаре  (комплекс)","description":"Категория: Выявленный<br\/>Время создания объекта: Конец ХIХ в.<br\/>Адрес:  ул. Николая Панова, 5, 7, 9, 11","votes":0,"styleName":"okn_point_identified"},"id":9404035},{"type":"Feature","geometry":{"type":"Point","coordinates":[50.0804619391,53.1847015588]},"properties":{"name":"Городская усадьба мещанки Быстровой и временного купца Балабашева В.А. (ансамбль): - двухэтажный каменный дом с подвалом; - каменные торговые лавки; - жилое помещение на каменном полуэтаже; - ограда с воротами.","description":"Категория: Выявленный<br\/>Время создания объекта:  до 1876 г.,1877 г.   до 1876 г.,1877 г.  1877 г. 1877 г.<br\/>Адрес:  ул. Пионерская, 16, литеры А, Б, В, II","votes":0,"styleName":"okn_point_identified"},"id":9404036},{"type":"Feature","geometry":{"type":"Point","coordinates":[50.083490741,53.184154087]},"properties":{"name":"Жилой флигель усадьбы Сурошникова В.М.","description":"Категория: Выявленный<br\/>Время создания объекта: 1912 - 1914 годы <br\/>Адрес:  ул. Пионерская, 26, литеры АА1","votes":0,"styleName":"okn_point_identified"},"id":9404037},{"type":"Feature","geometry":{"type":"Point","coordinates":[50.0850304012,53.183715811]},"properties":{"name":"Каменный флигель на участке купцов Ивана Прокопьевича и Прохора Тарасовича Поляевых","description":"Категория: Выявленный<br\/>Время создания объекта: 1880-1890-е годы <br\/>Адрес:  ул. Пионерская, 38, литера А","votes":0,"styleName":"okn_point_identified"},"id":9404038},{"type":"Feature","geometry":{"type":"Point","coordinates":[50.078173663,53.1852513287]},"properties":{"name":"Дом городского мещанина П.Е. Каткова","description":"Категория: Выявленный<br\/>Время создания объекта: 1870-е гг.<br\/>Адрес:  ул. Пионерская, 4, литеры А, а.","votes":0,"styleName":"okn_point_identified"},"id":9404039},{"type":"Feature","geometry":{"type":"Point","coordinates":[50.0912616526,53.1820600535]},"properties":{"name":"Жилой дом на усадьбе А.Д. Чекалина","description":"Категория: Выявленный<br\/>Время создания объекта: 1900-е годы <br\/>Адрес:  ул. Пионерская, 78, литера Б","votes":0,"styleName":"okn_point_identified"},"id":9404040},{"type":"Feature","geometry":{"type":"Point","coordinates":[50.0787916756,53.1852471353]},"properties":{"name":"Жилой дом на участке коллежского секретаря Г.А. Шембеля","description":"Категория: Выявленный<br\/>Время создания объекта: 1850-е годы <br\/>Адрес:  ул. Пионерская, 8, литеры А-А7","votes":0,"styleName":"okn_point_identified"},"id":9404041},{"type":"Feature","geometry":{"type":"Point","coordinates":[50.105179515,53.1884511634]},"properties":{"name":"Каменный дом Пыниной Ю.И.- Альшенецкой С.П.","description":"Категория: Выявленный<br\/>Время создания объекта: 1904-1915 гг.<br\/>Адрес:  ул. Садовая, 103, литер А","votes":0,"styleName":"okn_point_identified"},"id":9404042},{"type":"Feature","geometry":{"type":"Point","coordinates":[50.1053013126,53.1887088155]},"properties":{"name":"Дом жилой на усадьбе Е.П.Сапожниковой","description":"Категория: Выявленный<br\/>Время создания объекта: Конец XIX в. <br\/>Адрес:  ул. Садовая, 109, литеры Аа","votes":0,"styleName":"okn_point_identified"},"id":9404043},{"type":"Feature","geometry":{"type":"Point","coordinates":[50.1071366366,53.1925325878]},"properties":{"name":"Усадьба врача П.В. Покровского (ансамбль)","description":"Категория: Выявленный<br\/>Время создания объекта: 1903-1915 гг. 1913-1917 гг.<br\/>Адрес:  ул. Садовая, 140, литер Б; Садовая, 142,литер А","votes":0,"styleName":"okn_point_identified"},"id":9404044},{"type":"Feature","geometry":{"type":"Point","coordinates":[50.1079647344,53.1935170079]},"properties":{"name":"Дом Белогородских","description":"Категория: Выявленный<br\/>Время создания объекта: 1902-1918 гг.<br\/>Адрес:  ул. Садовая, 154 а, литер А","votes":0,"styleName":"okn_point_identified"},"id":9404045},{"type":"Feature","geometry":{"type":"Point","coordinates":[50.1179733568,53.2013274956]},"properties":{"name":"Дом Фокиных на углу Садовой улицы ","description":"Категория: Выявленный<br\/>Время создания объекта: 1903-1915 гг.<br\/>Адрес:  ул. Садовая, 226\/Маяковского, 34-36, литеры А, а, А1, А2","votes":0,"styleName":"okn_point_identified"},"id":9404046},{"type":"Feature","geometry":{"type":"Point","coordinates":[50.1183155132,53.2015072313]},"properties":{"name":"Усадьба Ивановых","description":"Категория: Выявленный<br\/>Время создания объекта: До 1902 г.<br\/>Адрес:  ул. Садовая, 230 Лит. А ","votes":0,"styleName":"okn_point_identified"},"id":9404047},{"type":"Feature","geometry":{"type":"Point","coordinates":[50.1019457549,53.1835260291]},"properties":{"name":"Дом жилой и службы на участке Н.И. и Д.И. Коноваловых","description":"Категория: Выявленный<br\/>Время создания объекта: Конец XIX в. <br\/>Адрес:  ул. Садовая, 45, литеры АА1А2, ББ1,ВВ1","votes":0,"styleName":"okn_point_identified"},"id":9404048},{"type":"Feature","geometry":{"type":"Point","coordinates":[50.1026421723,53.1857600919]},"properties":{"name":"Управление 2-ой полицейской части г. Самары: казармы для служителей, конюшни, каретник, трубная, баня, ледник. Арх. А.У. Зеленко","description":"Категория: Выявленный<br\/>Время создания объекта: 1900 г.<br\/>Адрес:  ул. Садовая, 54, литеры А, В, В1, В3, Г, Д","votes":0,"styleName":"okn_point_identified"},"id":9404049},{"type":"Feature","geometry":{"type":"Point","coordinates":[50.1027486093,53.1864396168]},"properties":{"name":"Усадьба (жилой дом, флигель и службы) мещанской семьи Зуевых","description":"Категория: Выявленный<br\/>Время создания объекта: Начало XX в. <br\/>Адрес:  ул. Садовая, 62, литеры А,Б,В","votes":0,"styleName":"okn_point_identified"},"id":9404050},{"type":"Feature","geometry":{"type":"Point","coordinates":[50.104593666,53.1874418675]},"properties":{"name":"Дом жилой на усадьбе Михайловых, Стройковых","description":"Категория: Выявленный<br\/>Время создания объекта: Конец XIX в., 1870 -90-е гг. <br\/>Адрес:  ул. Садовая, 85, литеры АА1","votes":0,"styleName":"okn_point_identified"},"id":9404051},{"type":"Feature","geometry":{"type":"Point","coordinates":[50.1043857485,53.1919843062]},"properties":{"name":"Городская усадьба","description":"Категория: Выявленный<br\/>Время создания объекта: Кон. XIX в. - нач. ХХ в.<br\/>Адрес:  ул. Самарская, 102, литеры А, А1, Г, И, И1.","votes":0,"styleName":"okn_point_identified"},"id":9404052},{"type":"Feature","geometry":{"type":"Point","coordinates":[50.1042279539,53.1906945398]},"properties":{"name":"Дом Шешлова","description":"Категория: Выявленный<br\/>Время создания объекта: 1884 г.<br\/>Адрес:  ул. Самарская, 107, литера А","votes":0,"styleName":"okn_point_identified"},"id":9404053},{"type":"Feature","geometry":{"type":"Point","coordinates":[50.1055995758,53.1938187009]},"properties":{"name":"Дом на усадьбе мещанина Пронина А.И. ","description":"Категория: Выявленный<br\/>Время создания объекта: Вторая половина XIX в. <br\/>Адрес:  ул. Самарская, 128, лит. А","votes":0,"styleName":"okn_point_identified"},"id":9404054},{"type":"Feature","geometry":{"type":"Point","coordinates":[50.1067237249,53.1944829286]},"properties":{"name":"Доходный дом жены надворного советника Зайцевой Е.К., в которой проживал самарский архитектор Г.И. Машков","description":"Категория: Выявленный<br\/>Время создания объекта: 1908 г. <br\/>Адрес:  ул. Самарская, 151-153\/ул. Рабочая, 22-24, литера И ","votes":0,"styleName":"okn_point_identified"},"id":9404055},{"type":"Feature","geometry":{"type":"Point","coordinates":[50.1070305226,53.1948186587]},"properties":{"name":"Дом Праховой М.Ф.с антресолью","description":"Категория: Выявленный<br\/>Время создания объекта: 1898-1901 гг.<br\/>Адрес:  ул. Самарская, 157, литера А","votes":0,"styleName":"okn_point_identified"},"id":9404056},{"type":"Feature","geometry":{"type":"Point","coordinates":[50.1077977859,53.1984819883]},"properties":{"name":"Дом Тимрот - Кириллова","description":"Категория: Выявленный<br\/>Время создания объекта: 1899 г.<br\/>Адрес:  ул. Самарская, 165, литер А","votes":0,"styleName":"okn_point_identified"},"id":9404057},{"type":"Feature","geometry":{"type":"Point","coordinates":[50.0971314476,53.1819402879]},"properties":{"name":"Дом жилой на городской усадьбе ","description":"Категория: Выявленный<br\/>Время создания объекта: Конец 19 - начало 20 века <br\/>Адрес:  ул. Самарская, 18, литеры Б, б ","votes":0,"styleName":"okn_point_identified"},"id":9404058},{"type":"Feature","geometry":{"type":"Point","coordinates":[50.0971314476,53.1819402879]},"properties":{"name":"Дом жилой на городской усадьбе (флигель)","description":"Категория: Выявленный<br\/>Время создания объекта: Конец 19 - начало 20 века <br\/>Адрес:  ул. Самарская, 18, литеры И,и1 ","votes":0,"styleName":"okn_point_identified"},"id":9404059},{"type":"Feature","geometry":{"type":"Point","coordinates":[50.0971314476,53.1819402879]},"properties":{"name":"Дом жилой на городской усадьбе (флигель с воротами)","description":"Категория: Выявленный<br\/>Время создания объекта: Конец 19 - начало 20 века <br\/>Адрес:  ул. Самарская, 18, литеры Ввв1 ","votes":0,"styleName":"okn_point_identified"},"id":9404060},{"type":"Feature","geometry":{"type":"Point","coordinates":[50.0979880797,53.1824810172]},"properties":{"name":"Каменный дом мещанина Чернышева Е.И.","description":"Категория: Выявленный<br\/>Время создания объекта: 1899 г.<br\/>Адрес:  ул. Самарская, 22, литера А ","votes":0,"styleName":"okn_point_identified"},"id":9404061},{"type":"Feature","geometry":{"type":"Point","coordinates":[50.1196220245,53.2031797996]},"properties":{"name":"Дом Талуновой П.В.- Васильева М.Е.","description":"Категория: Выявленный<br\/>Время создания объекта: 1898 г. 1905-1915 гг.<br\/>Адрес:  ул. Самарская, 247-249\/Чкалова, 31-33, Литер А","votes":0,"styleName":"okn_point_identified"},"id":9404062},{"type":"Feature","geometry":{"type":"Point","coordinates":[50.0987547298,53.1837447474]},"properties":{"name":"Дом мещанина Доманова А.Г. ","description":"Категория: Выявленный<br\/>Время создания объекта: До 1874 г.<br\/>Адрес:  ул. Самарская, 34, литеры А, А1, А2","votes":0,"styleName":"okn_point_identified"},"id":9404063},{"type":"Feature","geometry":{"type":"Point","coordinates":[50.0996936603,53.1841572198]},"properties":{"name":"Жилой дом на участке А.Г.Ларина","description":"Категория: Выявленный<br\/>Время создания объекта: Конец XIX в. <br\/>Адрес:  ул. Самарская, 49, литера А","votes":0,"styleName":"okn_point_identified"},"id":9404064},{"type":"Feature","geometry":{"type":"Point","coordinates":[50.1002797749,53.1849038592]},"properties":{"name":"Дом Савельева И.В.","description":"Категория: Выявленный<br\/>Время создания объекта: До 1868 г.<br\/>Адрес:  ул. Самарская, 57, литер А","votes":0,"styleName":"okn_point_identified"},"id":9404065},{"type":"Feature","geometry":{"type":"Point","coordinates":[50.1025758697,53.1882600306]},"properties":{"name":"Доходный дом на участке А.И Степанова \u2013 Е.Я.Джемс-Леви","description":"Категория: Выявленный<br\/>Время создания объекта: 1910-е гг.<br\/>Адрес:  ул. Самарская, 89, литера А","votes":0,"styleName":"okn_point_identified"},"id":9404066},{"type":"Feature","geometry":{"type":"Point","coordinates":[50.103312213,53.1912410851]},"properties":{"name":"Дом мещанина Майорова Н.С. ","description":"Категория: Выявленный<br\/>Время создания объекта: 1898 г.<br\/>Адрес:  ул. Самарская, 92, литера А","votes":0,"styleName":"okn_point_identified"},"id":9404067},{"type":"Feature","geometry":{"type":"Point","coordinates":[50.1028844753,53.1885793628]},"properties":{"name":"Доходный дом М.М.Крепляк","description":"Категория: Выявленный<br\/>Время создания объекта: 1910-е гг.<br\/>Адрес:  ул. Самарская, 93, литера А","votes":0,"styleName":"okn_point_identified"},"id":9404068},{"type":"Feature","geometry":{"type":"Point","coordinates":[50.0822339654,53.1791761866]},"properties":{"name":"Городская усадьба В.Г. Рамзаевой  (ансамбль): - жилой дом; - надворные службы.","description":"Категория: Выявленный<br\/>Время создания объекта:   до 1898 г. 1902 г.<br\/>Адрес:  ул. Степана Разина, 1, литеры А, А1, а1","votes":0,"styleName":"okn_point_identified"},"id":9404069},{"type":"Feature","geometry":{"type":"Point","coordinates":[50.081759899,53.1814011812]},"properties":{"name":"Жилой дом на участке Е.И.Смирновой","description":"Категория: Выявленный<br\/>Время создания объекта: 1858 г. <br\/>Адрес:  ул. Степана Разина, 17, литеры АА1","votes":0,"styleName":"okn_point_identified"},"id":9404070},{"type":"Feature","geometry":{"type":"Point","coordinates":[50.0825201424,53.180897552]},"properties":{"name":"Двухэтажный полукаменный с антресолью дом купеческой вдовы А.Е.Сорокиной","description":"Категория: Выявленный<br\/>Время создания объекта: 1898 г.<br\/>Адрес:  ул. Степана Разина, 21, литер А","votes":0,"styleName":"okn_point_identified"},"id":9404071},{"type":"Feature","geometry":{"type":"Point","coordinates":[50.0825259502,53.1810943513]},"properties":{"name":"Каменный амбар купца И.П.Сорокина","description":"Категория: Выявленный<br\/>Время создания объекта: 1881 г.<br\/>Адрес:  ул. Степана Разина, 21, литер Г","votes":0,"styleName":"okn_point_identified"},"id":9404072},{"type":"Feature","geometry":{"type":"Point","coordinates":[50.0837902385,53.1822267636]},"properties":{"name":"Дом Е.Н. Шихобалова ","description":"Категория: Выявленный<br\/>Время создания объекта: 1906 г. <br\/>Адрес:  ул. Степана Разина, 31а, литера А3","votes":0,"styleName":"okn_point_identified"},"id":9404073},{"type":"Feature","geometry":{"type":"Point","coordinates":[50.0833288065,53.1825011957]},"properties":{"name":"Жилой дом ОГПУ ","description":"Категория: Выявленный<br\/>Время создания объекта: 1930-е годы <br\/>Адрес:  ул. Степана Разина, 31б-33, литеры А,А1,А2","votes":0,"styleName":"okn_point_identified"},"id":9404074},{"type":"Feature","geometry":{"type":"Point","coordinates":[50.0824455302,53.1822110572]},"properties":{"name":"Городская усадьба Пензиных (ансамбль): - двухэтажный каменный дом с пристроями на подвальном этаже; - двухэтажный каменный корпус по левой стороне двора; - каменный в 2 этажа дом во дворе; - кирпичная ограда с арками ворот и калиток.","description":"Категория: Выявленный<br\/>Время создания объекта: 1902 г.   1902 г.  1906-1907 гг.<br\/>Адрес:  ул. Степана Разина, 38, А, А1, А2, Б, Д ","votes":0,"styleName":"okn_point_identified"},"id":9404075},{"type":"Feature","geometry":{"type":"Point","coordinates":[50.0851480455,53.1846244194]},"properties":{"name":"Дом купцов Плехановых ","description":"Категория: Выявленный<br\/>Время создания объекта: 1899 г. <br\/>Адрес:  ул. Степана Разина, 47, литеры АА1А2","votes":0,"styleName":"okn_point_identified"},"id":9404076},{"type":"Feature","geometry":{"type":"Point","coordinates":[50.0839856953,53.1849011955]},"properties":{"name":"Городская усадьба мещанки А.Т.Мельниковой (ансамбль): жилой дом; каменные нежилые службы; кирпичная ограда с аркой ворот.","description":"Категория: Выявленный<br\/>Время создания объекта:  до 1871 г., 1871 г., 1871г., 1871 г.<br\/>Адрес:  ул. Степана Разина, 56 литеры А, А1, Б (","votes":0,"styleName":"okn_point_identified"},"id":9404077},{"type":"Feature","geometry":{"type":"Point","coordinates":[50.086060204,53.1864667169]},"properties":{"name":"Дом Головачевых с лавкой","description":"Категория: Выявленный<br\/>Время создания объекта: 1870-1884 гг.<br\/>Адрес:  ул. Степана Разина, 57, литера А","votes":0,"styleName":"okn_point_identified"},"id":9404078},{"type":"Feature","geometry":{"type":"Point","coordinates":[50.0878945189,53.1891857108]},"properties":{"name":"Дом Гуськовых","description":"Категория: Выявленный<br\/>Время создания объекта: 1880-е, 1900 годы <br\/>Адрес:  ул. Степана Разина, 75, литера Б","votes":0,"styleName":"okn_point_identified"},"id":9404079},{"type":"Feature","geometry":{"type":"Point","coordinates":[50.0880935135,53.1895213205]},"properties":{"name":"Дом С.С. Козмодемьянского","description":"Категория: Выявленный<br\/>Время создания объекта: 1890-е годы <br\/>Адрес:  ул. Степана Разина, 79, литера А","votes":0,"styleName":"okn_point_identified"},"id":9404080},{"type":"Feature","geometry":{"type":"Point","coordinates":[50.0881142818,53.189672806]},"properties":{"name":"Дом Носовой В.С.","description":"Категория: Выявленный<br\/>Время создания объекта: 1880-1883 гг.<br\/>Адрес:  ул. Степана Разина, 81, литера А","votes":0,"styleName":"okn_point_identified"},"id":9404081},{"type":"Feature","geometry":{"type":"Point","coordinates":[50.0883463297,53.189769522]},"properties":{"name":"Дом мещанина П.И. Васильева","description":"Категория: Выявленный<br\/>Время создания объекта: 1870-е годы <br\/>Адрес:  ул. Степана Разина, 83, литеры А, А1","votes":0,"styleName":"okn_point_identified"},"id":9404082},{"type":"Feature","geometry":{"type":"Point","coordinates":[50.0848712562,53.1868239997]},"properties":{"name":"Жилой дом на участке И.А.Сакулина","description":"Категория: Выявленный<br\/>Время создания объекта: Конец XIX в. <br\/>Адрес:  ул. Степана Разина, 88, литера Б","votes":0,"styleName":"okn_point_identified"},"id":9404083},{"type":"Feature","geometry":{"type":"Point","coordinates":[50.1290345692,53.1908599675]},"properties":{"name":"Дом жилой","description":"Категория: Выявленный<br\/>Время создания объекта: 1951-1957 гг.<br\/>Адрес:  ул. Урицкого, 8\/ Желябова","votes":0,"styleName":"okn_point_identified"},"id":9404084},{"type":"Feature","geometry":{"type":"Point","coordinates":[50.0857810931,53.1795093424]},"properties":{"name":"Дом жилой на участке А.М.Кровельщикова (Михайлова)","description":"Категория: Выявленный<br\/>Время создания объекта: Начало XX века <br\/>Адрес:  ул. Фрунзе, 10, литера А","votes":0,"styleName":"okn_point_identified"},"id":9404085},{"type":"Feature","geometry":{"type":"Point","coordinates":[50.0865789166,53.1797300012]},"properties":{"name":"Купеческая усадьба ","description":"Категория: Выявленный<br\/>Время создания объекта: 1852 г. <br\/>Адрес:  ул. Фрунзе, 15, литеры А, Б, 17, 19 ","votes":0,"styleName":"okn_point_identified"},"id":9404086},{"type":"Feature","geometry":{"type":"Point","coordinates":[50.0983900698,53.1974536243]},"properties":{"name":"Дом Кичаева В.А. в стиле модерн. арх. Квятковский М.И.","description":"Категория: Выявленный<br\/>Время создания объекта: 1907-1908 гг.<br\/>Адрес:  ул. Фрунзе, 173, литер А","votes":0,"styleName":"okn_point_identified"},"id":9404087},{"type":"Feature","geometry":{"type":"Point","coordinates":[50.0869695221,53.1802374559]},"properties":{"name":"Жилой дом на усадьбе А.В. Евсеева","description":"Категория: Выявленный<br\/>Время создания объекта: начало XX в. <br\/>Адрес:  ул. Фрунзе, 21\/ул. Комсомольская, 51-53 ","votes":0,"styleName":"okn_point_identified"},"id":9404088},{"type":"Feature","geometry":{"type":"Point","coordinates":[50.0863318887,53.1803411348]},"properties":{"name":"Дом купца П.Ф.Попова","description":"Категория: Выявленный<br\/>Время создания объекта: 1874 г.<br\/>Адрес:  ул. Фрунзе, 24\/ Комсомольская, 49, литер А ","votes":0,"styleName":"okn_point_identified"},"id":9404089},{"type":"Feature","geometry":{"type":"Point","coordinates":[50.0877954012,53.1809353356]},"properties":{"name":"Жилой дом Волжского грузового речного пароходства","description":"Категория: Выявленный<br\/>Время создания объекта: Середина XX века <br\/>Адрес:  ул. Фрунзе, 25-27, литера О","votes":0,"styleName":"okn_point_identified"},"id":9404090},{"type":"Feature","geometry":{"type":"Point","coordinates":[50.0879550978,53.1811806419]},"properties":{"name":"Дом муллы Мельзетдинова Зейниля Абедин Албибин","description":"Категория: Выявленный<br\/>Время создания объекта: 1874 г.<br\/>Адрес:  ул. Фрунзе, 29, литеры А, А1, А3, а, а3, Б, Б1, б ","votes":0,"styleName":"okn_point_identified"},"id":9404091},{"type":"Feature","geometry":{"type":"Point","coordinates":[50.0884327229,53.1823569312]},"properties":{"name":"Дом мещан Капраловых","description":"Категория: Выявленный<br\/>Время создания объекта: 1872 г.<br\/>Адрес:  ул. Фрунзе, 39-41\/ Пионерская, 41, литер Б ","votes":0,"styleName":"okn_point_identified"},"id":9404092},{"type":"Feature","geometry":{"type":"Point","coordinates":[50.0884327229,53.1823569312]},"properties":{"name":"Дом купца П.П.Молгачева","description":"Категория: Выявленный<br\/>Время создания объекта: 1898 г.<br\/>Адрес:  ул. Фрунзе, 39-41\/Пионерская, 41, литеры А,А1 ","votes":0,"styleName":"okn_point_identified"},"id":9404093},{"type":"Feature","geometry":{"type":"Point","coordinates":[50.0894781583,53.1833971674]},"properties":{"name":"Дом Д.Е. Челышева ","description":"Категория: Выявленный<br\/>Время создания объекта: 1880-е гг. <br\/>Адрес:  ул. Фрунзе, 51, литера А","votes":0,"styleName":"okn_point_identified"},"id":9404094},{"type":"Feature","geometry":{"type":"Point","coordinates":[50.0907833913,53.1860545443]},"properties":{"name":"Дом купца И.С. Гусева","description":"Категория: Выявленный<br\/>Время создания объекта: Конец XIX в. <br\/>Адрес:  ул. Фрунзе, 77, литеры А, А1, А2","votes":0,"styleName":"okn_point_identified"},"id":9404095},{"type":"Feature","geometry":{"type":"Point","coordinates":[50.0772435098,53.1718648283]},"properties":{"name":"Паровая мукомольная крупчатая мельница Товарищества (комплекс): главный производственный корпус, здание машинного отделения, здание котельной, хлебные амбары, здание конторы и жилых квартир для работающего персонала мельницы, палисадник, мучной склад, дымовая труба котельной","description":"Категория: Выявленный<br\/>Время создания объекта: 1882-1885 гг.<br\/>Адрес:  ул. Халиловская, 2, литеры А, А1, А9, А13; Б, Б1, Е, Е1, Е2, Е3, П; дымовая труба","votes":0,"styleName":"okn_point_identified"},"id":9404096},{"type":"Feature","geometry":{"type":"Point","coordinates":[50.0960243536,53.1897089241]},"properties":{"name":"Дом Тепляковых","description":"Категория: Выявленный<br\/>Время создания объекта: 1880-е гг.<br\/>Адрес:  ул. Чапаевская, 127, литера А","votes":0,"styleName":"okn_point_identified"},"id":9404097},{"type":"Feature","geometry":{"type":"Point","coordinates":[50.0955647235,53.1900910835]},"properties":{"name":"Усадьба мещанки Куден В.Н.: каменный дом по улице и два полукаменных дома во дворе","description":"Категория: Выявленный<br\/>Время создания объекта: 1899-1909 гг.<br\/>Адрес:  ул. Чапаевская, 132, литеры А, В, в, Г, ","votes":0,"styleName":"okn_point_identified"},"id":9404098},{"type":"Feature","geometry":{"type":"Point","coordinates":[50.0964071919,53.190140239]},"properties":{"name":"Дом В.Ф.Козикова","description":"Категория: Выявленный<br\/>Время создания объекта: Начало XX в. <br\/>Адрес:  ул. Чапаевская, 135, литеры АА1, ","votes":0,"styleName":"okn_point_identified"},"id":9404099},{"type":"Feature","geometry":{"type":"Point","coordinates":[50.0963925118,53.1902542943]},"properties":{"name":"Дом врача Шимкевич ","description":"Категория: Выявленный<br\/>Время создания объекта: 1890-е гг.<br\/>Адрес:  ул. Чапаевская, 137, литера А, ","votes":0,"styleName":"okn_point_identified"},"id":9404100},{"type":"Feature","geometry":{"type":"Point","coordinates":[50.095237388,53.1908633589]},"properties":{"name":"Усадьба купца М.А. Чаковского и Самфировой М.Ф.: каменный дом, в котором размещалась синагога и полукаменный дом во дворе","description":"Категория: Выявленный<br\/>Время создания объекта: 1898-1902 гг., 1908-1915 гг.<br\/>Адрес:  ул. Чапаевская, 138, литеры А, А1, А2, Б,","votes":0,"styleName":"okn_point_identified"},"id":9404101},{"type":"Feature","geometry":{"type":"Point","coordinates":[50.0961964233,53.190957816]},"properties":{"name":"Дом жилой","description":"Категория: Выявленный<br\/>Время создания объекта: 1890-е гг.<br\/>Адрес:  ул. Чапаевская, 142, литеры А, А1","votes":0,"styleName":"okn_point_identified"},"id":9404102},{"type":"Feature","geometry":{"type":"Point","coordinates":[50.0964870971,53.1914011094]},"properties":{"name":"Дом жилой ","description":"Категория: Выявленный<br\/>Время создания объекта: 1890-е гг.<br\/>Адрес:  ул. Чапаевская, 146, литеры А, А1, А2.","votes":0,"styleName":"okn_point_identified"},"id":9404103},{"type":"Feature","geometry":{"type":"Point","coordinates":[50.0890551995,53.1801138071]},"properties":{"name":"Дом Прытковых","description":"Категория: Выявленный<br\/>Время создания объекта: 1902-1913 гг.<br\/>Адрес:  ул. Чапаевская, 15\/ул. Комсомольская, 62, литер В ","votes":0,"styleName":"okn_point_identified"},"id":9404104},{"type":"Feature","geometry":{"type":"Point","coordinates":[50.0890551995,53.1801138071]},"properties":{"name":"Дом жены отставного унтер-офицера К.А.Андреевой (с калиткой)","description":"Категория: Выявленный<br\/>Время создания объекта: 1889 г.<br\/>Адрес:  ул. Чапаевская, 15\/ул. Комсомольская, 62, литеры Б, Б1 ","votes":0,"styleName":"okn_point_identified"},"id":9404105},{"type":"Feature","geometry":{"type":"Point","coordinates":[50.0971117408,53.192072985]},"properties":{"name":"Дом жилой","description":"Категория: Выявленный<br\/>Время создания объекта: 1880-е гг.<br\/>Адрес:  ул. Чапаевская, 156, литер А","votes":0,"styleName":"okn_point_identified"},"id":9404106},{"type":"Feature","geometry":{"type":"Point","coordinates":[50.0976396743,53.1919157131]},"properties":{"name":"Дом жилой","description":"Категория: Выявленный<br\/>Время создания объекта: Нач. ХХ в.<br\/>Адрес:  ул. Чапаевская, 157, литеры А, а, а2.","votes":0,"styleName":"okn_point_identified"},"id":9404107},{"type":"Feature","geometry":{"type":"Point","coordinates":[50.0972364996,53.1923379604]},"properties":{"name":"Дом жилой","description":"Категория: Выявленный<br\/>Время создания объекта: 1890-е гг.<br\/>Адрес:  ул. Чапаевская, 162, литер А.","votes":0,"styleName":"okn_point_identified"},"id":9404108},{"type":"Feature","geometry":{"type":"Point","coordinates":[50.0978207527,53.1921947325]},"properties":{"name":"Дом Никольского Д.Д.- Шибаевой Е.А.","description":"Категория: Выявленный<br\/>Время создания объекта: 1902-1915 гг.<br\/>Адрес:  ул. Чапаевская, 163, литера А, ","votes":0,"styleName":"okn_point_identified"},"id":9404109},{"type":"Feature","geometry":{"type":"Point","coordinates":[50.0983134345,53.1929618575]},"properties":{"name":"Дом потомственной почетной гражданки  Соколовой Л.В.","description":"Категория: Выявленный<br\/>Время создания объекта: 1860-1914 гг.<br\/>Адрес:  ул. Чапаевская, 171, литеры А, А1, А2, а1, а2, ","votes":0,"styleName":"okn_point_identified"},"id":9404110},{"type":"Feature","geometry":{"type":"Point","coordinates":[50.0984285833,53.1930635743]},"properties":{"name":"Дом Крашенинникова Н.В.","description":"Категория: Выявленный<br\/>Время создания объекта: 1884-1902 гг.<br\/>Адрес:  ул. Чапаевская, 173, литера А, ","votes":0,"styleName":"okn_point_identified"},"id":9404111},{"type":"Feature","geometry":{"type":"Point","coordinates":[50.0984864557,53.1931744063]},"properties":{"name":"Дом Кокушиной Е.А.","description":"Категория: Выявленный<br\/>Время создания объекта: 1884-1902 гг.<br\/>Адрес:  ул. Чапаевская, 175, литера А","votes":0,"styleName":"okn_point_identified"},"id":9404112},{"type":"Feature","geometry":{"type":"Point","coordinates":[50.0891232232,53.1805026527]},"properties":{"name":"Дом В.Я.Чернова","description":"Категория: Выявленный<br\/>Время создания объекта: 1896-1898 гг. до 1913 г.<br\/>Адрес:  ул. Чапаевская, 19, литер А ","votes":0,"styleName":"okn_point_identified"},"id":9404113},{"type":"Feature","geometry":{"type":"Point","coordinates":[50.0892069315,53.1805643037]},"properties":{"name":"Дом крестьянки Зарайского уезда В.М.Новиковой","description":"Категория: Выявленный<br\/>Время создания объекта: 1912 г.<br\/>Адрес:  ул. Чапаевская, 21, литер А ","votes":0,"styleName":"okn_point_identified"},"id":9404114},{"type":"Feature","geometry":{"type":"Point","coordinates":[50.0886086539,53.1809660211]},"properties":{"name":"Дом на усадьбе крестьянки А.В.Косолаповой с торговой лавкой и кирпичной аркой ворот","description":"Категория: Выявленный<br\/>Время создания объекта: 1888-1903 гг.<br\/>Адрес:  ул. Чапаевская, 30, литеры А, А2 ","votes":0,"styleName":"okn_point_identified"},"id":9404115},{"type":"Feature","geometry":{"type":"Point","coordinates":[50.0886205143,53.1812777711]},"properties":{"name":"Дом Калмыковых ","description":"Категория: Выявленный<br\/>Время создания объекта: м\/у 1903 и  1915 гг.<br\/>Адрес:  ул. Чапаевская, 34, литер Б ","votes":0,"styleName":"okn_point_identified"},"id":9404116},{"type":"Feature","geometry":{"type":"Point","coordinates":[50.0886205143,53.1812777711]},"properties":{"name":"Дом коломенской мещанки Е.А.Фильчугиной","description":"Категория: Выявленный<br\/>Время создания объекта: 1877-1879 гг.<br\/>Адрес:  ул. Чапаевская, 34, литеры А, а ","votes":0,"styleName":"okn_point_identified"},"id":9404117},{"type":"Feature","geometry":{"type":"Point","coordinates":[50.089108998,53.1813946063]},"properties":{"name":"Мещанская усадьба (ансамбль): полукаменный дом по улице; полукаменный дом во дворе; каменный дом во дворе.","description":"Категория: Выявленный<br\/>Время создания объекта:  м\/у 1903 и 1915 гг. <br\/>Адрес:  ул. Чапаевская, 36, литеры А, Б, В, Е ","votes":0,"styleName":"okn_point_identified"},"id":9404118},{"type":"Feature","geometry":{"type":"Point","coordinates":[50.0900269932,53.181662462]},"properties":{"name":"Дом мещанки А.Г.Букиной","description":"Категория: Выявленный<br\/>Время создания объекта: 1898 г.<br\/>Адрес:  ул. Чапаевская, 41, литер А ","votes":0,"styleName":"okn_point_identified"},"id":9404119},{"type":"Feature","geometry":{"type":"Point","coordinates":[50.0904355934,53.1817012009]},"properties":{"name":"Полукаменный дом крестьянина М.И. Боброва и мещанки А.Г.Букиной","description":"Категория: Выявленный<br\/>Время создания объекта: 1883-1898 гг.<br\/>Адрес:  ул. Чапаевская, 41, литер Б ","votes":0,"styleName":"okn_point_identified"},"id":9404120},{"type":"Feature","geometry":{"type":"Point","coordinates":[50.0904129742,53.1830252099]},"properties":{"name":"Усадьба мещанина Ф.И.Макарова (ансамбль): - жилой дом с подвалом; - каменные службы.","description":"Категория: Выявленный<br\/>Время создания объекта:  1902 г. <br\/>Адрес:  ул. Чапаевская, 54, литеры А, Б, В ","votes":0,"styleName":"okn_point_identified"},"id":9404121},{"type":"Feature","geometry":{"type":"Point","coordinates":[50.0915109184,53.183484185]},"properties":{"name":"Жилой дои на участке Е. В. Крашенинникова ","description":"Категория: Выявленный<br\/>Время создания объекта: 1901 г. <br\/>Адрес:  ул. Чапаевская, 63, литеры АА1, ","votes":0,"styleName":"okn_point_identified"},"id":9404122},{"type":"Feature","geometry":{"type":"Point","coordinates":[50.0930084315,53.1854902977]},"properties":{"name":"Дом П.И. Шихобалова на Николаевской улице","description":"Категория: Выявленный<br\/>Время создания объекта: 1902-1910 гг.<br\/>Адрес:  ул. Чапаевская, 77, литер А, ","votes":0,"styleName":"okn_point_identified"},"id":9404123},{"type":"Feature","geometry":{"type":"Point","coordinates":[50.091641849,53.1857329369]},"properties":{"name":"Дом М.Я. Юриной арх. Г.Н. Мошков","description":"Категория: Выявленный<br\/>Время создания объекта: 1882-1910 гг.<br\/>Адрес:  ул. Чапаевская, 84-86, литера А, ","votes":0,"styleName":"okn_point_identified"},"id":9404124},{"type":"Feature","geometry":{"type":"Point","coordinates":[50.0923148756,53.1856190697]},"properties":{"name":"Жилой дои на участке А.А. Савельева","description":"Категория: Выявленный<br\/>Время создания объекта: 90-е гг. XIX в. <br\/>Адрес:  ул. Чапаевская, 88, литеры АА1А2, ","votes":0,"styleName":"okn_point_identified"},"id":9404125},{"type":"Feature","geometry":{"type":"Point","coordinates":[50.0921451074,53.1857826238]},"properties":{"name":"Усадьба Коноваловых и Красниковых","description":"Категория: Выявленный<br\/>Время создания объекта: 1874-1910 гг.<br\/>Адрес:  ул. Чапаевская, 90, литеры А, А2, Б, В, В1, ","votes":0,"styleName":"okn_point_identified"},"id":9404126},{"type":"Feature","geometry":{"type":"Point","coordinates":[50.1123108955,53.1988391531]},"properties":{"name":"Дом, в котором размещался 2-й райком РКП(б) и 2-й райком РКСМ.","description":"Категория: Выявленный<br\/>Время создания объекта: Нач. ХХ в.<br\/>Адрес:  ул. Ярмарочная, 19\/Садовая, 210, литер А","votes":0,"styleName":"okn_point_identified"},"id":9404127},{"type":"Feature","geometry":{"type":"Point","coordinates":[50.1019359892,53.1850596503]},"properties":{"name":"Жилые дома на усадьбе Лавровых","description":"Категория: Выявленный<br\/>Время создания объекта: 1853, 1909 гг. <br\/>Адрес:  ул.Ленинградская, 88-90\/ул.Садовая, 50-52, литеры А,А1,А2, Г, ","votes":0,"styleName":"okn_point_identified"},"id":9404128},{"type":"Feature","geometry":{"type":"Point","coordinates":[50.1033710374,53.1867994473]},"properties":{"name":"Дом Р.Т. Рыбакова","description":"Категория: Выявленный<br\/>Время создания объекта: Около 1870-го г.<br\/>Адрес:  ул.Садовая, 70-72\/ул.Некрасовская, 85, литера Б, ","votes":0,"styleName":"okn_point_identified"},"id":9404129},{"type":"Feature","geometry":{"type":"Point","coordinates":[50.1593231814,53.2087272512]},"properties":{"name":"Дом жилой                    ","description":"Категория: Выявленный<br\/>Время создания объекта: 50-е гг. ХХ в.<br\/>Адрес:  проспект Масленникова, 20\/ул. Гая, 15 - 17                   ","votes":0,"styleName":"okn_point_identified"},"id":9404130},{"type":"Feature","geometry":{"type":"Point","coordinates":[50.2739223766,53.2328055806]},"properties":{"name":"Магазин                      ","description":"Категория: Выявленный<br\/>Время создания объекта: 40-50-е гг.  ХХ в.<br\/>Адрес:  проспект Металлургов, 76 а ","votes":0,"styleName":"okn_point_identified"},"id":9404131},{"type":"Feature","geometry":{"type":"Point","coordinates":[50.2570976828,53.2156679389]},"properties":{"name":"Дом жилой","description":"Категория: Выявленный<br\/>Время создания объекта: 1940-50-е гг.<br\/>Адрес: ул.Воронежская, 1а","votes":0,"styleName":"okn_point_identified"},"id":9404132},{"type":"Feature","geometry":{"type":"Point","coordinates":[50.2181800275,53.2011839878]},"properties":{"name":"Дом жилой с магазином","description":"Категория: Выявленный<br\/>Время создания объекта: Около 1950 г.<br\/>Адрес: ул.Гагарина, 153\/ ул.Проезд 9 Мая, 18","votes":0,"styleName":"okn_point_identified"},"id":9404133},{"type":"Feature","geometry":{"type":"Point","coordinates":[50.2644698007,53.2154951856]},"properties":{"name":"Дом жилой","description":"Категория: Выявленный<br\/>Время создания объекта: 40-50-е гг. ХХ в.<br\/>Адрес: ул.Краснодонская, 5 (угловой)","votes":0,"styleName":"okn_point_identified"},"id":9404134},{"type":"Feature","geometry":{"type":"Point","coordinates":[50.118358091,53.1829784277]},"properties":{"name":"Парфюмерный комбинат","description":"Категория: Выявленный<br\/>Время создания объекта: <br\/>Адрес: ул.Неверова, 33, литеры А, А1, А2, Ц, Ц1, Ц2","votes":0,"styleName":"okn_point_identified"},"id":9404135},{"type":"Feature","geometry":{"type":"Point","coordinates":[50.2514517694,53.2134180362]},"properties":{"name":"Дом жилой                    ","description":"Категория: Выявленный<br\/>Время создания объекта: 40-50-е гг. ХХ в.<br\/>Адрес:  ул. Победы, 97а, 97б       ","votes":0,"styleName":"okn_point_identified"},"id":9404136},{"type":"Feature","geometry":{"type":"Point","coordinates":[50.1054657589,53.1890299905]},"properties":{"name":"Дом жилой                    ","description":"Категория: Выявленный<br\/>Время создания объекта: <br\/>Адрес:  ул. Садовая, 113 (во дворе)","votes":0,"styleName":"okn_point_identified"},"id":9404137},{"type":"Feature","geometry":{"type":"Point","coordinates":[50.0878021633,53.1887736858]},"properties":{"name":"Флигель во дворе на усадьбе   И.А. Волкова                 ","description":"Категория: Выявленный<br\/>Время создания объекта: <br\/>Адрес:  ул. Степана Разина, 71 (во дворе)                            ","votes":0,"styleName":"okn_point_identified"},"id":9404138},{"type":"Feature","geometry":{"type":"Point","coordinates":[50.2541120329,53.2143292456]},"properties":{"name":"Жилой дом с учреждениями     ","description":"Категория: Выявленный<br\/>Время создания объекта: 40-50-е гг. ХХ в.<br\/>Адрес:  ул. Физкультурная, 98а","votes":0,"styleName":"okn_point_identified"},"id":9404139},{"type":"Feature","geometry":{"type":"Point","coordinates":[50.1089817808,53.1949889108]},"properties":{"name":"Дом статского советника  Ф.Б.Трабша. В годы Великой Отечественной войны  (1941 \u2013 1945 гг.) в этом здании располагалась дипломатическая миссия королевства Бельгия  (арх. Тепфер Ф.Б.)","description":"Категория: Выявленный<br\/>Время создания объекта: 1913 г.<br\/>Адрес:  ул. Садовая, 166, литера А","votes":0,"styleName":"okn_point_identified"},"id":9404140},{"type":"Feature","geometry":{"type":"Point","coordinates":[50.0811423312,53.1825774255]},"properties":{"name":"Здание реального училища, где учились в 1882-1889 гг. революционер Кржижановский Глеб Максимилианович и в 1897-1901 гг. писатель Толстой Алексей Николаевич","description":"Регистрационный номер в реестре: 631510260520006<br\/>Вид объекта: памятник истории <br\/>Категория: Федерального значения<br\/>Время создания объекта: 1882-1901 гг. <br\/>Адрес: ул. Обороны, 31 <br\/>Документ принятия на охрану: Постановление Сов. Министров РСФСР от 04.12.1974 г.  № 624<br\/>Границы территории: Постановление Правительства Самарской области от 05.05.2012 г. № 243 Приложения постановление правительства Самарской области от 11 декабря 2014 г. № 775<br\/>Зона Охраны: Постановление Правительства Самарской области от 05.05.2012 г. № 243 Приложения постановление правительства Самарской области от 11 декабря 2014 г. № 775","votes":0,"styleName":"okn_point_federal"},"id":9461790},{"type":"Feature","geometry":{"type":"Point","coordinates":[50.1054977846,53.1937772927]},"properties":{"name":"Дом Петровой, 1880-1890-е годы  уточненное наименование Дом, в котором с 16 октября 1902 года по конец сентября 1903 г. жили М.А. и М.И. Ульяновы","description":"Регистрационный номер в реестре: <br\/>Вид объекта: памятник истории<br\/>Категория: Федерального значения <br\/>Время создания объекта: 1880-1890-е гг. 16 октября 1902 г.<br\/>Адрес: ул. Самарская, 126 (2-х эт. дом во дворе), литера Б<br\/>Документ принятия на охрану: Р.ОИ от 19.11.66 г. № 617   Указ Президента РФ от 20.02.1995 г. № 176<br\/>Границы территории: Постановление ПСО №243 от 05.05.20-12 : Приказ УГООКН №209 от 29.04.2016<br\/>Зона Охраны: ","votes":0,"styleName":"okn_point_regional"},"id":9461809},{"type":"Feature","geometry":{"type":"Point","coordinates":[50.109115462,53.197176457]},"properties":{"name":"Усадьба А.У.Зеленко","description":"Регистрационный номер в реестре: 631811314090005<br\/>Вид объекта: Памятник архитектуры<br\/>Категория: Регионального значения<br\/>Время создания объекта: 1900-1911 гг.<br\/>Адрес: ул. Самарская, 179, литера Б<br\/>Документ принятия на охрану: Приказ Управления от 14.02.2018 №20<br\/>Границы территории: Приказ Управления от 14.02.2018 №20<br\/>Зона Охраны: ","resource":"","image":"","audio":"","video":"","votes":0,"reestrId":"","styleName":"okn_point_regional"},"id":9461870},{"type":"Feature","geometry":{"type":"Point","coordinates":[50.1116899089,53.199311491]},"properties":{"name":"Усадьба потомственного почетного гражданина города купца И.Л. Санина (ансамбль): комплекс каменных с подвалом торговых лавок; здание бесплатной столовой имени старообрядцев Ивана и Марии Саниных с приютом для бедных","description":"Регистрационный номер в реестре: 631721313250005<br\/>Вид объекта: ансамбль градостроительства и архитектуры<br\/>Категория: Регионального значения<br\/>Время создания объекта: 1902-1909гг, 1900г.<br\/>Адрес: ул. Самарская, 201-203\/ ул. Ярмарочная, 17, литеры А, В<br\/>Документ принятия на охрану: Постановление Правительства Самарской области от 29.12.2014  № 853<br\/>Границы территории: Приказ УГООКН 129 от 02.12.2016 г<br\/>Зона Охраны: ","resource":"","image":"","audio":"","video":"","votes":0,"reestrId":"","styleName":"okn_point_regional"},"id":9461871},{"type":"Feature","geometry":{"type":"Point","coordinates":[50.1009526708,53.1857054943]},"properties":{"name":"Усадьба купчихи М.М. Дьяковой","description":"Регистрационный номер в реестре: 631721291840005<br\/>Вид объекта: ансамбль градостроительства и архитектуры<br\/>Категория: Регионального значения<br\/>Время создания объекта: 1898-1902гг 1930-надстройка<br\/>Адрес: ул. Самарская, 61\/ул. Ленинградская, 76, литеры Ж, А<br\/>Документ принятия на охрану: Постановление Правительства Самарской области от 29.12.2014  № 853<br\/>Границы территории: <br\/>Зона Охраны: ","votes":0,"styleName":"okn_point_regional"},"id":9461872},{"type":"Feature","geometry":{"type":"Point","coordinates":[50.1105301966,53.1861833641]},"properties":{"name":"Административное здание Самаро-Златоустовской железной дороги","description":"Регистрационный номер в реестре: 631711080340005<br\/>Вид объекта: Памятник архитектуры<br\/>Категория: Регионального значения <br\/>Время создания объекта: 1896 г.<br\/>Адрес: ул. Арцыбушевская, 5а, литеры А, А1, А4<br\/>Документ принятия на охрану: Приказ Управления УГООКН от 27.02.2017 №21<br\/>Границы территории: Приказ Управления УГООКН от 27.02.2017 №21<br\/>Зона Охраны: ","votes":0,"styleName":"okn_point_regional"},"id":9461873},{"type":"Feature","geometry":{"type":"Point","coordinates":[50.1034116405,53.1896822427]},"properties":{"name":"Доходный дом с торговыми помещениями на участке Г.В. Коновалова","description":"Регистрационный номер в реестре: 631710765570005<br\/>Вид объекта: памятник архитектуры<br\/>Категория: Регионального значения<br\/>Время создания объекта: 1902г. и 1915 г.<br\/>Адрес: ул. Самарская, 99\/ ул. Льва Толстого, 77, литеры А,А1,А2<br\/>Документ принятия на охрану: Постановление Правительства Самарской области от 25.11.2014 № 721<br\/>Границы территории: <br\/>Зона Охраны: ","resource":"","image":"","audio":"","video":"","votes":0,"reestrId":"","styleName":"okn_point_regional"},"id":9461874},{"type":"Feature","geometry":{"type":"Point","coordinates":[50.1039115218,53.1917949166]},"properties":{"name":"Жилой дом  Жилой дом С.П. Суховского","description":"Регистрационный номер в реестре: 631710756790005<br\/>Вид объекта: памятник архитектуры<br\/>Категория: Регионального значения<br\/>Время создания объекта: 1900 г.<br\/>Адрес: ул. Самарская, 100<br\/>Документ принятия на охрану: Р.ОИ от 06.05.87 г. № 165<br\/>Границы территории: <br\/>Зона Охраны: ","votes":0,"styleName":"okn_point_regional"},"id":9461875},{"type":"Feature","geometry":{"type":"Point","coordinates":[50.0980456397,53.1825862831]},"properties":{"name":"Дом Степанова В.А.- Леплинской Р.В.","description":"Регистрационный номер в реестре: 631610641240005<br\/>Вид объекта: памятник градостроительства и архитектуры<br\/>Категория: Регионального значения<br\/>Время создания объекта: 1903-1915 гг.<br\/>Адрес: ул. Самарская, 24\/ул. Венцека, 79, литеры Б,б<br\/>Документ принятия на охрану: Постановление Правительства Самарской области от 29.12.2014 № 853<br\/>Границы территории: <br\/>Зона Охраны: ","votes":0,"styleName":"okn_point_regional"},"id":9461876},{"type":"Feature","geometry":{"type":"Point","coordinates":[50.1006224072,53.1866529265]},"properties":{"name":"Городская усадьба купца Ф.П.Казакова \u2013 купцов Маликовых \u2013 мещанина П.П.Смирнова","description":"Регистрационный номер в реестре: 631610638500005<br\/>Вид объекта: ансамбль архитектуры<br\/>Категория: Регионального значения<br\/>Время создания объекта: 1881г., 1884г., 1889г., 1909г., 1912-1917 гг.<br\/>Адрес: ул.Самарская, 40-42 \/ ул.Высоцкого, 10, литеры А,А1,А2,А3,А4, Б, В,В1, Г<br\/>Документ принятия на охрану: Постановление Правительства Самарской области от 25.11.2014  № 721<br\/>Границы территории: Приказ министерства культуры Самарской области от 6.06.2012 г. № 8 <br\/>Зона Охраны: Приказ министерства культуры Самарской области от 6.06.2012 г. № 8 ","votes":0,"styleName":"okn_point_regional"},"id":9461877},{"type":"Feature","geometry":{"type":"Point","coordinates":[50.1126889269,53.2009706728]},"properties":{"name":"Бюст дважды Героя Социалистического Труда  Устинова Дмитрия Федерального значенияоровича","description":"Регистрационный номер в реестре: 631610638490005<br\/>Вид объекта: памятник истории<br\/>Категория: Регионального значения<br\/>Время создания объекта: 1977г.<br\/>Адрес: Самарская площадь<br\/>Документ принятия на охрану: Р.ОИ  от 15.05.81 г. № 22<br\/>Границы территории: <br\/>Зона Охраны: Приказ УГООКН от 02.12.2016 № 127","resource":"","image":"","audio":"","video":"","votes":0,"reestrId":"","styleName":"okn_point_regional"},"id":9461878},{"type":"Feature","geometry":{"type":"Point","coordinates":[50.160187882,53.1916408191]},"properties":{"name":"Братская могила, в которой захоронены советские воины, умершие от ран в госпиталях г.Куйбышева в годы Великой Отечественной Войны","description":"Регистрационный номер в реестре: 631610633200005<br\/>Вид объекта: памятник истории<br\/>Категория: Регионального значения<br\/>Время создания объекта: <br\/>Адрес: Железнодорожный район Городское кладбище <br\/>Документ принятия на охрану: Р.ОИ от 15.05.81 г. № 22<br\/>Границы территории: <br\/>Зона Охраны: ","resource":"","image":"","audio":"","video":"","votes":0,"reestrId":"","styleName":"okn_point_regional"},"id":9461879},{"type":"Feature","geometry":{"type":"Point","coordinates":[50.1609816148,53.1912357682]},"properties":{"name":"Могила архитектора А.А.Щербачева ","description":"Регистрационный номер в реестре: 631610633180005<br\/>Вид объекта: памятник истории<br\/>Категория: Регионального значения<br\/>Время создания объекта: <br\/>Адрес: Старое городское кладбище <br\/>Документ принятия на охрану: Р.ОИ от 06.05.87 г. № 165<br\/>Границы территории: <br\/>Зона Охраны: ","resource":"","image":"","audio":"","video":"","votes":0,"reestrId":"","styleName":"okn_point_regional"},"id":9461880},{"type":"Feature","geometry":{"type":"Point","coordinates":[50.0993029057,53.1999038327]},"properties":{"name":"Могила историка и общественного деятеля П.В.Алабина ","description":"Регистрационный номер в реестре: 631610632970005<br\/>Вид объекта: памятник истории<br\/>Категория: Регионального значения<br\/>Время создания объекта: 1824-1896 г.<br\/>Адрес: сквер Рабочего городка<br\/>Документ принятия на охрану: Р.ОИ от 06.05.87 г. № 165<br\/>Границы территории: <br\/>Зона Охраны: ","resource":"","image":"","audio":"","video":"","votes":0,"reestrId":"","styleName":"okn_point_regional"},"id":9461881},{"type":"Feature","geometry":{"type":"Point","coordinates":[50.1062482432,53.1947755486]},"properties":{"name":"Дом Гринберга.","description":"Регистрационный номер в реестре: 631510303440005<br\/>Вид объекта: памятник архитект\/уры<br\/>Категория: Регионального значения<br\/>Время создания объекта: 1903 г.<br\/>Адрес: ул. Самарская, 138 <br\/>Документ принятия на охрану: Р.ОИ от 06.05.87 г. № 165<br\/>Границы территории: Приказ министерства культуры Самарской области от 6.06.2012 г. № 8 Приказ УГООКН 30 от 06.04.2016 <br\/>Зона Охраны: Приказ министерства культуры Самарской области от 6.06.2012 г. № 8 Приказ УГООКН 30 от 06.04.2016 ","resource":"","image":"","audio":"","video":"","votes":0,"reestrId":"","styleName":"okn_point_regional"},"id":9461882},{"type":"Feature","geometry":{"type":"Point","coordinates":[50.1032390499,53.1888847713]},"properties":{"name":"Здание бывшего ресторана «Аквариум», где в марте-ноябре 1917 г. размещался Самарский комитет большевиков, а в сентябре 1922 года создана первая в области пионерская дружина.","description":"Регистрационный номер в реестре: 631510281810005<br\/>Вид объекта: памятник истории<br\/>Категория: Регионального значения<br\/>Время создания объекта: 1914-1917, 1922 гг.<br\/>Адрес: ул. Самарская, 95<br\/>Документ принятия на охрану: Р.ОИ от 15.05.81 г. № 22 <br\/>Границы территории: Приказ министерства культуры Самарской области от 6.06.2012 г. № 8 <br\/>Зона Охраны: Приказ министерства культуры Самарской области от 6.06.2012 г. № 8 ","resource":"","image":"","audio":"","video":"","votes":0,"reestrId":"","styleName":"okn_point_regional"},"id":9461883},{"type":"Feature","geometry":{"type":"Point","coordinates":[50.1156176903,53.2014172031]},"properties":{"name":"Жилой дом  уточненное наименование: Дом М.Д. Маштакова","description":"Регистрационный номер в реестре: 631510267950005<br\/>Вид объекта: памятник архитектуры<br\/>Категория: Регионального значения<br\/>Время создания объекта: вторая половина XIX века<br\/>Адрес: ул. Самарская, 207<br\/>Документ принятия на охрану: Постанов. Главы адм-ции Сам.обл. от 23.03.92 г.№ 77<br\/>Границы территории: Приказ УГООКН №12 от 23.10.2015<br\/>Зона Охраны: Приказ УГООКН №12 от 23.10.2015","votes":0,"styleName":"okn_point_regional"},"id":9461884},{"type":"Feature","geometry":{"type":"Point","coordinates":[50.1087956832,53.1972900506]},"properties":{"name":"Особняк А.У.Зеленко  Уточненное наименование: Особняк А.У. Зеленко,  арх. А.У. Зеленко ","description":"Регистрационный номер в реестре: 631410177220005<br\/>Вид объекта: памятник архитектуры<br\/>Категория: Регионального значения<br\/>Время создания объекта: 1903 г.<br\/>Адрес: ул. Самарская, 179, литера А<br\/>Документ принятия на охрану: Р.ОИ от 06.05.87 г. № 165  Приказ МК СО от 14.07.2014 № 42 (об уточнении данных<br\/>Границы территории: Приказ министерства культуры Самарской области от 16.12.2014 г. № 81 <br\/>Зона Охраны: Приказ министерства культуры Самарской области от 16.12.2014 г. № 81 ","resource":"","image":"","audio":"","video":"","votes":0,"reestrId":"","styleName":"okn_point_regional"},"id":9461886},{"type":"Feature","geometry":{"type":"Point","coordinates":[50.1105717236,53.1995337745]},"properties":{"name":"Жилой дом  Уточненное наименование:  Дом жилой","description":"Регистрационный номер в реестре: 631410078550005 Приказ МКРФ №90-р от 19.05.2015<br\/>Вид объекта: памятник архитектуры<br\/>Категория: Регионального значения<br\/>Время создания объекта: конец ХIХ в.<br\/>Адрес: ул. Самарская, 182, литера А<br\/>Документ принятия на охрану: Р.ОИ от 06.05.87 г. № 165  Приказ МК СО от 14.07.2014 № 42 (об уточнении данных<br\/>Границы территории: Приказ министерства культуры Самарской области от 16.12.2014 г. № 81 <br\/>Зона Охраны: Приказ министерства культуры Самарской области от 16.12.2014 г. № 81 ","votes":0,"styleName":"okn_point_regional"},"id":9461887},{"type":"Feature","geometry":{"type":"Point","coordinates":[50.1149793473,53.2008808765]},"properties":{"name":"Энергетический техникум","description":"Регистрационный номер в реестре: <br\/>Вид объекта: памятник архитектуры<br\/>Категория: Регионального значения<br\/>Время создания объекта: 1930-1950 гг.<br\/>Адрес: ул. Самарская, 205А сквозная на ул. Садовая, 214а<br\/>Документ принятия на охрану: Р.ОИ от 06.05.87 г. № 165  Приказ Министерства культуры Самарской области от 03.04.2015 № 24<br\/>Границы территории: приказ УГООКН от 14.05.2018 №45<br\/>Зона Охраны: приказ УГООКН от 14.05.2018 №45","resource":"","image":"","audio":"","video":"","votes":0,"reestrId":"","styleName":"okn_point_regional"},"id":9461888},{"type":"Feature","geometry":{"type":"Point","coordinates":[50.1043253199,53.1908763277]},"properties":{"name":"Городская усадьба М.Т. Башева","description":"Регистрационный номер в реестре: <br\/>Вид объекта: памятник градостроительства и архитектуры<br\/>Категория: Регионального значения<br\/>Время создания объекта: 1898-1902 гг.<br\/>Адрес: ул. Самарская, 109, литеры А, К<br\/>Документ принятия на охрану: Постановление Правительства Самарской области от 29.12.2014  № 853  Приказ УГООКН  от 29.07.2016 №80<br\/>Границы территории: Приказ УГООКН №26 от 11.12.15 <br\/>Зона Охраны: Приказ УГООКН №26 от 11.12.15 ","votes":0,"styleName":"okn_point_regional"},"id":9461890},{"type":"Feature","geometry":{"type":"Point","coordinates":[50.1067900438,53.1945724094]},"properties":{"name":"Школа № 25.  Модерн.","description":"Регистрационный номер в реестре: <br\/>Вид объекта: памятник архитектуры<br\/>Категория: Регионального значения<br\/>Время создания объекта: 1900 г.<br\/>Адрес: ул. Самарская, 153<br\/>Документ принятия на охрану: Р.ОИ от 19.11.66 г. № 617<br\/>Границы территории: Приказ министерства культуры Самарской области от 6.06.2012 г. № 8  Приказ УГООКН 30 от 06.04.2016<br\/>Зона Охраны: Приказ министерства культуры Самарской области от 6.06.2012 г. № 8 Приказ УГООКН 30 от 06.04.2016 ","votes":0,"styleName":"okn_point_regional"},"id":9461891}]}